/cpfs01/projects-HDD/cfff-4a8d9af84f66_HDD/yinzunyi/py3.9/lib/python3.9/site-packages/xarray/core/concat.py:527: FutureWarning: unique with argument that is not not a Series, Index, ExtensionArray, or np.ndarray is deprecated and will raise in a future version.
  common_dims = tuple(pd.unique([d for v in vars for d in v.dims]))
/cpfs01/projects-HDD/cfff-4a8d9af84f66_HDD/public/ShiXiSheng/yzy/precipitation_downscaling-bing_issue09_bias_correction/models/network_unet.py:217: UserWarning: nn.init.xavier_uniform is now deprecated in favor of nn.init.xavier_uniform_.
  torch.nn.init.xavier_uniform(self.output.weight)
wandb: Tracking run with wandb version 0.13.2
wandb: W&B syncing is set to `offline` in this directory.  
wandb: Run `wandb online` or set WANDB_MODE=online to enable cloud syncing.
/cpfs01/projects-HDD/cfff-4a8d9af84f66_HDD/public/ShiXiSheng/yzy/precipitation_downscaling-bing_issue09_bias_correction/train_scripts/wgan_train.py:33: UserWarning: To copy construct from a tensor, it is recommended to use sourceTensor.clone().detach() or sourceTensor.clone().detach().requires_grad_(True), rather than torch.tensor(sourceTensor).
  weights = torch.tensor(y_true,requires_grad=False) #
The patch size for prepitation is 16
K 值是多少让我看看： 0.008
self.prcp_indexes: [4, 5, 9]
Going to open the following files: /cpfs01/projects-HDD/cfff-4a8d9af84f66_HDD/public/ShiXiSheng/yzy/downscaling_precipitation/precip_dataset_new/train
Going to open the following files: [PosixPath('/cpfs01/projects-HDD/cfff-4a8d9af84f66_HDD/public/ShiXiSheng/yzy/downscaling_precipitation/precip_dataset_new/train/preproc_ifs_radklim_2016-01.nc'), PosixPath('/cpfs01/projects-HDD/cfff-4a8d9af84f66_HDD/public/ShiXiSheng/yzy/downscaling_precipitation/precip_dataset_new/train/preproc_ifs_radklim_2016-02.nc'), PosixPath('/cpfs01/projects-HDD/cfff-4a8d9af84f66_HDD/public/ShiXiSheng/yzy/downscaling_precipitation/precip_dataset_new/train/preproc_ifs_radklim_2016-03.nc'), PosixPath('/cpfs01/projects-HDD/cfff-4a8d9af84f66_HDD/public/ShiXiSheng/yzy/downscaling_precipitation/precip_dataset_new/train/preproc_ifs_radklim_2016-04.nc'), PosixPath('/cpfs01/projects-HDD/cfff-4a8d9af84f66_HDD/public/ShiXiSheng/yzy/downscaling_precipitation/precip_dataset_new/train/preproc_ifs_radklim_2016-05.nc'), PosixPath('/cpfs01/projects-HDD/cfff-4a8d9af84f66_HDD/public/ShiXiSheng/yzy/downscaling_precipitation/precip_dataset_new/train/preproc_ifs_radklim_2016-06.nc'), PosixPath('/cpfs01/projects-HDD/cfff-4a8d9af84f66_HDD/public/ShiXiSheng/yzy/downscaling_precipitation/precip_dataset_new/train/preproc_ifs_radklim_2016-07.nc'), PosixPath('/cpfs01/projects-HDD/cfff-4a8d9af84f66_HDD/public/ShiXiSheng/yzy/downscaling_precipitation/precip_dataset_new/train/preproc_ifs_radklim_2018-02.nc'), PosixPath('/cpfs01/projects-HDD/cfff-4a8d9af84f66_HDD/public/ShiXiSheng/yzy/downscaling_precipitation/precip_dataset_new/train/preproc_ifs_radklim_2018-03.nc'), PosixPath('/cpfs01/projects-HDD/cfff-4a8d9af84f66_HDD/public/ShiXiSheng/yzy/downscaling_precipitation/precip_dataset_new/train/preproc_ifs_radklim_2018-04.nc'), PosixPath('/cpfs01/projects-HDD/cfff-4a8d9af84f66_HDD/public/ShiXiSheng/yzy/downscaling_precipitation/precip_dataset_new/train/preproc_ifs_radklim_2018-05.nc'), PosixPath('/cpfs01/projects-HDD/cfff-4a8d9af84f66_HDD/public/ShiXiSheng/yzy/downscaling_precipitation/precip_dataset_new/train/preproc_ifs_radklim_2018-06.nc'), PosixPath('/cpfs01/projects-HDD/cfff-4a8d9af84f66_HDD/public/ShiXiSheng/yzy/downscaling_precipitation/precip_dataset_new/train/preproc_ifs_radklim_2018-07.nc'), PosixPath('/cpfs01/projects-HDD/cfff-4a8d9af84f66_HDD/public/ShiXiSheng/yzy/downscaling_precipitation/precip_dataset_new/train/preproc_ifs_radklim_2018-08.nc'), PosixPath('/cpfs01/projects-HDD/cfff-4a8d9af84f66_HDD/public/ShiXiSheng/yzy/downscaling_precipitation/precip_dataset_new/train/preproc_ifs_radklim_2018-09.nc'), PosixPath('/cpfs01/projects-HDD/cfff-4a8d9af84f66_HDD/public/ShiXiSheng/yzy/downscaling_precipitation/precip_dataset_new/train/preproc_ifs_radklim_2018-10.nc'), PosixPath('/cpfs01/projects-HDD/cfff-4a8d9af84f66_HDD/public/ShiXiSheng/yzy/downscaling_precipitation/precip_dataset_new/train/preproc_ifs_radklim_2018-11.nc'), PosixPath('/cpfs01/projects-HDD/cfff-4a8d9af84f66_HDD/public/ShiXiSheng/yzy/downscaling_precipitation/precip_dataset_new/train/preproc_ifs_radklim_2018-12.nc'), PosixPath('/cpfs01/projects-HDD/cfff-4a8d9af84f66_HDD/public/ShiXiSheng/yzy/downscaling_precipitation/precip_dataset_new/train/preproc_ifs_radklim_2019-01.nc'), PosixPath('/cpfs01/projects-HDD/cfff-4a8d9af84f66_HDD/public/ShiXiSheng/yzy/downscaling_precipitation/precip_dataset_new/train/preproc_ifs_radklim_2019-02.nc'), PosixPath('/cpfs01/projects-HDD/cfff-4a8d9af84f66_HDD/public/ShiXiSheng/yzy/downscaling_precipitation/precip_dataset_new/train/preproc_ifs_radklim_2019-03.nc'), PosixPath('/cpfs01/projects-HDD/cfff-4a8d9af84f66_HDD/public/ShiXiSheng/yzy/downscaling_precipitation/precip_dataset_new/train/preproc_ifs_radklim_2019-05.nc'), PosixPath('/cpfs01/projects-HDD/cfff-4a8d9af84f66_HDD/public/ShiXiSheng/yzy/downscaling_precipitation/precip_dataset_new/train/preproc_ifs_radklim_2019-06.nc'), PosixPath('/cpfs01/projects-HDD/cfff-4a8d9af84f66_HDD/public/ShiXiSheng/yzy/downscaling_precipitation/precip_dataset_new/train/preproc_ifs_radklim_2019-07.nc'), PosixPath('/cpfs01/projects-HDD/cfff-4a8d9af84f66_HDD/public/ShiXiSheng/yzy/downscaling_precipitation/precip_dataset_new/train/preproc_ifs_radklim_2019-08.nc'), PosixPath('/cpfs01/projects-HDD/cfff-4a8d9af84f66_HDD/public/ShiXiSheng/yzy/downscaling_precipitation/precip_dataset_new/train/preproc_ifs_radklim_2019-09.nc'), PosixPath('/cpfs01/projects-HDD/cfff-4a8d9af84f66_HDD/public/ShiXiSheng/yzy/downscaling_precipitation/precip_dataset_new/train/preproc_ifs_radklim_2019-10.nc'), PosixPath('/cpfs01/projects-HDD/cfff-4a8d9af84f66_HDD/public/ShiXiSheng/yzy/downscaling_precipitation/precip_dataset_new/train/preproc_ifs_radklim_2019-11.nc'), PosixPath('/cpfs01/projects-HDD/cfff-4a8d9af84f66_HDD/public/ShiXiSheng/yzy/downscaling_precipitation/precip_dataset_new/train/preproc_ifs_radklim_2019-12.nc')]
Going to open the following files: [PosixPath('/cpfs01/projects-HDD/cfff-4a8d9af84f66_HDD/public/ShiXiSheng/yzy/downscaling_precipitation/precip_dataset_new/train/preproc_ifs_radklim_2016-01.nc'), PosixPath('/cpfs01/projects-HDD/cfff-4a8d9af84f66_HDD/public/ShiXiSheng/yzy/downscaling_precipitation/precip_dataset_new/train/preproc_ifs_radklim_2016-02.nc'), PosixPath('/cpfs01/projects-HDD/cfff-4a8d9af84f66_HDD/public/ShiXiSheng/yzy/downscaling_precipitation/precip_dataset_new/train/preproc_ifs_radklim_2016-03.nc'), PosixPath('/cpfs01/projects-HDD/cfff-4a8d9af84f66_HDD/public/ShiXiSheng/yzy/downscaling_precipitation/precip_dataset_new/train/preproc_ifs_radklim_2016-04.nc'), PosixPath('/cpfs01/projects-HDD/cfff-4a8d9af84f66_HDD/public/ShiXiSheng/yzy/downscaling_precipitation/precip_dataset_new/train/preproc_ifs_radklim_2016-05.nc'), PosixPath('/cpfs01/projects-HDD/cfff-4a8d9af84f66_HDD/public/ShiXiSheng/yzy/downscaling_precipitation/precip_dataset_new/train/preproc_ifs_radklim_2016-06.nc'), PosixPath('/cpfs01/projects-HDD/cfff-4a8d9af84f66_HDD/public/ShiXiSheng/yzy/downscaling_precipitation/precip_dataset_new/train/preproc_ifs_radklim_2016-07.nc'), PosixPath('/cpfs01/projects-HDD/cfff-4a8d9af84f66_HDD/public/ShiXiSheng/yzy/downscaling_precipitation/precip_dataset_new/train/preproc_ifs_radklim_2018-02.nc'), PosixPath('/cpfs01/projects-HDD/cfff-4a8d9af84f66_HDD/public/ShiXiSheng/yzy/downscaling_precipitation/precip_dataset_new/train/preproc_ifs_radklim_2018-03.nc'), PosixPath('/cpfs01/projects-HDD/cfff-4a8d9af84f66_HDD/public/ShiXiSheng/yzy/downscaling_precipitation/precip_dataset_new/train/preproc_ifs_radklim_2018-04.nc'), PosixPath('/cpfs01/projects-HDD/cfff-4a8d9af84f66_HDD/public/ShiXiSheng/yzy/downscaling_precipitation/precip_dataset_new/train/preproc_ifs_radklim_2018-05.nc'), PosixPath('/cpfs01/projects-HDD/cfff-4a8d9af84f66_HDD/public/ShiXiSheng/yzy/downscaling_precipitation/precip_dataset_new/train/preproc_ifs_radklim_2018-06.nc'), PosixPath('/cpfs01/projects-HDD/cfff-4a8d9af84f66_HDD/public/ShiXiSheng/yzy/downscaling_precipitation/precip_dataset_new/train/preproc_ifs_radklim_2018-07.nc'), PosixPath('/cpfs01/projects-HDD/cfff-4a8d9af84f66_HDD/public/ShiXiSheng/yzy/downscaling_precipitation/precip_dataset_new/train/preproc_ifs_radklim_2018-08.nc'), PosixPath('/cpfs01/projects-HDD/cfff-4a8d9af84f66_HDD/public/ShiXiSheng/yzy/downscaling_precipitation/precip_dataset_new/train/preproc_ifs_radklim_2018-09.nc'), PosixPath('/cpfs01/projects-HDD/cfff-4a8d9af84f66_HDD/public/ShiXiSheng/yzy/downscaling_precipitation/precip_dataset_new/train/preproc_ifs_radklim_2018-10.nc'), PosixPath('/cpfs01/projects-HDD/cfff-4a8d9af84f66_HDD/public/ShiXiSheng/yzy/downscaling_precipitation/precip_dataset_new/train/preproc_ifs_radklim_2018-11.nc'), PosixPath('/cpfs01/projects-HDD/cfff-4a8d9af84f66_HDD/public/ShiXiSheng/yzy/downscaling_precipitation/precip_dataset_new/train/preproc_ifs_radklim_2018-12.nc'), PosixPath('/cpfs01/projects-HDD/cfff-4a8d9af84f66_HDD/public/ShiXiSheng/yzy/downscaling_precipitation/precip_dataset_new/train/preproc_ifs_radklim_2019-01.nc'), PosixPath('/cpfs01/projects-HDD/cfff-4a8d9af84f66_HDD/public/ShiXiSheng/yzy/downscaling_precipitation/precip_dataset_new/train/preproc_ifs_radklim_2019-02.nc'), PosixPath('/cpfs01/projects-HDD/cfff-4a8d9af84f66_HDD/public/ShiXiSheng/yzy/downscaling_precipitation/precip_dataset_new/train/preproc_ifs_radklim_2019-03.nc'), PosixPath('/cpfs01/projects-HDD/cfff-4a8d9af84f66_HDD/public/ShiXiSheng/yzy/downscaling_precipitation/precip_dataset_new/train/preproc_ifs_radklim_2019-05.nc'), PosixPath('/cpfs01/projects-HDD/cfff-4a8d9af84f66_HDD/public/ShiXiSheng/yzy/downscaling_precipitation/precip_dataset_new/train/preproc_ifs_radklim_2019-06.nc'), PosixPath('/cpfs01/projects-HDD/cfff-4a8d9af84f66_HDD/public/ShiXiSheng/yzy/downscaling_precipitation/precip_dataset_new/train/preproc_ifs_radklim_2019-07.nc'), PosixPath('/cpfs01/projects-HDD/cfff-4a8d9af84f66_HDD/public/ShiXiSheng/yzy/downscaling_precipitation/precip_dataset_new/train/preproc_ifs_radklim_2019-08.nc'), PosixPath('/cpfs01/projects-HDD/cfff-4a8d9af84f66_HDD/public/ShiXiSheng/yzy/downscaling_precipitation/precip_dataset_new/train/preproc_ifs_radklim_2019-09.nc'), PosixPath('/cpfs01/projects-HDD/cfff-4a8d9af84f66_HDD/public/ShiXiSheng/yzy/downscaling_precipitation/precip_dataset_new/train/preproc_ifs_radklim_2019-10.nc'), PosixPath('/cpfs01/projects-HDD/cfff-4a8d9af84f66_HDD/public/ShiXiSheng/yzy/downscaling_precipitation/precip_dataset_new/train/preproc_ifs_radklim_2019-11.nc'), PosixPath('/cpfs01/projects-HDD/cfff-4a8d9af84f66_HDD/public/ShiXiSheng/yzy/downscaling_precipitation/precip_dataset_new/train/preproc_ifs_radklim_2019-12.nc')]
Loading data from the file: [PosixPath('/cpfs01/projects-HDD/cfff-4a8d9af84f66_HDD/public/ShiXiSheng/yzy/downscaling_precipitation/precip_dataset_new/train/preproc_ifs_radklim_2016-01.nc'), PosixPath('/cpfs01/projects-HDD/cfff-4a8d9af84f66_HDD/public/ShiXiSheng/yzy/downscaling_precipitation/precip_dataset_new/train/preproc_ifs_radklim_2016-02.nc'), PosixPath('/cpfs01/projects-HDD/cfff-4a8d9af84f66_HDD/public/ShiXiSheng/yzy/downscaling_precipitation/precip_dataset_new/train/preproc_ifs_radklim_2016-03.nc'), PosixPath('/cpfs01/projects-HDD/cfff-4a8d9af84f66_HDD/public/ShiXiSheng/yzy/downscaling_precipitation/precip_dataset_new/train/preproc_ifs_radklim_2016-04.nc'), PosixPath('/cpfs01/projects-HDD/cfff-4a8d9af84f66_HDD/public/ShiXiSheng/yzy/downscaling_precipitation/precip_dataset_new/train/preproc_ifs_radklim_2016-05.nc'), PosixPath('/cpfs01/projects-HDD/cfff-4a8d9af84f66_HDD/public/ShiXiSheng/yzy/downscaling_precipitation/precip_dataset_new/train/preproc_ifs_radklim_2016-06.nc'), PosixPath('/cpfs01/projects-HDD/cfff-4a8d9af84f66_HDD/public/ShiXiSheng/yzy/downscaling_precipitation/precip_dataset_new/train/preproc_ifs_radklim_2016-07.nc'), PosixPath('/cpfs01/projects-HDD/cfff-4a8d9af84f66_HDD/public/ShiXiSheng/yzy/downscaling_precipitation/precip_dataset_new/train/preproc_ifs_radklim_2018-02.nc'), PosixPath('/cpfs01/projects-HDD/cfff-4a8d9af84f66_HDD/public/ShiXiSheng/yzy/downscaling_precipitation/precip_dataset_new/train/preproc_ifs_radklim_2018-03.nc'), PosixPath('/cpfs01/projects-HDD/cfff-4a8d9af84f66_HDD/public/ShiXiSheng/yzy/downscaling_precipitation/precip_dataset_new/train/preproc_ifs_radklim_2018-04.nc'), PosixPath('/cpfs01/projects-HDD/cfff-4a8d9af84f66_HDD/public/ShiXiSheng/yzy/downscaling_precipitation/precip_dataset_new/train/preproc_ifs_radklim_2018-05.nc'), PosixPath('/cpfs01/projects-HDD/cfff-4a8d9af84f66_HDD/public/ShiXiSheng/yzy/downscaling_precipitation/precip_dataset_new/train/preproc_ifs_radklim_2018-06.nc'), PosixPath('/cpfs01/projects-HDD/cfff-4a8d9af84f66_HDD/public/ShiXiSheng/yzy/downscaling_precipitation/precip_dataset_new/train/preproc_ifs_radklim_2018-07.nc'), PosixPath('/cpfs01/projects-HDD/cfff-4a8d9af84f66_HDD/public/ShiXiSheng/yzy/downscaling_precipitation/precip_dataset_new/train/preproc_ifs_radklim_2018-08.nc'), PosixPath('/cpfs01/projects-HDD/cfff-4a8d9af84f66_HDD/public/ShiXiSheng/yzy/downscaling_precipitation/precip_dataset_new/train/preproc_ifs_radklim_2018-09.nc'), PosixPath('/cpfs01/projects-HDD/cfff-4a8d9af84f66_HDD/public/ShiXiSheng/yzy/downscaling_precipitation/precip_dataset_new/train/preproc_ifs_radklim_2018-10.nc'), PosixPath('/cpfs01/projects-HDD/cfff-4a8d9af84f66_HDD/public/ShiXiSheng/yzy/downscaling_precipitation/precip_dataset_new/train/preproc_ifs_radklim_2018-11.nc'), PosixPath('/cpfs01/projects-HDD/cfff-4a8d9af84f66_HDD/public/ShiXiSheng/yzy/downscaling_precipitation/precip_dataset_new/train/preproc_ifs_radklim_2018-12.nc'), PosixPath('/cpfs01/projects-HDD/cfff-4a8d9af84f66_HDD/public/ShiXiSheng/yzy/downscaling_precipitation/precip_dataset_new/train/preproc_ifs_radklim_2019-01.nc'), PosixPath('/cpfs01/projects-HDD/cfff-4a8d9af84f66_HDD/public/ShiXiSheng/yzy/downscaling_precipitation/precip_dataset_new/train/preproc_ifs_radklim_2019-02.nc'), PosixPath('/cpfs01/projects-HDD/cfff-4a8d9af84f66_HDD/public/ShiXiSheng/yzy/downscaling_precipitation/precip_dataset_new/train/preproc_ifs_radklim_2019-03.nc'), PosixPath('/cpfs01/projects-HDD/cfff-4a8d9af84f66_HDD/public/ShiXiSheng/yzy/downscaling_precipitation/precip_dataset_new/train/preproc_ifs_radklim_2019-05.nc'), PosixPath('/cpfs01/projects-HDD/cfff-4a8d9af84f66_HDD/public/ShiXiSheng/yzy/downscaling_precipitation/precip_dataset_new/train/preproc_ifs_radklim_2019-06.nc'), PosixPath('/cpfs01/projects-HDD/cfff-4a8d9af84f66_HDD/public/ShiXiSheng/yzy/downscaling_precipitation/precip_dataset_new/train/preproc_ifs_radklim_2019-07.nc'), PosixPath('/cpfs01/projects-HDD/cfff-4a8d9af84f66_HDD/public/ShiXiSheng/yzy/downscaling_precipitation/precip_dataset_new/train/preproc_ifs_radklim_2019-08.nc'), PosixPath('/cpfs01/projects-HDD/cfff-4a8d9af84f66_HDD/public/ShiXiSheng/yzy/downscaling_precipitation/precip_dataset_new/train/preproc_ifs_radklim_2019-09.nc'), PosixPath('/cpfs01/projects-HDD/cfff-4a8d9af84f66_HDD/public/ShiXiSheng/yzy/downscaling_precipitation/precip_dataset_new/train/preproc_ifs_radklim_2019-10.nc'), PosixPath('/cpfs01/projects-HDD/cfff-4a8d9af84f66_HDD/public/ShiXiSheng/yzy/downscaling_precipitation/precip_dataset_new/train/preproc_ifs_radklim_2019-11.nc'), PosixPath('/cpfs01/projects-HDD/cfff-4a8d9af84f66_HDD/public/ShiXiSheng/yzy/downscaling_precipitation/precip_dataset_new/train/preproc_ifs_radklim_2019-12.nc')]
There is done
num_patches_images are 7 5
pre indexes are [4, 5, 9]
no nan idx 25397
There are No. 25397 patches out of 739865 without Nan Values 
Minimum value of tp in vars_in_patches(having log): 0.0
Maximum value of tp in vars_in_patches(having log): 8.18589973449707
Distribution of tp in different rainfall intervals:
-0.1 to 0.1: 25.75%
0.1 to 2: 71.33%
2 to 4: 2.50%
4 to 8: 0.37%
8 to 20: 0.04%
20 to 30: 0.00%
30 to inf: 0.00%
Distribution of tp in vars_out_orig_patches in different rainfall intervals:
-0.1 to 0.1: 60.60%
0.1 to 2: 34.94%
2 to 4: 3.47%
4 to 8: 0.89%
8 to 20: 0.11%
20 to 30: 0.00%
30 to inf: 0.00%
self.times_patches_list: tensor([[2016,    1,    2,    6],
        [2016,    1,    2,    7],
        [2016,    1,    2,    8],
        ...,
        [2019,   12,   30,    4],
        [2019,   12,   30,    4],
        [2019,   12,   30,    4]], device='cpu', dtype=torch.int32)
save stats
i tensor(-4.5178e-13, device='cpu')
save stats
i tensor(-2.1600e-16, device='cpu')
save stats
i tensor(82071.3359, device='cpu')
save stats
i tensor(1.6654, device='cpu')
save stats
i tensor(0., device='cpu')
save stats
i tensor(0., device='cpu')
save stats
i tensor(-1.8591e-09, device='cpu')
save stats
i tensor(-23.0063, device='cpu')
save stats
i tensor(-35.2889, device='cpu')
save stats
i tensor(0., device='cpu')
The statistic has been stored to the json file:  /cpfs01/projects-HDD/cfff-4a8d9af84f66_HDD/public/ShiXiSheng/yzy/downscaling_precipitation/precip_dataset_new/train/statistics.json
The total number of samples after filtering NaN and zeros values: 25397
Shuffling the index ....
idx_perm [11676 15961  6877 ...  7812 18002 16014]
K 值是多少让我看看： 0.008
self.prcp_indexes: [4, 5, 9]
Going to open the following files: /cpfs01/projects-HDD/cfff-4a8d9af84f66_HDD/public/ShiXiSheng/yzy/downscaling_precipitation/precip_dataset_new/val
Going to open the following files: [PosixPath('/cpfs01/projects-HDD/cfff-4a8d9af84f66_HDD/public/ShiXiSheng/yzy/downscaling_precipitation/precip_dataset_new/val/2017-01/preproc_ifs_radklim_2017-01.nc')]
Going to open the following files: [PosixPath('/cpfs01/projects-HDD/cfff-4a8d9af84f66_HDD/public/ShiXiSheng/yzy/downscaling_precipitation/precip_dataset_new/val/2017-01/preproc_ifs_radklim_2017-01.nc')]
Loading data from the file: [PosixPath('/cpfs01/projects-HDD/cfff-4a8d9af84f66_HDD/public/ShiXiSheng/yzy/downscaling_precipitation/precip_dataset_new/val/2017-01/preproc_ifs_radklim_2017-01.nc')]
There is done
num_patches_images are 7 5
pre indexes are [4, 5, 9]
no nan idx 1421
There are No. 1421 patches out of 26005 without Nan Values 
Minimum value of tp in vars_in_patches(having log): 0.0
Maximum value of tp in vars_in_patches(having log): 6.580108642578125
Distribution of tp in different rainfall intervals:
-0.1 to 0.1: 27.75%
0.1 to 2: 71.33%
2 to 4: 0.89%
4 to 8: 0.03%
8 to 20: 0.00%
20 to 30: 0.00%
30 to inf: 0.00%
Distribution of tp in vars_out_orig_patches in different rainfall intervals:
-0.1 to 0.1: 62.89%
0.1 to 2: 35.08%
2 to 4: 1.83%
4 to 8: 0.19%
8 to 20: 0.00%
20 to 30: 0.00%
30 to inf: 0.00%
self.times_patches_list: tensor([[2017,    1,    1,   17],
        [2017,    1,    1,   17],
        [2017,    1,    1,   18],
        ...,
        [2017,    2,    1,    0],
        [2017,    2,    1,    1],
        [2017,    2,    1,    2]], device='cpu', dtype=torch.int32)
Loading the stats file: /cpfs01/projects-HDD/cfff-4a8d9af84f66_HDD/public/ShiXiSheng/yzy/downscaling_precipitation/precip_dataset_new/train/statistics.json
The total number of samples after filtering NaN and zeros values: 1421
The model wgan is selected for training
i 0
i 1
i 2
i 3
i 4
i 5
i 6
i 0
i 0
i 0
Total trainalbe parameters of the generator: 3706049
Total trainalbe parameters of the critic: 1584641
 size of dataset 25397 batch size 24
 iterations 1058.2083333333333
++++++++++++++++++++++++++++++++
[Epoch 1/100] [Avg D loss: 3.548201] [Avg G loss: 8398.240948] [Avg Rec loss: 8.398447]
[Epoch 1/100] [D Val loss: 1.202091] [G loss: 117.600777] [Rec loss: 4.815724] [LR C: 0.000001] [LR G: 0.000010]
++++++++++++++++++++++++++++++++
++++++++++++++++++++++++++++++++
[Epoch 2/100] [Avg D loss: -0.885974] [Avg G loss: 6116.591607] [Avg Rec loss: 6.116390]
[Epoch 2/100] [D Val loss: 0.695498] [G loss: 92.643913] [Rec loss: 3.945325] [LR C: 0.000001] [LR G: 0.000010]
++++++++++++++++++++++++++++++++
++++++++++++++++++++++++++++++++
[Epoch 3/100] [Avg D loss: -2.017078] [Avg G loss: 4813.281382] [Avg Rec loss: 4.812405]
[Epoch 3/100] [D Val loss: 1.042218] [G loss: 92.792824] [Rec loss: 3.659165] [LR C: 0.000001] [LR G: 0.000010]
++++++++++++++++++++++++++++++++
++++++++++++++++++++++++++++++++
[Epoch 4/100] [Avg D loss: -3.351251] [Avg G loss: 4445.905986] [Avg Rec loss: 4.444327]
[Epoch 4/100] [D Val loss: 1.614503] [G loss: 100.658951] [Rec loss: 3.542201] [LR C: 0.000001] [LR G: 0.000010]
++++++++++++++++++++++++++++++++
++++++++++++++++++++++++++++++++
[Epoch 5/100] [Avg D loss: -4.807662] [Avg G loss: 4074.994701] [Avg Rec loss: 4.072638]
[Epoch 5/100] [D Val loss: 1.985123] [G loss: 101.234200] [Rec loss: 3.246490] [LR C: 0.000001] [LR G: 0.000010]
++++++++++++++++++++++++++++++++
++++++++++++++++++++++++++++++++
[Epoch 6/100] [Avg D loss: -6.280932] [Avg G loss: 3886.457327] [Avg Rec loss: 3.883280]
[Epoch 6/100] [D Val loss: 3.627429] [G loss: 116.814651] [Rec loss: 3.630986] [LR C: 0.000001] [LR G: 0.000010]
++++++++++++++++++++++++++++++++
++++++++++++++++++++++++++++++++
[Epoch 7/100] [Avg D loss: -7.697508] [Avg G loss: 3875.780075] [Avg Rec loss: 3.871846]
[Epoch 7/100] [D Val loss: 2.105393] [G loss: 77.064697] [Rec loss: 3.004094] [LR C: 0.000001] [LR G: 0.000010]
++++++++++++++++++++++++++++++++
++++++++++++++++++++++++++++++++
[Epoch 8/100] [Avg D loss: -9.050457] [Avg G loss: 3580.703607] [Avg Rec loss: 3.576020]
[Epoch 8/100] [D Val loss: 7.378633] [G loss: 115.757591] [Rec loss: 3.820176] [LR C: 0.000001] [LR G: 0.000010]
++++++++++++++++++++++++++++++++
++++++++++++++++++++++++++++++++
[Epoch 9/100] [Avg D loss: -10.491298] [Avg G loss: 3646.814136] [Avg Rec loss: 3.641390]
[Epoch 9/100] [D Val loss: 3.788636] [G loss: 76.458908] [Rec loss: 3.110051] [LR C: 0.000001] [LR G: 0.000010]
++++++++++++++++++++++++++++++++
++++++++++++++++++++++++++++++++
[Epoch 10/100] [Avg D loss: -11.979311] [Avg G loss: 3555.432190] [Avg Rec loss: 3.549229]
[Epoch 10/100] [D Val loss: 6.565591] [G loss: 102.270111] [Rec loss: 3.435848] [LR C: 0.000001] [LR G: 0.000010]
++++++++++++++++++++++++++++++++
++++++++++++++++++++++++++++++++
[Epoch 11/100] [Avg D loss: -13.547577] [Avg G loss: 3495.035822] [Avg Rec loss: 3.487980]
[Epoch 11/100] [D Val loss: 9.740146] [G loss: 139.071732] [Rec loss: 3.809479] [LR C: 0.000001] [LR G: 0.000010]
++++++++++++++++++++++++++++++++
++++++++++++++++++++++++++++++++
[Epoch 12/100] [Avg D loss: -15.153637] [Avg G loss: 3545.033642] [Avg Rec loss: 3.537191]
[Epoch 12/100] [D Val loss: 8.873851] [G loss: 98.952362] [Rec loss: 3.433430] [LR C: 0.000001] [LR G: 0.000010]
++++++++++++++++++++++++++++++++
++++++++++++++++++++++++++++++++
[Epoch 13/100] [Avg D loss: -16.694839] [Avg G loss: 3330.203601] [Avg Rec loss: 3.321605]
[Epoch 13/100] [D Val loss: 16.555576] [G loss: 147.962234] [Rec loss: 4.386390] [LR C: 0.000001] [LR G: 0.000010]
++++++++++++++++++++++++++++++++
++++++++++++++++++++++++++++++++
[Epoch 14/100] [Avg D loss: -18.379283] [Avg G loss: 3449.747131] [Avg Rec loss: 3.440365]
[Epoch 14/100] [D Val loss: 11.315273] [G loss: 89.366051] [Rec loss: 3.400247] [LR C: 0.000001] [LR G: 0.000010]
++++++++++++++++++++++++++++++++
++++++++++++++++++++++++++++++++
[Epoch 15/100] [Avg D loss: -20.070686] [Avg G loss: 3387.116064] [Avg Rec loss: 3.376913]
[Epoch 15/100] [D Val loss: 9.370469] [G loss: 64.812813] [Rec loss: 3.129241] [LR C: 0.000001] [LR G: 0.000010]
++++++++++++++++++++++++++++++++
++++++++++++++++++++++++++++++++
[Epoch 16/100] [Avg D loss: -21.769229] [Avg G loss: 3341.275486] [Avg Rec loss: 3.330183]
[Epoch 16/100] [D Val loss: 14.436256] [G loss: 100.244904] [Rec loss: 3.499991] [LR C: 0.000001] [LR G: 0.000010]
++++++++++++++++++++++++++++++++
++++++++++++++++++++++++++++++++
[Epoch 17/100] [Avg D loss: -23.572972] [Avg G loss: 3397.940697] [Avg Rec loss: 3.385944]
[Epoch 17/100] [D Val loss: 10.824998] [G loss: 83.238831] [Rec loss: 3.282201] [LR C: 0.000001] [LR G: 0.000010]
++++++++++++++++++++++++++++++++
++++++++++++++++++++++++++++++++
[Epoch 18/100] [Avg D loss: -25.342217] [Avg G loss: 3202.635378] [Avg Rec loss: 3.189773]
[Epoch 18/100] [D Val loss: 21.168474] [G loss: 105.750214] [Rec loss: 3.899016] [LR C: 0.000001] [LR G: 0.000010]
++++++++++++++++++++++++++++++++
++++++++++++++++++++++++++++++++
[Epoch 19/100] [Avg D loss: -26.323478] [Avg G loss: 3293.829828] [Avg Rec loss: 3.280573]
[Epoch 19/100] [D Val loss: 14.903923] [G loss: 79.285469] [Rec loss: 3.344400] [LR C: 0.000000] [LR G: 0.000001]
++++++++++++++++++++++++++++++++
++++++++++++++++++++++++++++++++
[Epoch 20/100] [Avg D loss: -26.537472] [Avg G loss: 3231.649236] [Avg Rec loss: 3.218270]
[Epoch 20/100] [D Val loss: 15.729343] [G loss: 75.191574] [Rec loss: 3.367436] [LR C: 0.000000] [LR G: 0.000001]
++++++++++++++++++++++++++++++++
++++++++++++++++++++++++++++++++
[Epoch 21/100] [Avg D loss: -26.680069] [Avg G loss: 3232.056210] [Avg Rec loss: 3.218558]
[Epoch 21/100] [D Val loss: 18.923124] [G loss: 81.729225] [Rec loss: 3.485607] [LR C: 0.000000] [LR G: 0.000001]
++++++++++++++++++++++++++++++++
++++++++++++++++++++++++++++++++
[Epoch 22/100] [Avg D loss: -26.904462] [Avg G loss: 3287.354823] [Avg Rec loss: 3.273747]
[Epoch 22/100] [D Val loss: 18.693984] [G loss: 77.369400] [Rec loss: 3.453869] [LR C: 0.000000] [LR G: 0.000001]
++++++++++++++++++++++++++++++++
++++++++++++++++++++++++++++++++
[Epoch 23/100] [Avg D loss: -27.064942] [Avg G loss: 3110.001597] [Avg Rec loss: 3.096286]
[Epoch 23/100] [D Val loss: 21.066455] [G loss: 91.999428] [Rec loss: 3.779743] [LR C: 0.000000] [LR G: 0.000001]
++++++++++++++++++++++++++++++++
++++++++++++++++++++++++++++++++
[Epoch 24/100] [Avg D loss: -27.247950] [Avg G loss: 3261.520871] [Avg Rec loss: 3.247806]
[Epoch 24/100] [D Val loss: 17.368470] [G loss: 78.817276] [Rec loss: 3.412501] [LR C: 0.000000] [LR G: 0.000001]
++++++++++++++++++++++++++++++++
++++++++++++++++++++++++++++++++
[Epoch 25/100] [Avg D loss: -27.430072] [Avg G loss: 3208.223293] [Avg Rec loss: 3.194409]
[Epoch 25/100] [D Val loss: 16.963909] [G loss: 74.827591] [Rec loss: 3.444170] [LR C: 0.000000] [LR G: 0.000001]
++++++++++++++++++++++++++++++++
++++++++++++++++++++++++++++++++
[Epoch 26/100] [Avg D loss: -27.586302] [Avg G loss: 3209.618383] [Avg Rec loss: 3.195686]
[Epoch 26/100] [D Val loss: 19.340931] [G loss: 81.343697] [Rec loss: 3.531109] [LR C: 0.000000] [LR G: 0.000001]
++++++++++++++++++++++++++++++++
++++++++++++++++++++++++++++++++
[Epoch 27/100] [Avg D loss: -27.808387] [Avg G loss: 3268.346535] [Avg Rec loss: 3.254303]
[Epoch 27/100] [D Val loss: 16.960897] [G loss: 76.681488] [Rec loss: 3.460920] [LR C: 0.000000] [LR G: 0.000001]
++++++++++++++++++++++++++++++++
++++++++++++++++++++++++++++++++
[Epoch 28/100] [Avg D loss: -27.957699] [Avg G loss: 3099.385305] [Avg Rec loss: 3.085236]
[Epoch 28/100] [D Val loss: 26.882350] [G loss: 91.637924] [Rec loss: 3.823228] [LR C: 0.000000] [LR G: 0.000001]
++++++++++++++++++++++++++++++++
++++++++++++++++++++++++++++++++
[Epoch 29/100] [Avg D loss: -28.140376] [Avg G loss: 3245.607072] [Avg Rec loss: 3.231460]
[Epoch 29/100] [D Val loss: 16.909019] [G loss: 78.091469] [Rec loss: 3.428688] [LR C: 0.000000] [LR G: 0.000001]
++++++++++++++++++++++++++++++++
++++++++++++++++++++++++++++++++
[Epoch 30/100] [Avg D loss: -28.268683] [Avg G loss: 3190.234452] [Avg Rec loss: 3.176013]
[Epoch 30/100] [D Val loss: 18.148311] [G loss: 75.193359] [Rec loss: 3.408593] [LR C: 0.000000] [LR G: 0.000000]
++++++++++++++++++++++++++++++++
++++++++++++++++++++++++++++++++
[Epoch 31/100] [Avg D loss: -28.279690] [Avg G loss: 3195.475344] [Avg Rec loss: 3.181189]
[Epoch 31/100] [D Val loss: 17.952954] [G loss: 80.966934] [Rec loss: 3.522662] [LR C: 0.000000] [LR G: 0.000000]
++++++++++++++++++++++++++++++++
++++++++++++++++++++++++++++++++
[Epoch 32/100] [Avg D loss: -28.294096] [Avg G loss: 3256.266888] [Avg Rec loss: 3.241993]
[Epoch 32/100] [D Val loss: 18.989107] [G loss: 76.071793] [Rec loss: 3.451259] [LR C: 0.000000] [LR G: 0.000000]
++++++++++++++++++++++++++++++++
++++++++++++++++++++++++++++++++
[Epoch 33/100] [Avg D loss: -28.289779] [Avg G loss: 3086.562585] [Avg Rec loss: 3.072246]
[Epoch 33/100] [D Val loss: 24.020602] [G loss: 88.796333] [Rec loss: 3.760821] [LR C: 0.000000] [LR G: 0.000000]
++++++++++++++++++++++++++++++++
++++++++++++++++++++++++++++++++
[Epoch 34/100] [Avg D loss: -28.313475] [Avg G loss: 3227.304754] [Avg Rec loss: 3.213077]
[Epoch 34/100] [D Val loss: 20.416351] [G loss: 78.935188] [Rec loss: 3.511445] [LR C: 0.000000] [LR G: 0.000000]
++++++++++++++++++++++++++++++++
++++++++++++++++++++++++++++++++
[Epoch 35/100] [Avg D loss: -28.334236] [Avg G loss: 3186.704109] [Avg Rec loss: 3.172460]
[Epoch 35/100] [D Val loss: 19.123339] [G loss: 76.132515] [Rec loss: 3.483348] [LR C: 0.000000] [LR G: 0.000000]
++++++++++++++++++++++++++++++++
++++++++++++++++++++++++++++++++
[Epoch 36/100] [Avg D loss: -28.343916] [Avg G loss: 3192.525014] [Avg Rec loss: 3.178216]
[Epoch 36/100] [D Val loss: 20.440028] [G loss: 81.470650] [Rec loss: 3.579040] [LR C: 0.000000] [LR G: 0.000000]
++++++++++++++++++++++++++++++++
++++++++++++++++++++++++++++++++
[Epoch 37/100] [Avg D loss: -28.369628] [Avg G loss: 3253.818503] [Avg Rec loss: 3.239518]
[Epoch 37/100] [D Val loss: 19.221347] [G loss: 76.225746] [Rec loss: 3.482422] [LR C: 0.000000] [LR G: 0.000000]
++++++++++++++++++++++++++++++++
++++++++++++++++++++++++++++++++
[Epoch 38/100] [Avg D loss: -28.384971] [Avg G loss: 3084.589116] [Avg Rec loss: 3.070235]
[Epoch 38/100] [D Val loss: 24.736793] [G loss: 88.890488] [Rec loss: 3.791378] [LR C: 0.000000] [LR G: 0.000000]
++++++++++++++++++++++++++++++++
++++++++++++++++++++++++++++++++
[Epoch 39/100] [Avg D loss: -28.394063] [Avg G loss: 3226.357605] [Avg Rec loss: 3.212092]
[Epoch 39/100] [D Val loss: 19.861569] [G loss: 78.834183] [Rec loss: 3.525323] [LR C: 0.000000] [LR G: 0.000000]
++++++++++++++++++++++++++++++++
++++++++++++++++++++++++++++++++
[Epoch 40/100] [Avg D loss: -28.413228] [Avg G loss: 3184.359998] [Avg Rec loss: 3.170076]
[Epoch 40/100] [D Val loss: 17.870435] [G loss: 75.961807] [Rec loss: 3.492302] [LR C: 0.000000] [LR G: 0.000000]
++++++++++++++++++++++++++++++++
++++++++++++++++++++++++++++++++
[Epoch 41/100] [Avg D loss: -28.430136] [Avg G loss: 3190.245404] [Avg Rec loss: 3.175893]
[Epoch 41/100] [D Val loss: 19.896094] [G loss: 81.126991] [Rec loss: 3.584110] [LR C: 0.000000] [LR G: 0.000000]
++++++++++++++++++++++++++++++++
++++++++++++++++++++++++++++++++
[Epoch 42/100] [Avg D loss: -28.454355] [Avg G loss: 3251.910539] [Avg Rec loss: 3.237568]
[Epoch 42/100] [D Val loss: 17.971388] [G loss: 75.985733] [Rec loss: 3.487481] [LR C: 0.000000] [LR G: 0.000000]
++++++++++++++++++++++++++++++++
++++++++++++++++++++++++++++++++
[Epoch 43/100] [Avg D loss: -28.476162] [Avg G loss: 3083.491857] [Avg Rec loss: 3.069091]
[Epoch 43/100] [D Val loss: 25.558831] [G loss: 87.633461] [Rec loss: 3.761746] [LR C: 0.000000] [LR G: 0.000000]
++++++++++++++++++++++++++++++++
++++++++++++++++++++++++++++++++
[Epoch 44/100] [Avg D loss: -28.494184] [Avg G loss: 3224.367496] [Avg Rec loss: 3.210052]
[Epoch 44/100] [D Val loss: 20.016877] [G loss: 78.118645] [Rec loss: 3.510468] [LR C: 0.000000] [LR G: 0.000000]
++++++++++++++++++++++++++++++++
++++++++++++++++++++++++++++++++
[Epoch 45/100] [Avg D loss: -28.513120] [Avg G loss: 3182.069688] [Avg Rec loss: 3.167736]
[Epoch 45/100] [D Val loss: 19.737045] [G loss: 75.828316] [Rec loss: 3.493960] [LR C: 0.000000] [LR G: 0.000000]
++++++++++++++++++++++++++++++++
++++++++++++++++++++++++++++++++
[Epoch 46/100] [Avg D loss: -28.531389] [Avg G loss: 3190.112756] [Avg Rec loss: 3.175711]
[Epoch 46/100] [D Val loss: 21.223017] [G loss: 81.010910] [Rec loss: 3.585704] [LR C: 0.000000] [LR G: 0.000000]
++++++++++++++++++++++++++++++++
++++++++++++++++++++++++++++++++
[Epoch 47/100] [Avg D loss: -28.552172] [Avg G loss: 3251.658485] [Avg Rec loss: 3.237269]
[Epoch 47/100] [D Val loss: 21.130004] [G loss: 75.743484] [Rec loss: 3.488688] [LR C: 0.000000] [LR G: 0.000000]
++++++++++++++++++++++++++++++++
++++++++++++++++++++++++++++++++
[Epoch 48/100] [Avg D loss: -28.568898] [Avg G loss: 3083.279695] [Avg Rec loss: 3.068831]
[Epoch 48/100] [D Val loss: 25.812472] [G loss: 87.607162] [Rec loss: 3.764008] [LR C: 0.000000] [LR G: 0.000000]
++++++++++++++++++++++++++++++++
++++++++++++++++++++++++++++++++
[Epoch 49/100] [Avg D loss: -28.590439] [Avg G loss: 3224.341313] [Avg Rec loss: 3.209979]
[Epoch 49/100] [D Val loss: 20.292947] [G loss: 78.098091] [Rec loss: 3.512292] [LR C: 0.000000] [LR G: 0.000000]
++++++++++++++++++++++++++++++++
++++++++++++++++++++++++++++++++
[Epoch 50/100] [Avg D loss: -28.606028] [Avg G loss: 3181.932901] [Avg Rec loss: 3.167552]
[Epoch 50/100] [D Val loss: 19.086788] [G loss: 75.855118] [Rec loss: 3.495453] [LR C: 0.000000] [LR G: 0.000000]
++++++++++++++++++++++++++++++++
++++++++++++++++++++++++++++++++
[Epoch 51/100] [Avg D loss: -28.629787] [Avg G loss: 3189.973381] [Avg Rec loss: 3.175524]
[Epoch 51/100] [D Val loss: 24.365089] [G loss: 80.801247] [Rec loss: 3.587344] [LR C: 0.000000] [LR G: 0.000000]
++++++++++++++++++++++++++++++++
++++++++++++++++++++++++++++++++
[Epoch 52/100] [Avg D loss: -28.646864] [Avg G loss: 3251.473759] [Avg Rec loss: 3.237035]
[Epoch 52/100] [D Val loss: 17.921131] [G loss: 75.956612] [Rec loss: 3.490721] [LR C: 0.000000] [LR G: 0.000000]
++++++++++++++++++++++++++++++++
++++++++++++++++++++++++++++++++
[Epoch 53/100] [Avg D loss: -28.659988] [Avg G loss: 3083.121454] [Avg Rec loss: 3.068623]
[Epoch 53/100] [D Val loss: 23.652923] [G loss: 87.759720] [Rec loss: 3.766148] [LR C: 0.000000] [LR G: 0.000000]
++++++++++++++++++++++++++++++++
++++++++++++++++++++++++++++++++
[Epoch 54/100] [Avg D loss: -28.679951] [Avg G loss: 3224.305231] [Avg Rec loss: 3.209893]
[Epoch 54/100] [D Val loss: 21.231465] [G loss: 78.025566] [Rec loss: 3.513749] [LR C: 0.000000] [LR G: 0.000000]
++++++++++++++++++++++++++++++++
++++++++++++++++++++++++++++++++
[Epoch 55/100] [Avg D loss: -28.702738] [Avg G loss: 3181.801718] [Avg Rec loss: 3.167373]
[Epoch 55/100] [D Val loss: 20.222430] [G loss: 75.788124] [Rec loss: 3.497148] [LR C: 0.000000] [LR G: 0.000000]
++++++++++++++++++++++++++++++++
++++++++++++++++++++++++++++++++
[Epoch 56/100] [Avg D loss: -28.721286] [Avg G loss: 3189.831044] [Avg Rec loss: 3.175335]
[Epoch 56/100] [D Val loss: 19.957352] [G loss: 81.075760] [Rec loss: 3.588874] [LR C: 0.000000] [LR G: 0.000000]
++++++++++++++++++++++++++++++++
++++++++++++++++++++++++++++++++
[Epoch 57/100] [Avg D loss: -28.739420] [Avg G loss: 3251.292069] [Avg Rec loss: 3.236807]
[Epoch 57/100] [D Val loss: 21.582260] [G loss: 75.737244] [Rec loss: 3.492378] [LR C: 0.000000] [LR G: 0.000000]
++++++++++++++++++++++++++++++++
++++++++++++++++++++++++++++++++
[Epoch 58/100] [Avg D loss: -28.756667] [Avg G loss: 3082.988487] [Avg Rec loss: 3.068443]
[Epoch 58/100] [D Val loss: 25.487027] [G loss: 87.626877] [Rec loss: 3.767776] [LR C: 0.000000] [LR G: 0.000000]
++++++++++++++++++++++++++++++++
++++++++++++++++++++++++++++++++
[Epoch 59/100] [Avg D loss: -28.776023] [Avg G loss: 3224.256235] [Avg Rec loss: 3.209797]
[Epoch 59/100] [D Val loss: 22.456394] [G loss: 77.923851] [Rec loss: 3.514874] [LR C: 0.000000] [LR G: 0.000000]
++++++++++++++++++++++++++++++++
++++++++++++++++++++++++++++++++
[Epoch 60/100] [Avg D loss: -28.796401] [Avg G loss: 3181.668281] [Avg Rec loss: 3.167191]
[Epoch 60/100] [D Val loss: 20.059658] [G loss: 75.778053] [Rec loss: 3.498323] [LR C: 0.000000] [LR G: 0.000000]
++++++++++++++++++++++++++++++++
++++++++++++++++++++++++++++++++
[Epoch 61/100] [Avg D loss: -28.818210] [Avg G loss: 3189.685787] [Avg Rec loss: 3.175139]
[Epoch 61/100] [D Val loss: 20.350423] [G loss: 81.061623] [Rec loss: 3.590601] [LR C: 0.000000] [LR G: 0.000000]
++++++++++++++++++++++++++++++++
++++++++++++++++++++++++++++++++
[Epoch 62/100] [Avg D loss: -28.835793] [Avg G loss: 3251.131463] [Avg Rec loss: 3.236597]
[Epoch 62/100] [D Val loss: 19.840551] [G loss: 75.832680] [Rec loss: 3.493329] [LR C: 0.000000] [LR G: 0.000000]
++++++++++++++++++++++++++++++++
++++++++++++++++++++++++++++++++
[Epoch 63/100] [Avg D loss: -28.855038] [Avg G loss: 3082.877180] [Avg Rec loss: 3.068284]
[Epoch 63/100] [D Val loss: 26.184517] [G loss: 87.572708] [Rec loss: 3.768673] [LR C: 0.000000] [LR G: 0.000000]
++++++++++++++++++++++++++++++++
++++++++++++++++++++++++++++++++
[Epoch 64/100] [Avg D loss: -28.872873] [Avg G loss: 3224.217847] [Avg Rec loss: 3.209711]
[Epoch 64/100] [D Val loss: 20.923347] [G loss: 78.012154] [Rec loss: 3.515781] [LR C: 0.000000] [LR G: 0.000000]
++++++++++++++++++++++++++++++++
++++++++++++++++++++++++++++++++
[Epoch 65/100] [Avg D loss: -28.885155] [Avg G loss: 3181.529701] [Avg Rec loss: 3.167005]
[Epoch 65/100] [D Val loss: 21.169167] [G loss: 75.712677] [Rec loss: 3.499336] [LR C: 0.000000] [LR G: 0.000000]
++++++++++++++++++++++++++++++++
++++++++++++++++++++++++++++++++
[Epoch 66/100] [Avg D loss: -28.910902] [Avg G loss: 3189.529738] [Avg Rec loss: 3.174936]
[Epoch 66/100] [D Val loss: 20.106957] [G loss: 81.056694] [Rec loss: 3.591210] [LR C: 0.000000] [LR G: 0.000000]
++++++++++++++++++++++++++++++++
++++++++++++++++++++++++++++++++
[Epoch 67/100] [Avg D loss: -28.933936] [Avg G loss: 3250.966248] [Avg Rec loss: 3.236383]
[Epoch 67/100] [D Val loss: 21.280534] [G loss: 75.713448] [Rec loss: 3.493811] [LR C: 0.000000] [LR G: 0.000000]
++++++++++++++++++++++++++++++++
++++++++++++++++++++++++++++++++
[Epoch 68/100] [Avg D loss: -28.951007] [Avg G loss: 3082.781892] [Avg Rec loss: 3.068138]
[Epoch 68/100] [D Val loss: 24.704384] [G loss: 87.656242] [Rec loss: 3.769678] [LR C: 0.000000] [LR G: 0.000000]
++++++++++++++++++++++++++++++++
++++++++++++++++++++++++++++++++
[Epoch 69/100] [Avg D loss: -28.968327] [Avg G loss: 3224.174225] [Avg Rec loss: 3.209618]
[Epoch 69/100] [D Val loss: 18.673647] [G loss: 78.128349] [Rec loss: 3.516223] [LR C: 0.000000] [LR G: 0.000000]
++++++++++++++++++++++++++++++++
++++++++++++++++++++++++++++++++
[Epoch 70/100] [Avg D loss: -28.990862] [Avg G loss: 3181.400451] [Avg Rec loss: 3.166827]
[Epoch 70/100] [D Val loss: 21.392503] [G loss: 75.674965] [Rec loss: 3.499869] [LR C: 0.000000] [LR G: 0.000000]
++++++++++++++++++++++++++++++++
++++++++++++++++++++++++++++++++
[Epoch 71/100] [Avg D loss: -29.001284] [Avg G loss: 3189.372582] [Avg Rec loss: 3.174731]
[Epoch 71/100] [D Val loss: 22.505328] [G loss: 80.879623] [Rec loss: 3.591624] [LR C: 0.000000] [LR G: 0.000000]
++++++++++++++++++++++++++++++++
++++++++++++++++++++++++++++++++
[Epoch 72/100] [Avg D loss: -29.026881] [Avg G loss: 3250.807347] [Avg Rec loss: 3.236177]
[Epoch 72/100] [D Val loss: 21.100162] [G loss: 75.703461] [Rec loss: 3.494323] [LR C: 0.000000] [LR G: 0.000000]
++++++++++++++++++++++++++++++++
++++++++++++++++++++++++++++++++
[Epoch 73/100] [Avg D loss: -29.044754] [Avg G loss: 3082.688508] [Avg Rec loss: 3.067997]
[Epoch 73/100] [D Val loss: 25.850833] [G loss: 87.554855] [Rec loss: 3.770247] [LR C: 0.000000] [LR G: 0.000000]
++++++++++++++++++++++++++++++++
++++++++++++++++++++++++++++++++
[Epoch 74/100] [Avg D loss: -29.062699] [Avg G loss: 3224.112343] [Avg Rec loss: 3.209509]
[Epoch 74/100] [D Val loss: 20.553754] [G loss: 78.000359] [Rec loss: 3.516856] [LR C: 0.000000] [LR G: 0.000000]
++++++++++++++++++++++++++++++++
++++++++++++++++++++++++++++++++
[Epoch 75/100] [Avg D loss: -29.080647] [Avg G loss: 3181.261935] [Avg Rec loss: 3.166640]
[Epoch 75/100] [D Val loss: 19.210387] [G loss: 75.790619] [Rec loss: 3.500274] [LR C: 0.000000] [LR G: 0.000000]
++++++++++++++++++++++++++++++++
++++++++++++++++++++++++++++++++
[Epoch 76/100] [Avg D loss: -29.107592] [Avg G loss: 3189.225259] [Avg Rec loss: 3.174533]
[Epoch 76/100] [D Val loss: 22.691438] [G loss: 80.850533] [Rec loss: 3.592314] [LR C: 0.000000] [LR G: 0.000000]
++++++++++++++++++++++++++++++++
++++++++++++++++++++++++++++++++
[Epoch 77/100] [Avg D loss: -29.122513] [Avg G loss: 3250.665232] [Avg Rec loss: 3.235985]
[Epoch 77/100] [D Val loss: 20.932626] [G loss: 75.697258] [Rec loss: 3.494870] [LR C: 0.000000] [LR G: 0.000000]
++++++++++++++++++++++++++++++++
++++++++++++++++++++++++++++++++
[Epoch 78/100] [Avg D loss: -29.135733] [Avg G loss: 3082.599498] [Avg Rec loss: 3.067860]
[Epoch 78/100] [D Val loss: 24.945675] [G loss: 87.582573] [Rec loss: 3.770584] [LR C: 0.000000] [LR G: 0.000000]
++++++++++++++++++++++++++++++++
++++++++++++++++++++++++++++++++
[Epoch 79/100] [Avg D loss: -29.155281] [Avg G loss: 3224.052925] [Avg Rec loss: 3.209403]
[Epoch 79/100] [D Val loss: 19.187411] [G loss: 78.052315] [Rec loss: 3.516823] [LR C: 0.000000] [LR G: 0.000000]
++++++++++++++++++++++++++++++++
++++++++++++++++++++++++++++++++
[Epoch 80/100] [Avg D loss: -29.170419] [Avg G loss: 3181.131607] [Avg Rec loss: 3.166463]
[Epoch 80/100] [D Val loss: 21.709950] [G loss: 75.587654] [Rec loss: 3.500112] [LR C: 0.000000] [LR G: 0.000000]
++++++++++++++++++++++++++++++++
++++++++++++++++++++++++++++++++
[Epoch 81/100] [Avg D loss: -29.198370] [Avg G loss: 3189.074450] [Avg Rec loss: 3.174335]
[Epoch 81/100] [D Val loss: 23.863823] [G loss: 80.746086] [Rec loss: 3.592575] [LR C: 0.000000] [LR G: 0.000000]
++++++++++++++++++++++++++++++++
++++++++++++++++++++++++++++++++
[Epoch 82/100] [Avg D loss: -29.215089] [Avg G loss: 3250.528343] [Avg Rec loss: 3.235801]
[Epoch 82/100] [D Val loss: 20.965406] [G loss: 75.687393] [Rec loss: 3.495365] [LR C: 0.000000] [LR G: 0.000000]
++++++++++++++++++++++++++++++++
++++++++++++++++++++++++++++++++
[Epoch 83/100] [Avg D loss: -29.233289] [Avg G loss: 3082.525091] [Avg Rec loss: 3.067736]
[Epoch 83/100] [D Val loss: 30.823440] [G loss: 87.137207] [Rec loss: 3.770380] [LR C: 0.000000] [LR G: 0.000000]
++++++++++++++++++++++++++++++++
++++++++++++++++++++++++++++++++
[Epoch 84/100] [Avg D loss: -29.259433] [Avg G loss: 3223.998742] [Avg Rec loss: 3.209298]
[Epoch 84/100] [D Val loss: 20.688742] [G loss: 77.909492] [Rec loss: 3.516614] [LR C: 0.000000] [LR G: 0.000000]
++++++++++++++++++++++++++++++++
++++++++++++++++++++++++++++++++
[Epoch 85/100] [Avg D loss: -29.276476] [Avg G loss: 3181.002545] [Avg Rec loss: 3.166284]
[Epoch 85/100] [D Val loss: 19.818886] [G loss: 75.665276] [Rec loss: 3.500092] [LR C: 0.000000] [LR G: 0.000000]
++++++++++++++++++++++++++++++++
++++++++++++++++++++++++++++++++
[Epoch 86/100] [Avg D loss: -29.291062] [Avg G loss: 3188.925806] [Avg Rec loss: 3.174138]
[Epoch 86/100] [D Val loss: 20.111318] [G loss: 80.962959] [Rec loss: 3.592713] [LR C: 0.000000] [LR G: 0.000000]
++++++++++++++++++++++++++++++++
++++++++++++++++++++++++++++++++
[Epoch 87/100] [Avg D loss: -29.306716] [Avg G loss: 3250.391837] [Avg Rec loss: 3.235617]
[Epoch 87/100] [D Val loss: 22.024451] [G loss: 75.564186] [Rec loss: 3.495011] [LR C: 0.000000] [LR G: 0.000000]
++++++++++++++++++++++++++++++++
++++++++++++++++++++++++++++++++
[Epoch 88/100] [Avg D loss: -29.326057] [Avg G loss: 3082.443060] [Avg Rec loss: 3.067607]
[Epoch 88/100] [D Val loss: 22.899792] [G loss: 87.610352] [Rec loss: 3.769894] [LR C: 0.000000] [LR G: 0.000000]
++++++++++++++++++++++++++++++++
++++++++++++++++++++++++++++++++
[Epoch 89/100] [Avg D loss: -29.351791] [Avg G loss: 3223.942205] [Avg Rec loss: 3.209195]
[Epoch 89/100] [D Val loss: 21.193967] [G loss: 77.840141] [Rec loss: 3.516539] [LR C: 0.000000] [LR G: 0.000000]
++++++++++++++++++++++++++++++++
++++++++++++++++++++++++++++++++
[Epoch 90/100] [Avg D loss: -29.373135] [Avg G loss: 3180.868654] [Avg Rec loss: 3.166102]
[Epoch 90/100] [D Val loss: 21.300904] [G loss: 75.527069] [Rec loss: 3.499816] [LR C: 0.000000] [LR G: 0.000000]
++++++++++++++++++++++++++++++++
++++++++++++++++++++++++++++++++
[Epoch 91/100] [Avg D loss: -29.391610] [Avg G loss: 3188.786041] [Avg Rec loss: 3.173948]
[Epoch 91/100] [D Val loss: 23.245514] [G loss: 80.728340] [Rec loss: 3.592783] [LR C: 0.000000] [LR G: 0.000000]
++++++++++++++++++++++++++++++++
++++++++++++++++++++++++++++++++
[Epoch 92/100] [Avg D loss: -29.412267] [Avg G loss: 3250.263592] [Avg Rec loss: 3.235438]
[Epoch 92/100] [D Val loss: 19.658356] [G loss: 75.683212] [Rec loss: 3.495180] [LR C: 0.000000] [LR G: 0.000000]
++++++++++++++++++++++++++++++++
++++++++++++++++++++++++++++++++
[Epoch 93/100] [Avg D loss: -29.428320] [Avg G loss: 3082.365692] [Avg Rec loss: 3.067479]
[Epoch 93/100] [D Val loss: 25.454484] [G loss: 87.399361] [Rec loss: 3.770220] [LR C: 0.000000] [LR G: 0.000000]
++++++++++++++++++++++++++++++++
++++++++++++++++++++++++++++++++
[Epoch 94/100] [Avg D loss: -29.444545] [Avg G loss: 3223.882329] [Avg Rec loss: 3.209086]
[Epoch 94/100] [D Val loss: 20.266999] [G loss: 77.869606] [Rec loss: 3.516826] [LR C: 0.000000] [LR G: 0.000000]
++++++++++++++++++++++++++++++++
++++++++++++++++++++++++++++++++
[Epoch 95/100] [Avg D loss: -29.468322] [Avg G loss: 3180.732966] [Avg Rec loss: 3.165919]
[Epoch 95/100] [D Val loss: 19.093950] [G loss: 75.633148] [Rec loss: 3.500061] [LR C: 0.000000] [LR G: 0.000000]
++++++++++++++++++++++++++++++++
++++++++++++++++++++++++++++++++
[Epoch 96/100] [Avg D loss: -29.484617] [Avg G loss: 3188.633174] [Avg Rec loss: 3.173748]
[Epoch 96/100] [D Val loss: 21.330732] [G loss: 80.793365] [Rec loss: 3.592638] [LR C: 0.000000] [LR G: 0.000000]
++++++++++++++++++++++++++++++++
++++++++++++++++++++++++++++++++
[Epoch 97/100] [Avg D loss: -29.502948] [Avg G loss: 3250.127627] [Avg Rec loss: 3.235255]
[Epoch 97/100] [D Val loss: 18.686346] [G loss: 75.692406] [Rec loss: 3.495022] [LR C: 0.000000] [LR G: 0.000000]
++++++++++++++++++++++++++++++++
++++++++++++++++++++++++++++++++
[Epoch 98/100] [Avg D loss: -29.519564] [Avg G loss: 3082.294272] [Avg Rec loss: 3.067360]
[Epoch 98/100] [D Val loss: 24.191523] [G loss: 87.427498] [Rec loss: 3.769889] [LR C: 0.000000] [LR G: 0.000000]
++++++++++++++++++++++++++++++++
++++++++++++++++++++++++++++++++
[Epoch 99/100] [Avg D loss: -29.542467] [Avg G loss: 3223.825654] [Avg Rec loss: 3.208981]
[Epoch 99/100] [D Val loss: 25.209634] [G loss: 77.506912] [Rec loss: 3.516916] [LR C: 0.000000] [LR G: 0.000000]
++++++++++++++++++++++++++++++++
++++++++++++++++++++++++++++++++
[Epoch 100/100] [Avg D loss: -29.557959] [Avg G loss: 3180.597988] [Avg Rec loss: 3.165735]
[Epoch 100/100] [D Val loss: 22.237181] [G loss: 75.395813] [Rec loss: 3.499935] [LR C: 0.000000] [LR G: 0.000000]
++++++++++++++++++++++++++++++++
wandb: Waiting for W&B process to finish... (success).
wandb: - 0.000 MB of 0.000 MB uploaded (0.000 MB deduped)
wandb: \ 0.000 MB of 0.000 MB uploaded (0.000 MB deduped)
wandb:                                                                                
wandb: You can sync this run to the cloud by running:
wandb: wandb sync /cpfs01/projects-HDD/cfff-4a8d9af84f66_HDD/public/ShiXiSheng/yzy/yzy_results/ex17_onestepwgan_weightmae_aheadtop_0.008/wandb/offline-run-20241111_043349-vg1krnwdwgan
wandb: Find logs at: ./yzy_results/ex17_onestepwgan_weightmae_aheadtop_0.008/wandb/offline-run-20241111_043349-vg1krnwdwgan/logs
/cpfs01/projects-HDD/cfff-4a8d9af84f66_HDD/yinzunyi/py3.9/lib/python3.9/site-packages/xarray/core/concat.py:527: FutureWarning: unique with argument that is not not a Series, Index, ExtensionArray, or np.ndarray is deprecated and will raise in a future version.
  common_dims = tuple(pd.unique([d for v in vars for d in v.dims]))
/cpfs01/projects-HDD/cfff-4a8d9af84f66_HDD/public/ShiXiSheng/yzy/precipitation_downscaling-bing_issue09_bias_correction/models/network_unet.py:217: UserWarning: nn.init.xavier_uniform is now deprecated in favor of nn.init.xavier_uniform_.
  torch.nn.init.xavier_uniform(self.output.weight)
wandb: Tracking run with wandb version 0.13.2
wandb: W&B syncing is set to `offline` in this directory.  
wandb: Run `wandb online` or set WANDB_MODE=online to enable cloud syncing.
/cpfs01/projects-HDD/cfff-4a8d9af84f66_HDD/public/ShiXiSheng/yzy/precipitation_downscaling-bing_issue09_bias_correction/train_scripts/wgan_train.py:33: UserWarning: To copy construct from a tensor, it is recommended to use sourceTensor.clone().detach() or sourceTensor.clone().detach().requires_grad_(True), rather than torch.tensor(sourceTensor).
  weights = torch.tensor(y_true,requires_grad=False) #
The patch size for prepitation is 16
K 值是多少让我看看： 0.008
self.prcp_indexes: [4, 5, 9]
Going to open the following files: /cpfs01/projects-HDD/cfff-4a8d9af84f66_HDD/public/ShiXiSheng/yzy/downscaling_precipitation/precip_dataset_new/train
Going to open the following files: [PosixPath('/cpfs01/projects-HDD/cfff-4a8d9af84f66_HDD/public/ShiXiSheng/yzy/downscaling_precipitation/precip_dataset_new/train/preproc_ifs_radklim_2016-01.nc'), PosixPath('/cpfs01/projects-HDD/cfff-4a8d9af84f66_HDD/public/ShiXiSheng/yzy/downscaling_precipitation/precip_dataset_new/train/preproc_ifs_radklim_2016-02.nc'), PosixPath('/cpfs01/projects-HDD/cfff-4a8d9af84f66_HDD/public/ShiXiSheng/yzy/downscaling_precipitation/precip_dataset_new/train/preproc_ifs_radklim_2016-03.nc'), PosixPath('/cpfs01/projects-HDD/cfff-4a8d9af84f66_HDD/public/ShiXiSheng/yzy/downscaling_precipitation/precip_dataset_new/train/preproc_ifs_radklim_2016-04.nc'), PosixPath('/cpfs01/projects-HDD/cfff-4a8d9af84f66_HDD/public/ShiXiSheng/yzy/downscaling_precipitation/precip_dataset_new/train/preproc_ifs_radklim_2016-05.nc'), PosixPath('/cpfs01/projects-HDD/cfff-4a8d9af84f66_HDD/public/ShiXiSheng/yzy/downscaling_precipitation/precip_dataset_new/train/preproc_ifs_radklim_2016-06.nc'), PosixPath('/cpfs01/projects-HDD/cfff-4a8d9af84f66_HDD/public/ShiXiSheng/yzy/downscaling_precipitation/precip_dataset_new/train/preproc_ifs_radklim_2016-07.nc'), PosixPath('/cpfs01/projects-HDD/cfff-4a8d9af84f66_HDD/public/ShiXiSheng/yzy/downscaling_precipitation/precip_dataset_new/train/preproc_ifs_radklim_2018-02.nc'), PosixPath('/cpfs01/projects-HDD/cfff-4a8d9af84f66_HDD/public/ShiXiSheng/yzy/downscaling_precipitation/precip_dataset_new/train/preproc_ifs_radklim_2018-03.nc'), PosixPath('/cpfs01/projects-HDD/cfff-4a8d9af84f66_HDD/public/ShiXiSheng/yzy/downscaling_precipitation/precip_dataset_new/train/preproc_ifs_radklim_2018-04.nc'), PosixPath('/cpfs01/projects-HDD/cfff-4a8d9af84f66_HDD/public/ShiXiSheng/yzy/downscaling_precipitation/precip_dataset_new/train/preproc_ifs_radklim_2018-05.nc'), PosixPath('/cpfs01/projects-HDD/cfff-4a8d9af84f66_HDD/public/ShiXiSheng/yzy/downscaling_precipitation/precip_dataset_new/train/preproc_ifs_radklim_2018-06.nc'), PosixPath('/cpfs01/projects-HDD/cfff-4a8d9af84f66_HDD/public/ShiXiSheng/yzy/downscaling_precipitation/precip_dataset_new/train/preproc_ifs_radklim_2018-07.nc'), PosixPath('/cpfs01/projects-HDD/cfff-4a8d9af84f66_HDD/public/ShiXiSheng/yzy/downscaling_precipitation/precip_dataset_new/train/preproc_ifs_radklim_2018-08.nc'), PosixPath('/cpfs01/projects-HDD/cfff-4a8d9af84f66_HDD/public/ShiXiSheng/yzy/downscaling_precipitation/precip_dataset_new/train/preproc_ifs_radklim_2018-09.nc'), PosixPath('/cpfs01/projects-HDD/cfff-4a8d9af84f66_HDD/public/ShiXiSheng/yzy/downscaling_precipitation/precip_dataset_new/train/preproc_ifs_radklim_2018-10.nc'), PosixPath('/cpfs01/projects-HDD/cfff-4a8d9af84f66_HDD/public/ShiXiSheng/yzy/downscaling_precipitation/precip_dataset_new/train/preproc_ifs_radklim_2018-11.nc'), PosixPath('/cpfs01/projects-HDD/cfff-4a8d9af84f66_HDD/public/ShiXiSheng/yzy/downscaling_precipitation/precip_dataset_new/train/preproc_ifs_radklim_2018-12.nc'), PosixPath('/cpfs01/projects-HDD/cfff-4a8d9af84f66_HDD/public/ShiXiSheng/yzy/downscaling_precipitation/precip_dataset_new/train/preproc_ifs_radklim_2019-01.nc'), PosixPath('/cpfs01/projects-HDD/cfff-4a8d9af84f66_HDD/public/ShiXiSheng/yzy/downscaling_precipitation/precip_dataset_new/train/preproc_ifs_radklim_2019-02.nc'), PosixPath('/cpfs01/projects-HDD/cfff-4a8d9af84f66_HDD/public/ShiXiSheng/yzy/downscaling_precipitation/precip_dataset_new/train/preproc_ifs_radklim_2019-03.nc'), PosixPath('/cpfs01/projects-HDD/cfff-4a8d9af84f66_HDD/public/ShiXiSheng/yzy/downscaling_precipitation/precip_dataset_new/train/preproc_ifs_radklim_2019-05.nc'), PosixPath('/cpfs01/projects-HDD/cfff-4a8d9af84f66_HDD/public/ShiXiSheng/yzy/downscaling_precipitation/precip_dataset_new/train/preproc_ifs_radklim_2019-06.nc'), PosixPath('/cpfs01/projects-HDD/cfff-4a8d9af84f66_HDD/public/ShiXiSheng/yzy/downscaling_precipitation/precip_dataset_new/train/preproc_ifs_radklim_2019-07.nc'), PosixPath('/cpfs01/projects-HDD/cfff-4a8d9af84f66_HDD/public/ShiXiSheng/yzy/downscaling_precipitation/precip_dataset_new/train/preproc_ifs_radklim_2019-08.nc'), PosixPath('/cpfs01/projects-HDD/cfff-4a8d9af84f66_HDD/public/ShiXiSheng/yzy/downscaling_precipitation/precip_dataset_new/train/preproc_ifs_radklim_2019-09.nc'), PosixPath('/cpfs01/projects-HDD/cfff-4a8d9af84f66_HDD/public/ShiXiSheng/yzy/downscaling_precipitation/precip_dataset_new/train/preproc_ifs_radklim_2019-10.nc'), PosixPath('/cpfs01/projects-HDD/cfff-4a8d9af84f66_HDD/public/ShiXiSheng/yzy/downscaling_precipitation/precip_dataset_new/train/preproc_ifs_radklim_2019-11.nc'), PosixPath('/cpfs01/projects-HDD/cfff-4a8d9af84f66_HDD/public/ShiXiSheng/yzy/downscaling_precipitation/precip_dataset_new/train/preproc_ifs_radklim_2019-12.nc')]
Going to open the following files: [PosixPath('/cpfs01/projects-HDD/cfff-4a8d9af84f66_HDD/public/ShiXiSheng/yzy/downscaling_precipitation/precip_dataset_new/train/preproc_ifs_radklim_2016-01.nc'), PosixPath('/cpfs01/projects-HDD/cfff-4a8d9af84f66_HDD/public/ShiXiSheng/yzy/downscaling_precipitation/precip_dataset_new/train/preproc_ifs_radklim_2016-02.nc'), PosixPath('/cpfs01/projects-HDD/cfff-4a8d9af84f66_HDD/public/ShiXiSheng/yzy/downscaling_precipitation/precip_dataset_new/train/preproc_ifs_radklim_2016-03.nc'), PosixPath('/cpfs01/projects-HDD/cfff-4a8d9af84f66_HDD/public/ShiXiSheng/yzy/downscaling_precipitation/precip_dataset_new/train/preproc_ifs_radklim_2016-04.nc'), PosixPath('/cpfs01/projects-HDD/cfff-4a8d9af84f66_HDD/public/ShiXiSheng/yzy/downscaling_precipitation/precip_dataset_new/train/preproc_ifs_radklim_2016-05.nc'), PosixPath('/cpfs01/projects-HDD/cfff-4a8d9af84f66_HDD/public/ShiXiSheng/yzy/downscaling_precipitation/precip_dataset_new/train/preproc_ifs_radklim_2016-06.nc'), PosixPath('/cpfs01/projects-HDD/cfff-4a8d9af84f66_HDD/public/ShiXiSheng/yzy/downscaling_precipitation/precip_dataset_new/train/preproc_ifs_radklim_2016-07.nc'), PosixPath('/cpfs01/projects-HDD/cfff-4a8d9af84f66_HDD/public/ShiXiSheng/yzy/downscaling_precipitation/precip_dataset_new/train/preproc_ifs_radklim_2018-02.nc'), PosixPath('/cpfs01/projects-HDD/cfff-4a8d9af84f66_HDD/public/ShiXiSheng/yzy/downscaling_precipitation/precip_dataset_new/train/preproc_ifs_radklim_2018-03.nc'), PosixPath('/cpfs01/projects-HDD/cfff-4a8d9af84f66_HDD/public/ShiXiSheng/yzy/downscaling_precipitation/precip_dataset_new/train/preproc_ifs_radklim_2018-04.nc'), PosixPath('/cpfs01/projects-HDD/cfff-4a8d9af84f66_HDD/public/ShiXiSheng/yzy/downscaling_precipitation/precip_dataset_new/train/preproc_ifs_radklim_2018-05.nc'), PosixPath('/cpfs01/projects-HDD/cfff-4a8d9af84f66_HDD/public/ShiXiSheng/yzy/downscaling_precipitation/precip_dataset_new/train/preproc_ifs_radklim_2018-06.nc'), PosixPath('/cpfs01/projects-HDD/cfff-4a8d9af84f66_HDD/public/ShiXiSheng/yzy/downscaling_precipitation/precip_dataset_new/train/preproc_ifs_radklim_2018-07.nc'), PosixPath('/cpfs01/projects-HDD/cfff-4a8d9af84f66_HDD/public/ShiXiSheng/yzy/downscaling_precipitation/precip_dataset_new/train/preproc_ifs_radklim_2018-08.nc'), PosixPath('/cpfs01/projects-HDD/cfff-4a8d9af84f66_HDD/public/ShiXiSheng/yzy/downscaling_precipitation/precip_dataset_new/train/preproc_ifs_radklim_2018-09.nc'), PosixPath('/cpfs01/projects-HDD/cfff-4a8d9af84f66_HDD/public/ShiXiSheng/yzy/downscaling_precipitation/precip_dataset_new/train/preproc_ifs_radklim_2018-10.nc'), PosixPath('/cpfs01/projects-HDD/cfff-4a8d9af84f66_HDD/public/ShiXiSheng/yzy/downscaling_precipitation/precip_dataset_new/train/preproc_ifs_radklim_2018-11.nc'), PosixPath('/cpfs01/projects-HDD/cfff-4a8d9af84f66_HDD/public/ShiXiSheng/yzy/downscaling_precipitation/precip_dataset_new/train/preproc_ifs_radklim_2018-12.nc'), PosixPath('/cpfs01/projects-HDD/cfff-4a8d9af84f66_HDD/public/ShiXiSheng/yzy/downscaling_precipitation/precip_dataset_new/train/preproc_ifs_radklim_2019-01.nc'), PosixPath('/cpfs01/projects-HDD/cfff-4a8d9af84f66_HDD/public/ShiXiSheng/yzy/downscaling_precipitation/precip_dataset_new/train/preproc_ifs_radklim_2019-02.nc'), PosixPath('/cpfs01/projects-HDD/cfff-4a8d9af84f66_HDD/public/ShiXiSheng/yzy/downscaling_precipitation/precip_dataset_new/train/preproc_ifs_radklim_2019-03.nc'), PosixPath('/cpfs01/projects-HDD/cfff-4a8d9af84f66_HDD/public/ShiXiSheng/yzy/downscaling_precipitation/precip_dataset_new/train/preproc_ifs_radklim_2019-05.nc'), PosixPath('/cpfs01/projects-HDD/cfff-4a8d9af84f66_HDD/public/ShiXiSheng/yzy/downscaling_precipitation/precip_dataset_new/train/preproc_ifs_radklim_2019-06.nc'), PosixPath('/cpfs01/projects-HDD/cfff-4a8d9af84f66_HDD/public/ShiXiSheng/yzy/downscaling_precipitation/precip_dataset_new/train/preproc_ifs_radklim_2019-07.nc'), PosixPath('/cpfs01/projects-HDD/cfff-4a8d9af84f66_HDD/public/ShiXiSheng/yzy/downscaling_precipitation/precip_dataset_new/train/preproc_ifs_radklim_2019-08.nc'), PosixPath('/cpfs01/projects-HDD/cfff-4a8d9af84f66_HDD/public/ShiXiSheng/yzy/downscaling_precipitation/precip_dataset_new/train/preproc_ifs_radklim_2019-09.nc'), PosixPath('/cpfs01/projects-HDD/cfff-4a8d9af84f66_HDD/public/ShiXiSheng/yzy/downscaling_precipitation/precip_dataset_new/train/preproc_ifs_radklim_2019-10.nc'), PosixPath('/cpfs01/projects-HDD/cfff-4a8d9af84f66_HDD/public/ShiXiSheng/yzy/downscaling_precipitation/precip_dataset_new/train/preproc_ifs_radklim_2019-11.nc'), PosixPath('/cpfs01/projects-HDD/cfff-4a8d9af84f66_HDD/public/ShiXiSheng/yzy/downscaling_precipitation/precip_dataset_new/train/preproc_ifs_radklim_2019-12.nc')]
Loading data from the file: [PosixPath('/cpfs01/projects-HDD/cfff-4a8d9af84f66_HDD/public/ShiXiSheng/yzy/downscaling_precipitation/precip_dataset_new/train/preproc_ifs_radklim_2016-01.nc'), PosixPath('/cpfs01/projects-HDD/cfff-4a8d9af84f66_HDD/public/ShiXiSheng/yzy/downscaling_precipitation/precip_dataset_new/train/preproc_ifs_radklim_2016-02.nc'), PosixPath('/cpfs01/projects-HDD/cfff-4a8d9af84f66_HDD/public/ShiXiSheng/yzy/downscaling_precipitation/precip_dataset_new/train/preproc_ifs_radklim_2016-03.nc'), PosixPath('/cpfs01/projects-HDD/cfff-4a8d9af84f66_HDD/public/ShiXiSheng/yzy/downscaling_precipitation/precip_dataset_new/train/preproc_ifs_radklim_2016-04.nc'), PosixPath('/cpfs01/projects-HDD/cfff-4a8d9af84f66_HDD/public/ShiXiSheng/yzy/downscaling_precipitation/precip_dataset_new/train/preproc_ifs_radklim_2016-05.nc'), PosixPath('/cpfs01/projects-HDD/cfff-4a8d9af84f66_HDD/public/ShiXiSheng/yzy/downscaling_precipitation/precip_dataset_new/train/preproc_ifs_radklim_2016-06.nc'), PosixPath('/cpfs01/projects-HDD/cfff-4a8d9af84f66_HDD/public/ShiXiSheng/yzy/downscaling_precipitation/precip_dataset_new/train/preproc_ifs_radklim_2016-07.nc'), PosixPath('/cpfs01/projects-HDD/cfff-4a8d9af84f66_HDD/public/ShiXiSheng/yzy/downscaling_precipitation/precip_dataset_new/train/preproc_ifs_radklim_2018-02.nc'), PosixPath('/cpfs01/projects-HDD/cfff-4a8d9af84f66_HDD/public/ShiXiSheng/yzy/downscaling_precipitation/precip_dataset_new/train/preproc_ifs_radklim_2018-03.nc'), PosixPath('/cpfs01/projects-HDD/cfff-4a8d9af84f66_HDD/public/ShiXiSheng/yzy/downscaling_precipitation/precip_dataset_new/train/preproc_ifs_radklim_2018-04.nc'), PosixPath('/cpfs01/projects-HDD/cfff-4a8d9af84f66_HDD/public/ShiXiSheng/yzy/downscaling_precipitation/precip_dataset_new/train/preproc_ifs_radklim_2018-05.nc'), PosixPath('/cpfs01/projects-HDD/cfff-4a8d9af84f66_HDD/public/ShiXiSheng/yzy/downscaling_precipitation/precip_dataset_new/train/preproc_ifs_radklim_2018-06.nc'), PosixPath('/cpfs01/projects-HDD/cfff-4a8d9af84f66_HDD/public/ShiXiSheng/yzy/downscaling_precipitation/precip_dataset_new/train/preproc_ifs_radklim_2018-07.nc'), PosixPath('/cpfs01/projects-HDD/cfff-4a8d9af84f66_HDD/public/ShiXiSheng/yzy/downscaling_precipitation/precip_dataset_new/train/preproc_ifs_radklim_2018-08.nc'), PosixPath('/cpfs01/projects-HDD/cfff-4a8d9af84f66_HDD/public/ShiXiSheng/yzy/downscaling_precipitation/precip_dataset_new/train/preproc_ifs_radklim_2018-09.nc'), PosixPath('/cpfs01/projects-HDD/cfff-4a8d9af84f66_HDD/public/ShiXiSheng/yzy/downscaling_precipitation/precip_dataset_new/train/preproc_ifs_radklim_2018-10.nc'), PosixPath('/cpfs01/projects-HDD/cfff-4a8d9af84f66_HDD/public/ShiXiSheng/yzy/downscaling_precipitation/precip_dataset_new/train/preproc_ifs_radklim_2018-11.nc'), PosixPath('/cpfs01/projects-HDD/cfff-4a8d9af84f66_HDD/public/ShiXiSheng/yzy/downscaling_precipitation/precip_dataset_new/train/preproc_ifs_radklim_2018-12.nc'), PosixPath('/cpfs01/projects-HDD/cfff-4a8d9af84f66_HDD/public/ShiXiSheng/yzy/downscaling_precipitation/precip_dataset_new/train/preproc_ifs_radklim_2019-01.nc'), PosixPath('/cpfs01/projects-HDD/cfff-4a8d9af84f66_HDD/public/ShiXiSheng/yzy/downscaling_precipitation/precip_dataset_new/train/preproc_ifs_radklim_2019-02.nc'), PosixPath('/cpfs01/projects-HDD/cfff-4a8d9af84f66_HDD/public/ShiXiSheng/yzy/downscaling_precipitation/precip_dataset_new/train/preproc_ifs_radklim_2019-03.nc'), PosixPath('/cpfs01/projects-HDD/cfff-4a8d9af84f66_HDD/public/ShiXiSheng/yzy/downscaling_precipitation/precip_dataset_new/train/preproc_ifs_radklim_2019-05.nc'), PosixPath('/cpfs01/projects-HDD/cfff-4a8d9af84f66_HDD/public/ShiXiSheng/yzy/downscaling_precipitation/precip_dataset_new/train/preproc_ifs_radklim_2019-06.nc'), PosixPath('/cpfs01/projects-HDD/cfff-4a8d9af84f66_HDD/public/ShiXiSheng/yzy/downscaling_precipitation/precip_dataset_new/train/preproc_ifs_radklim_2019-07.nc'), PosixPath('/cpfs01/projects-HDD/cfff-4a8d9af84f66_HDD/public/ShiXiSheng/yzy/downscaling_precipitation/precip_dataset_new/train/preproc_ifs_radklim_2019-08.nc'), PosixPath('/cpfs01/projects-HDD/cfff-4a8d9af84f66_HDD/public/ShiXiSheng/yzy/downscaling_precipitation/precip_dataset_new/train/preproc_ifs_radklim_2019-09.nc'), PosixPath('/cpfs01/projects-HDD/cfff-4a8d9af84f66_HDD/public/ShiXiSheng/yzy/downscaling_precipitation/precip_dataset_new/train/preproc_ifs_radklim_2019-10.nc'), PosixPath('/cpfs01/projects-HDD/cfff-4a8d9af84f66_HDD/public/ShiXiSheng/yzy/downscaling_precipitation/precip_dataset_new/train/preproc_ifs_radklim_2019-11.nc'), PosixPath('/cpfs01/projects-HDD/cfff-4a8d9af84f66_HDD/public/ShiXiSheng/yzy/downscaling_precipitation/precip_dataset_new/train/preproc_ifs_radklim_2019-12.nc')]
There is done
num_patches_images are 7 5
pre indexes are [4, 5, 9]
no nan idx 25397
There are No. 25397 patches out of 739865 without Nan Values 
Minimum value of tp in vars_in_patches(having log): 0.0
Maximum value of tp in vars_in_patches(having log): 8.18589973449707
Distribution of tp in different rainfall intervals:
-0.1 to 0.1: 25.75%
0.1 to 2: 71.33%
2 to 4: 2.50%
4 to 8: 0.37%
8 to 20: 0.04%
20 to 30: 0.00%
30 to inf: 0.00%
Distribution of tp in vars_out_orig_patches in different rainfall intervals:
-0.1 to 0.1: 60.60%
0.1 to 2: 34.94%
2 to 4: 3.47%
4 to 8: 0.89%
8 to 20: 0.11%
20 to 30: 0.00%
30 to inf: 0.00%
self.times_patches_list: tensor([[2016,    1,    2,    6],
        [2016,    1,    2,    7],
        [2016,    1,    2,    8],
        ...,
        [2019,   12,   30,    4],
        [2019,   12,   30,    4],
        [2019,   12,   30,    4]], device='cpu', dtype=torch.int32)
save stats
i tensor(-4.5178e-13, device='cpu')
save stats
i tensor(-2.1600e-16, device='cpu')
save stats
i tensor(82071.3359, device='cpu')
save stats
i tensor(1.6654, device='cpu')
save stats
i tensor(0., device='cpu')
save stats
i tensor(0., device='cpu')
save stats
i tensor(-1.8591e-09, device='cpu')
save stats
i tensor(-23.0063, device='cpu')
save stats
i tensor(-35.2889, device='cpu')
save stats
i tensor(0., device='cpu')
The statistic has been stored to the json file:  /cpfs01/projects-HDD/cfff-4a8d9af84f66_HDD/public/ShiXiSheng/yzy/downscaling_precipitation/precip_dataset_new/train/statistics.json
The total number of samples after filtering NaN and zeros values: 25397
Shuffling the index ....
idx_perm [11676 15961  6877 ...  7812 18002 16014]
K 值是多少让我看看： 0.008
self.prcp_indexes: [4, 5, 9]
Going to open the following files: /cpfs01/projects-HDD/cfff-4a8d9af84f66_HDD/public/ShiXiSheng/yzy/downscaling_precipitation/precip_dataset_new/val
Going to open the following files: [PosixPath('/cpfs01/projects-HDD/cfff-4a8d9af84f66_HDD/public/ShiXiSheng/yzy/downscaling_precipitation/precip_dataset_new/val/2017-01/preproc_ifs_radklim_2017-01.nc')]
Going to open the following files: [PosixPath('/cpfs01/projects-HDD/cfff-4a8d9af84f66_HDD/public/ShiXiSheng/yzy/downscaling_precipitation/precip_dataset_new/val/2017-01/preproc_ifs_radklim_2017-01.nc')]
Loading data from the file: [PosixPath('/cpfs01/projects-HDD/cfff-4a8d9af84f66_HDD/public/ShiXiSheng/yzy/downscaling_precipitation/precip_dataset_new/val/2017-01/preproc_ifs_radklim_2017-01.nc')]
There is done
num_patches_images are 7 5
pre indexes are [4, 5, 9]
no nan idx 1421
There are No. 1421 patches out of 26005 without Nan Values 
Minimum value of tp in vars_in_patches(having log): 0.0
Maximum value of tp in vars_in_patches(having log): 6.580108642578125
Distribution of tp in different rainfall intervals:
-0.1 to 0.1: 27.75%
0.1 to 2: 71.33%
2 to 4: 0.89%
4 to 8: 0.03%
8 to 20: 0.00%
20 to 30: 0.00%
30 to inf: 0.00%
Distribution of tp in vars_out_orig_patches in different rainfall intervals:
-0.1 to 0.1: 62.89%
0.1 to 2: 35.08%
2 to 4: 1.83%
4 to 8: 0.19%
8 to 20: 0.00%
20 to 30: 0.00%
30 to inf: 0.00%
self.times_patches_list: tensor([[2017,    1,    1,   17],
        [2017,    1,    1,   17],
        [2017,    1,    1,   18],
        ...,
        [2017,    2,    1,    0],
        [2017,    2,    1,    1],
        [2017,    2,    1,    2]], device='cpu', dtype=torch.int32)
Loading the stats file: /cpfs01/projects-HDD/cfff-4a8d9af84f66_HDD/public/ShiXiSheng/yzy/downscaling_precipitation/precip_dataset_new/train/statistics.json
The total number of samples after filtering NaN and zeros values: 1421
The model wgan is selected for training
i 0
i 1
i 2
i 3
i 4
i 5
i 6
i 0
i 0
i 0
Total trainalbe parameters of the generator: 3706049
Total trainalbe parameters of the critic: 1584641
 size of dataset 25397 batch size 24
 iterations 1058.2083333333333
++++++++++++++++++++++++++++++++
[Epoch 1/120] [Avg D loss: 3.173688] [Avg G loss: 6727.069515] [Avg Rec loss: 6.727209]
[Epoch 1/120] [D Val loss: 0.473943] [G loss: 3615.002250] [Rec loss: 3.615406] [LR C: 0.000001] [LR G: 0.000010]
++++++++++++++++++++++++++++++++
++++++++++++++++++++++++++++++++
[Epoch 2/120] [Avg D loss: -1.253916] [Avg G loss: 4191.470660] [Avg Rec loss: 4.190886]
[Epoch 2/120] [D Val loss: 1.098460] [G loss: 3413.504815] [Rec loss: 3.414023] [LR C: 0.000001] [LR G: 0.000010]
++++++++++++++++++++++++++++++++
++++++++++++++++++++++++++++++++
[Epoch 3/120] [Avg D loss: -2.432492] [Avg G loss: 3830.777158] [Avg Rec loss: 3.829601]
[Epoch 3/120] [D Val loss: 1.613978] [G loss: 3130.655417] [Rec loss: 3.131449] [LR C: 0.000001] [LR G: 0.000010]
++++++++++++++++++++++++++++++++
++++++++++++++++++++++++++++++++
[Epoch 4/120] [Avg D loss: -3.540514] [Avg G loss: 3565.510217] [Avg Rec loss: 3.563814]
[Epoch 4/120] [D Val loss: 5.732587] [G loss: 4394.553153] [Rec loss: 4.399372] [LR C: 0.000001] [LR G: 0.000010]
++++++++++++++++++++++++++++++++
++++++++++++++++++++++++++++++++
[Epoch 5/120] [Avg D loss: -4.715951] [Avg G loss: 3526.215273] [Avg Rec loss: 3.524056]
[Epoch 5/120] [D Val loss: 2.528466] [G loss: 3073.030459] [Rec loss: 3.074279] [LR C: 0.000001] [LR G: 0.000010]
++++++++++++++++++++++++++++++++
++++++++++++++++++++++++++++++++
[Epoch 6/120] [Avg D loss: -5.945150] [Avg G loss: 3364.745280] [Avg Rec loss: 3.362002]
[Epoch 6/120] [D Val loss: 7.559651] [G loss: 3910.975794] [Rec loss: 3.917195] [LR C: 0.000001] [LR G: 0.000010]
++++++++++++++++++++++++++++++++
++++++++++++++++++++++++++++++++
[Epoch 7/120] [Avg D loss: -7.197670] [Avg G loss: 3366.116078] [Avg Rec loss: 3.362842]
[Epoch 7/120] [D Val loss: 5.655461] [G loss: 3364.382643] [Rec loss: 3.368372] [LR C: 0.000001] [LR G: 0.000010]
++++++++++++++++++++++++++++++++
++++++++++++++++++++++++++++++++
[Epoch 8/120] [Avg D loss: -8.469729] [Avg G loss: 3244.713611] [Avg Rec loss: 3.240793]
[Epoch 8/120] [D Val loss: 11.279352] [G loss: 3766.263017] [Rec loss: 3.776083] [LR C: 0.000001] [LR G: 0.000010]
++++++++++++++++++++++++++++++++
++++++++++++++++++++++++++++++++
[Epoch 9/120] [Avg D loss: -9.803721] [Avg G loss: 3260.818549] [Avg Rec loss: 3.256312]
[Epoch 9/120] [D Val loss: 17.207548] [G loss: 4608.404981] [Rec loss: 4.623133] [LR C: 0.000001] [LR G: 0.000010]
++++++++++++++++++++++++++++++++
++++++++++++++++++++++++++++++++
[Epoch 10/120] [Avg D loss: -11.145112] [Avg G loss: 3164.004479] [Avg Rec loss: 3.158812]
[Epoch 10/120] [D Val loss: 14.918890] [G loss: 3781.836941] [Rec loss: 3.794441] [LR C: 0.000001] [LR G: 0.000010]
++++++++++++++++++++++++++++++++
++++++++++++++++++++++++++++++++
[Epoch 11/120] [Avg D loss: -12.593912] [Avg G loss: 3188.804265] [Avg Rec loss: 3.182971]
[Epoch 11/120] [D Val loss: 14.803147] [G loss: 3565.856595] [Rec loss: 3.578137] [LR C: 0.000001] [LR G: 0.000010]
++++++++++++++++++++++++++++++++
++++++++++++++++++++++++++++++++
[Epoch 12/120] [Avg D loss: -14.022170] [Avg G loss: 3099.541028] [Avg Rec loss: 3.092987]
[Epoch 12/120] [D Val loss: 18.501709] [G loss: 3567.859363] [Rec loss: 3.583788] [LR C: 0.000001] [LR G: 0.000010]
++++++++++++++++++++++++++++++++
++++++++++++++++++++++++++++++++
[Epoch 13/120] [Avg D loss: -15.548166] [Avg G loss: 3135.579833] [Avg Rec loss: 3.128352]
[Epoch 13/120] [D Val loss: 23.435085] [G loss: 4002.768540] [Rec loss: 4.022580] [LR C: 0.000001] [LR G: 0.000010]
++++++++++++++++++++++++++++++++
++++++++++++++++++++++++++++++++
[Epoch 14/120] [Avg D loss: -17.038173] [Avg G loss: 3051.658239] [Avg Rec loss: 3.043669]
[Epoch 14/120] [D Val loss: 24.953324] [G loss: 3570.014913] [Rec loss: 3.592030] [LR C: 0.000001] [LR G: 0.000010]
++++++++++++++++++++++++++++++++
++++++++++++++++++++++++++++++++
[Epoch 15/120] [Avg D loss: -18.637260] [Avg G loss: 3087.811956] [Avg Rec loss: 3.079118]
[Epoch 15/120] [D Val loss: 28.157232] [G loss: 3609.187091] [Rec loss: 3.633993] [LR C: 0.000001] [LR G: 0.000010]
++++++++++++++++++++++++++++++++
++++++++++++++++++++++++++++++++
[Epoch 16/120] [Avg D loss: -20.189024] [Avg G loss: 3012.819888] [Avg Rec loss: 3.003324]
[Epoch 16/120] [D Val loss: 31.227693] [G loss: 3416.180711] [Rec loss: 3.444135] [LR C: 0.000001] [LR G: 0.000010]
++++++++++++++++++++++++++++++++
++++++++++++++++++++++++++++++++
[Epoch 17/120] [Avg D loss: -21.102818] [Avg G loss: 3028.358764] [Avg Rec loss: 3.018497]
[Epoch 17/120] [D Val loss: 27.321823] [G loss: 3448.758160] [Rec loss: 3.471512] [LR C: 0.000000] [LR G: 0.000001]
++++++++++++++++++++++++++++++++
++++++++++++++++++++++++++++++++
[Epoch 18/120] [Avg D loss: -21.225082] [Avg G loss: 2945.100121] [Avg Rec loss: 2.935117]
[Epoch 18/120] [D Val loss: 29.051502] [G loss: 3291.995891] [Rec loss: 3.317496] [LR C: 0.000000] [LR G: 0.000001]
++++++++++++++++++++++++++++++++
++++++++++++++++++++++++++++++++
[Epoch 19/120] [Avg D loss: -21.392845] [Avg G loss: 3004.629872] [Avg Rec loss: 2.994640]
[Epoch 19/120] [D Val loss: 31.348823] [G loss: 3450.072342] [Rec loss: 3.477293] [LR C: 0.000000] [LR G: 0.000001]
++++++++++++++++++++++++++++++++
++++++++++++++++++++++++++++++++
[Epoch 20/120] [Avg D loss: -21.536800] [Avg G loss: 2935.743470] [Avg Rec loss: 2.925612]
[Epoch 20/120] [D Val loss: 27.046458] [G loss: 3275.967150] [Rec loss: 3.298802] [LR C: 0.000000] [LR G: 0.000001]
++++++++++++++++++++++++++++++++
++++++++++++++++++++++++++++++++
[Epoch 21/120] [Avg D loss: -21.703297] [Avg G loss: 2994.310258] [Avg Rec loss: 2.984172]
[Epoch 21/120] [D Val loss: 33.828836] [G loss: 3421.814825] [Rec loss: 3.452153] [LR C: 0.000000] [LR G: 0.000001]
++++++++++++++++++++++++++++++++
++++++++++++++++++++++++++++++++
[Epoch 22/120] [Avg D loss: -21.852532] [Avg G loss: 2929.014522] [Avg Rec loss: 2.918735]
[Epoch 22/120] [D Val loss: 32.339263] [G loss: 3257.674765] [Rec loss: 3.286878] [LR C: 0.000000] [LR G: 0.000001]
++++++++++++++++++++++++++++++++
++++++++++++++++++++++++++++++++
[Epoch 23/120] [Avg D loss: -22.024762] [Avg G loss: 2985.984759] [Avg Rec loss: 2.975700]
[Epoch 23/120] [D Val loss: 30.057173] [G loss: 3415.084468] [Rec loss: 3.440532] [LR C: 0.000000] [LR G: 0.000001]
++++++++++++++++++++++++++++++++
++++++++++++++++++++++++++++++++
[Epoch 24/120] [Avg D loss: -22.171765] [Avg G loss: 2922.947713] [Avg Rec loss: 2.912519]
[Epoch 24/120] [D Val loss: 31.800932] [G loss: 3244.268582] [Rec loss: 3.272664] [LR C: 0.000000] [LR G: 0.000001]
++++++++++++++++++++++++++++++++
++++++++++++++++++++++++++++++++
[Epoch 25/120] [Avg D loss: -22.331914] [Avg G loss: 2978.528343] [Avg Rec loss: 2.968095]
[Epoch 25/120] [D Val loss: 33.525519] [G loss: 3392.162206] [Rec loss: 3.421653] [LR C: 0.000000] [LR G: 0.000001]
++++++++++++++++++++++++++++++++
++++++++++++++++++++++++++++++++
[Epoch 26/120] [Avg D loss: -22.478631] [Avg G loss: 2917.222866] [Avg Rec loss: 2.906645]
[Epoch 26/120] [D Val loss: 30.803361] [G loss: 3232.021649] [Rec loss: 3.258989] [LR C: 0.000000] [LR G: 0.000001]
++++++++++++++++++++++++++++++++
++++++++++++++++++++++++++++++++
[Epoch 27/120] [Avg D loss: -22.642218] [Avg G loss: 2971.649938] [Avg Rec loss: 2.961068]
[Epoch 27/120] [D Val loss: 33.869581] [G loss: 3375.450946] [Rec loss: 3.405080] [LR C: 0.000000] [LR G: 0.000001]
++++++++++++++++++++++++++++++++
++++++++++++++++++++++++++++++++
[Epoch 28/120] [Avg D loss: -22.746880] [Avg G loss: 2912.801337] [Avg Rec loss: 2.902090]
[Epoch 28/120] [D Val loss: 29.985357] [G loss: 3213.068604] [Rec loss: 3.238911] [LR C: 0.000000] [LR G: 0.000000]
++++++++++++++++++++++++++++++++
++++++++++++++++++++++++++++++++
[Epoch 29/120] [Avg D loss: -22.750347] [Avg G loss: 2957.465468] [Avg Rec loss: 2.946832]
[Epoch 29/120] [D Val loss: 35.546576] [G loss: 3410.600525] [Rec loss: 3.441952] [LR C: 0.000000] [LR G: 0.000000]
++++++++++++++++++++++++++++++++
++++++++++++++++++++++++++++++++
[Epoch 30/120] [Avg D loss: -22.762601] [Avg G loss: 2910.012335] [Avg Rec loss: 2.899296]
[Epoch 30/120] [D Val loss: 31.423805] [G loss: 3213.191006] [Rec loss: 3.240987] [LR C: 0.000000] [LR G: 0.000000]
++++++++++++++++++++++++++++++++
++++++++++++++++++++++++++++++++
[Epoch 31/120] [Avg D loss: -22.775572] [Avg G loss: 2956.986578] [Avg Rec loss: 2.946346]
[Epoch 31/120] [D Val loss: 35.448583] [G loss: 3409.957755] [Rec loss: 3.441216] [LR C: 0.000000] [LR G: 0.000000]
++++++++++++++++++++++++++++++++
++++++++++++++++++++++++++++++++
[Epoch 32/120] [Avg D loss: -22.796387] [Avg G loss: 2908.560279] [Avg Rec loss: 2.897833]
[Epoch 32/120] [D Val loss: 29.437885] [G loss: 3211.277420] [Rec loss: 3.236465] [LR C: 0.000000] [LR G: 0.000000]
++++++++++++++++++++++++++++++++
++++++++++++++++++++++++++++++++
[Epoch 33/120] [Avg D loss: -22.801330] [Avg G loss: 2956.520693] [Avg Rec loss: 2.945867]
[Epoch 33/120] [D Val loss: 35.035106] [G loss: 3404.851991] [Rec loss: 3.435675] [LR C: 0.000000] [LR G: 0.000000]
++++++++++++++++++++++++++++++++
++++++++++++++++++++++++++++++++
[Epoch 34/120] [Avg D loss: -22.824044] [Avg G loss: 2907.432537] [Avg Rec loss: 2.896692]
[Epoch 34/120] [D Val loss: 30.911589] [G loss: 3204.629428] [Rec loss: 3.231630] [LR C: 0.000000] [LR G: 0.000000]
++++++++++++++++++++++++++++++++
++++++++++++++++++++++++++++++++
[Epoch 35/120] [Avg D loss: -22.832187] [Avg G loss: 2956.035951] [Avg Rec loss: 2.945370]
[Epoch 35/120] [D Val loss: 35.929104] [G loss: 3397.601951] [Rec loss: 3.429564] [LR C: 0.000000] [LR G: 0.000000]
++++++++++++++++++++++++++++++++
++++++++++++++++++++++++++++++++
[Epoch 36/120] [Avg D loss: -22.853230] [Avg G loss: 2906.487384] [Avg Rec loss: 2.895734]
[Epoch 36/120] [D Val loss: 30.545694] [G loss: 3200.938504] [Rec loss: 3.227504] [LR C: 0.000000] [LR G: 0.000000]
++++++++++++++++++++++++++++++++
++++++++++++++++++++++++++++++++
[Epoch 37/120] [Avg D loss: -22.857621] [Avg G loss: 2955.499164] [Avg Rec loss: 2.944820]
[Epoch 37/120] [D Val loss: 36.638051] [G loss: 3394.653222] [Rec loss: 3.427379] [LR C: 0.000000] [LR G: 0.000000]
++++++++++++++++++++++++++++++++
++++++++++++++++++++++++++++++++
[Epoch 38/120] [Avg D loss: -22.881375] [Avg G loss: 2905.641883] [Avg Rec loss: 2.894874]
[Epoch 38/120] [D Val loss: 31.018180] [G loss: 3198.073996] [Rec loss: 3.225189] [LR C: 0.000000] [LR G: 0.000000]
++++++++++++++++++++++++++++++++
++++++++++++++++++++++++++++++++
[Epoch 39/120] [Avg D loss: -22.889563] [Avg G loss: 2954.850540] [Avg Rec loss: 2.944159]
[Epoch 39/120] [D Val loss: 34.345658] [G loss: 3415.061021] [Rec loss: 3.444772] [LR C: 0.000000] [LR G: 0.000000]
++++++++++++++++++++++++++++++++
++++++++++++++++++++++++++++++++
[Epoch 40/120] [Avg D loss: -22.914440] [Avg G loss: 2903.641999] [Avg Rec loss: 2.892862]
[Epoch 40/120] [D Val loss: 30.321638] [G loss: 3202.495778] [Rec loss: 3.228804] [LR C: 0.000000] [LR G: 0.000000]
++++++++++++++++++++++++++++++++
++++++++++++++++++++++++++++++++
[Epoch 41/120] [Avg D loss: -22.920427] [Avg G loss: 2954.714687] [Avg Rec loss: 2.944004]
[Epoch 41/120] [D Val loss: 36.546772] [G loss: 3409.471165] [Rec loss: 3.441896] [LR C: 0.000000] [LR G: 0.000000]
++++++++++++++++++++++++++++++++
++++++++++++++++++++++++++++++++
[Epoch 42/120] [Avg D loss: -22.935433] [Avg G loss: 2903.622843] [Avg Rec loss: 2.892825]
[Epoch 42/120] [D Val loss: 28.606625] [G loss: 3203.106462] [Rec loss: 3.227255] [LR C: 0.000000] [LR G: 0.000000]
++++++++++++++++++++++++++++++++
++++++++++++++++++++++++++++++++
[Epoch 43/120] [Avg D loss: -22.963525] [Avg G loss: 2954.621163] [Avg Rec loss: 2.943894]
[Epoch 43/120] [D Val loss: 36.948791] [G loss: 3406.366533] [Rec loss: 3.439252] [LR C: 0.000000] [LR G: 0.000000]
++++++++++++++++++++++++++++++++
++++++++++++++++++++++++++++++++
[Epoch 44/120] [Avg D loss: -22.973699] [Avg G loss: 2903.591861] [Avg Rec loss: 2.892777]
[Epoch 44/120] [D Val loss: 31.102651] [G loss: 3198.915308] [Rec loss: 3.226016] [LR C: 0.000000] [LR G: 0.000000]
++++++++++++++++++++++++++++++++
++++++++++++++++++++++++++++++++
[Epoch 45/120] [Avg D loss: -22.991494] [Avg G loss: 2954.539630] [Avg Rec loss: 2.943796]
[Epoch 45/120] [D Val loss: 33.137158] [G loss: 3409.176056] [Rec loss: 3.437397] [LR C: 0.000000] [LR G: 0.000000]
++++++++++++++++++++++++++++++++
++++++++++++++++++++++++++++++++
[Epoch 46/120] [Avg D loss: -23.008092] [Avg G loss: 2903.562984] [Avg Rec loss: 2.892731]
[Epoch 46/120] [D Val loss: 30.575306] [G loss: 3198.585668] [Rec loss: 3.224967] [LR C: 0.000000] [LR G: 0.000000]
++++++++++++++++++++++++++++++++
++++++++++++++++++++++++++++++++
[Epoch 47/120] [Avg D loss: -23.027406] [Avg G loss: 2954.462135] [Avg Rec loss: 2.943701]
[Epoch 47/120] [D Val loss: 37.256698] [G loss: 3403.208607] [Rec loss: 3.436456] [LR C: 0.000000] [LR G: 0.000000]
++++++++++++++++++++++++++++++++
++++++++++++++++++++++++++++++++
[Epoch 48/120] [Avg D loss: -23.048416] [Avg G loss: 2903.525046] [Avg Rec loss: 2.892676]
[Epoch 48/120] [D Val loss: 32.394150] [G loss: 3195.059421] [Rec loss: 3.223708] [LR C: 0.000000] [LR G: 0.000000]
++++++++++++++++++++++++++++++++
++++++++++++++++++++++++++++++++
[Epoch 49/120] [Avg D loss: -23.064117] [Avg G loss: 2954.400557] [Avg Rec loss: 2.943622]
[Epoch 49/120] [D Val loss: 35.084646] [G loss: 3404.177079] [Rec loss: 3.434743] [LR C: 0.000000] [LR G: 0.000000]
++++++++++++++++++++++++++++++++
++++++++++++++++++++++++++++++++
[Epoch 50/120] [Avg D loss: -23.086006] [Avg G loss: 2903.477002] [Avg Rec loss: 2.892611]
[Epoch 50/120] [D Val loss: 30.262521] [G loss: 3196.728652] [Rec loss: 3.222754] [LR C: 0.000000] [LR G: 0.000000]
++++++++++++++++++++++++++++++++
++++++++++++++++++++++++++++++++
[Epoch 51/120] [Avg D loss: -23.100583] [Avg G loss: 2954.335863] [Avg Rec loss: 2.943541]
[Epoch 51/120] [D Val loss: 39.754087] [G loss: 3397.896852] [Rec loss: 3.434201] [LR C: 0.000000] [LR G: 0.000000]
++++++++++++++++++++++++++++++++
++++++++++++++++++++++++++++++++
[Epoch 52/120] [Avg D loss: -23.116987] [Avg G loss: 2903.436748] [Avg Rec loss: 2.892555]
[Epoch 52/120] [D Val loss: 29.939025] [G loss: 3196.767530] [Rec loss: 3.222342] [LR C: 0.000000] [LR G: 0.000000]
++++++++++++++++++++++++++++++++
++++++++++++++++++++++++++++++++
[Epoch 53/120] [Avg D loss: -23.131409] [Avg G loss: 2954.274131] [Avg Rec loss: 2.943463]
[Epoch 53/120] [D Val loss: 37.636376] [G loss: 3399.221214] [Rec loss: 3.432984] [LR C: 0.000000] [LR G: 0.000000]
++++++++++++++++++++++++++++++++
++++++++++++++++++++++++++++++++
[Epoch 54/120] [Avg D loss: -23.138753] [Avg G loss: 2903.388466] [Avg Rec loss: 2.892489]
[Epoch 54/120] [D Val loss: 34.071766] [G loss: 3190.599022] [Rec loss: 3.221336] [LR C: 0.000000] [LR G: 0.000000]
++++++++++++++++++++++++++++++++
++++++++++++++++++++++++++++++++
[Epoch 55/120] [Avg D loss: -23.170842] [Avg G loss: 2954.219214] [Avg Rec loss: 2.943391]
[Epoch 55/120] [D Val loss: 36.494618] [G loss: 3399.769807] [Rec loss: 3.431941] [LR C: 0.000000] [LR G: 0.000000]
++++++++++++++++++++++++++++++++
++++++++++++++++++++++++++++++++
[Epoch 56/120] [Avg D loss: -23.183989] [Avg G loss: 2903.342973] [Avg Rec loss: 2.892426]
[Epoch 56/120] [D Val loss: 32.077282] [G loss: 3192.656940] [Rec loss: 3.221017] [LR C: 0.000000] [LR G: 0.000000]
++++++++++++++++++++++++++++++++
++++++++++++++++++++++++++++++++
[Epoch 57/120] [Avg D loss: -23.201748] [Avg G loss: 2954.163684] [Avg Rec loss: 2.943318]
[Epoch 57/120] [D Val loss: 38.635300] [G loss: 3395.866625] [Rec loss: 3.430543] [LR C: 0.000000] [LR G: 0.000000]
++++++++++++++++++++++++++++++++
++++++++++++++++++++++++++++++++
[Epoch 58/120] [Avg D loss: -23.215231] [Avg G loss: 2903.289287] [Avg Rec loss: 2.892356]
[Epoch 58/120] [D Val loss: 30.925212] [G loss: 3193.337404] [Rec loss: 3.220275] [LR C: 0.000000] [LR G: 0.000000]
++++++++++++++++++++++++++++++++
++++++++++++++++++++++++++++++++
[Epoch 59/120] [Avg D loss: -23.235378] [Avg G loss: 2954.100027] [Avg Rec loss: 2.943239]
[Epoch 59/120] [D Val loss: 37.783454] [G loss: 3396.803621] [Rec loss: 3.430710] [LR C: 0.000000] [LR G: 0.000000]
++++++++++++++++++++++++++++++++
++++++++++++++++++++++++++++++++
[Epoch 60/120] [Avg D loss: -23.240065] [Avg G loss: 2903.249449] [Avg Rec loss: 2.892301]
[Epoch 60/120] [D Val loss: 31.754684] [G loss: 3192.124529] [Rec loss: 3.219978] [LR C: 0.000000] [LR G: 0.000000]
++++++++++++++++++++++++++++++++
++++++++++++++++++++++++++++++++
[Epoch 61/120] [Avg D loss: -23.270271] [Avg G loss: 2954.049749] [Avg Rec loss: 2.943172]
[Epoch 61/120] [D Val loss: 34.602874] [G loss: 3400.030299] [Rec loss: 3.429832] [LR C: 0.000000] [LR G: 0.000000]
++++++++++++++++++++++++++++++++
++++++++++++++++++++++++++++++++
[Epoch 62/120] [Avg D loss: -23.285650] [Avg G loss: 2903.202489] [Avg Rec loss: 2.892237]
[Epoch 62/120] [D Val loss: 32.306045] [G loss: 3191.341184] [Rec loss: 3.219832] [LR C: 0.000000] [LR G: 0.000000]
++++++++++++++++++++++++++++++++
++++++++++++++++++++++++++++++++
[Epoch 63/120] [Avg D loss: -23.310024] [Avg G loss: 2953.992434] [Avg Rec loss: 2.943097]
[Epoch 63/120] [D Val loss: 36.983804] [G loss: 3396.469115] [Rec loss: 3.429332] [LR C: 0.000000] [LR G: 0.000000]
++++++++++++++++++++++++++++++++
++++++++++++++++++++++++++++++++
[Epoch 64/120] [Avg D loss: -23.318498] [Avg G loss: 2903.155328] [Avg Rec loss: 2.892172]
[Epoch 64/120] [D Val loss: 32.327396] [G loss: 3190.863532] [Rec loss: 3.219399] [LR C: 0.000000] [LR G: 0.000000]
++++++++++++++++++++++++++++++++
++++++++++++++++++++++++++++++++
[Epoch 65/120] [Avg D loss: -23.338698] [Avg G loss: 2953.941056] [Avg Rec loss: 2.943030]
[Epoch 65/120] [D Val loss: 39.481918] [G loss: 3392.583631] [Rec loss: 3.428453] [LR C: 0.000000] [LR G: 0.000000]
++++++++++++++++++++++++++++++++
++++++++++++++++++++++++++++++++
[Epoch 66/120] [Avg D loss: -23.353372] [Avg G loss: 2903.105226] [Avg Rec loss: 2.892106]
[Epoch 66/120] [D Val loss: 31.923660] [G loss: 3190.183638] [Rec loss: 3.218188] [LR C: 0.000000] [LR G: 0.000000]
++++++++++++++++++++++++++++++++
++++++++++++++++++++++++++++++++
[Epoch 67/120] [Avg D loss: -23.367885] [Avg G loss: 2953.885101] [Avg Rec loss: 2.942958]
[Epoch 67/120] [D Val loss: 38.167827] [G loss: 3393.857100] [Rec loss: 3.428195] [LR C: 0.000000] [LR G: 0.000000]
++++++++++++++++++++++++++++++++
++++++++++++++++++++++++++++++++
[Epoch 68/120] [Avg D loss: -23.381438] [Avg G loss: 2903.055431] [Avg Rec loss: 2.892041]
[Epoch 68/120] [D Val loss: 31.938871] [G loss: 3190.397152] [Rec loss: 3.218336] [LR C: 0.000000] [LR G: 0.000000]
++++++++++++++++++++++++++++++++
++++++++++++++++++++++++++++++++
[Epoch 69/120] [Avg D loss: -23.397436] [Avg G loss: 2953.838458] [Avg Rec loss: 2.942895]
[Epoch 69/120] [D Val loss: 35.874594] [G loss: 3396.592077] [Rec loss: 3.428208] [LR C: 0.000000] [LR G: 0.000000]
++++++++++++++++++++++++++++++++
++++++++++++++++++++++++++++++++
[Epoch 70/120] [Avg D loss: -23.420226] [Avg G loss: 2903.004744] [Avg Rec loss: 2.891973]
[Epoch 70/120] [D Val loss: 34.585350] [G loss: 3186.766936] [Rec loss: 3.218140] [LR C: 0.000000] [LR G: 0.000000]
++++++++++++++++++++++++++++++++
++++++++++++++++++++++++++++++++
[Epoch 71/120] [Avg D loss: -23.439367] [Avg G loss: 2953.781450] [Avg Rec loss: 2.942821]
[Epoch 71/120] [D Val loss: 41.527989] [G loss: 3389.221626] [Rec loss: 3.427569] [LR C: 0.000000] [LR G: 0.000000]
++++++++++++++++++++++++++++++++
++++++++++++++++++++++++++++++++
[Epoch 72/120] [Avg D loss: -23.452577] [Avg G loss: 2902.955152] [Avg Rec loss: 2.891906]
[Epoch 72/120] [D Val loss: 32.255150] [G loss: 3189.372325] [Rec loss: 3.217854] [LR C: 0.000000] [LR G: 0.000000]
++++++++++++++++++++++++++++++++
++++++++++++++++++++++++++++++++
[Epoch 73/120] [Avg D loss: -23.474406] [Avg G loss: 2953.727360] [Avg Rec loss: 2.942751]
[Epoch 73/120] [D Val loss: 36.892082] [G loss: 3394.847876] [Rec loss: 3.427437] [LR C: 0.000000] [LR G: 0.000000]
++++++++++++++++++++++++++++++++
++++++++++++++++++++++++++++++++
[Epoch 74/120] [Avg D loss: -23.478321] [Avg G loss: 2902.904147] [Avg Rec loss: 2.891839]
[Epoch 74/120] [D Val loss: 28.398541] [G loss: 3194.531458] [Rec loss: 3.218008] [LR C: 0.000000] [LR G: 0.000000]
++++++++++++++++++++++++++++++++
++++++++++++++++++++++++++++++++
[Epoch 75/120] [Avg D loss: -23.507841] [Avg G loss: 2953.676213] [Avg Rec loss: 2.942684]
[Epoch 75/120] [D Val loss: 36.128507] [G loss: 3395.062516] [Rec loss: 3.426872] [LR C: 0.000000] [LR G: 0.000000]
++++++++++++++++++++++++++++++++
++++++++++++++++++++++++++++++++
[Epoch 76/120] [Avg D loss: -23.519356] [Avg G loss: 2902.856311] [Avg Rec loss: 2.891776]
[Epoch 76/120] [D Val loss: 30.830327] [G loss: 3190.927675] [Rec loss: 3.217465] [LR C: 0.000000] [LR G: 0.000000]
++++++++++++++++++++++++++++++++
++++++++++++++++++++++++++++++++
[Epoch 77/120] [Avg D loss: -23.537695] [Avg G loss: 2953.627185] [Avg Rec loss: 2.942618]
[Epoch 77/120] [D Val loss: 36.721129] [G loss: 3394.130375] [Rec loss: 3.426524] [LR C: 0.000000] [LR G: 0.000000]
++++++++++++++++++++++++++++++++
++++++++++++++++++++++++++++++++
[Epoch 78/120] [Avg D loss: -23.554757] [Avg G loss: 2902.800938] [Avg Rec loss: 2.891703]
[Epoch 78/120] [D Val loss: 31.226520] [G loss: 3190.429974] [Rec loss: 3.217418] [LR C: 0.000000] [LR G: 0.000000]
++++++++++++++++++++++++++++++++
++++++++++++++++++++++++++++++++
[Epoch 79/120] [Avg D loss: -23.571396] [Avg G loss: 2953.580643] [Avg Rec loss: 2.942554]
[Epoch 79/120] [D Val loss: 34.623473] [G loss: 3396.488478] [Rec loss: 3.426269] [LR C: 0.000000] [LR G: 0.000000]
++++++++++++++++++++++++++++++++
++++++++++++++++++++++++++++++++
[Epoch 80/120] [Avg D loss: -23.582582] [Avg G loss: 2902.750782] [Avg Rec loss: 2.891636]
[Epoch 80/120] [D Val loss: 34.408537] [G loss: 3186.061073] [Rec loss: 3.216960] [LR C: 0.000000] [LR G: 0.000000]
++++++++++++++++++++++++++++++++
++++++++++++++++++++++++++++++++
[Epoch 81/120] [Avg D loss: -23.615548] [Avg G loss: 2953.525722] [Avg Rec loss: 2.942484]
[Epoch 81/120] [D Val loss: 38.256091] [G loss: 3391.583779] [Rec loss: 3.425672] [LR C: 0.000000] [LR G: 0.000000]
++++++++++++++++++++++++++++++++
++++++++++++++++++++++++++++++++
[Epoch 82/120] [Avg D loss: -23.622833] [Avg G loss: 2902.700737] [Avg Rec loss: 2.891570]
[Epoch 82/120] [D Val loss: 31.514756] [G loss: 3189.259724] [Rec loss: 3.216556] [LR C: 0.000000] [LR G: 0.000000]
++++++++++++++++++++++++++++++++
++++++++++++++++++++++++++++++++
[Epoch 83/120] [Avg D loss: -23.635580] [Avg G loss: 2953.476811] [Avg Rec loss: 2.942419]
[Epoch 83/120] [D Val loss: 40.183413] [G loss: 3389.027817] [Rec loss: 3.425616] [LR C: 0.000000] [LR G: 0.000000]
++++++++++++++++++++++++++++++++
++++++++++++++++++++++++++++++++
[Epoch 84/120] [Avg D loss: -23.661828] [Avg G loss: 2902.650696] [Avg Rec loss: 2.891504]
[Epoch 84/120] [D Val loss: 32.534310] [G loss: 3187.898810] [Rec loss: 3.216573] [LR C: 0.000000] [LR G: 0.000000]
++++++++++++++++++++++++++++++++
++++++++++++++++++++++++++++++++
[Epoch 85/120] [Avg D loss: -23.680991] [Avg G loss: 2953.428029] [Avg Rec loss: 2.942353]
[Epoch 85/120] [D Val loss: 36.204553] [G loss: 3393.719580] [Rec loss: 3.425506] [LR C: 0.000000] [LR G: 0.000000]
++++++++++++++++++++++++++++++++
++++++++++++++++++++++++++++++++
[Epoch 86/120] [Avg D loss: -23.701279] [Avg G loss: 2902.597673] [Avg Rec loss: 2.891433]
[Epoch 86/120] [D Val loss: 31.320970] [G loss: 3188.994029] [Rec loss: 3.215921] [LR C: 0.000000] [LR G: 0.000000]
++++++++++++++++++++++++++++++++
++++++++++++++++++++++++++++++++
[Epoch 87/120] [Avg D loss: -23.706509] [Avg G loss: 2953.383337] [Avg Rec loss: 2.942291]
[Epoch 87/120] [D Val loss: 37.053379] [G loss: 3392.395330] [Rec loss: 3.425110] [LR C: 0.000000] [LR G: 0.000000]
++++++++++++++++++++++++++++++++
++++++++++++++++++++++++++++++++
[Epoch 88/120] [Avg D loss: -23.719777] [Avg G loss: 2902.548786] [Avg Rec loss: 2.891368]
[Epoch 88/120] [D Val loss: 30.465953] [G loss: 3189.974824] [Rec loss: 3.216089] [LR C: 0.000000] [LR G: 0.000000]
++++++++++++++++++++++++++++++++
++++++++++++++++++++++++++++++++
[Epoch 89/120] [Avg D loss: -23.741629] [Avg G loss: 2953.331465] [Avg Rec loss: 2.942224]
[Epoch 89/120] [D Val loss: 35.990385] [G loss: 3393.790067] [Rec loss: 3.425113] [LR C: 0.000000] [LR G: 0.000000]
++++++++++++++++++++++++++++++++
++++++++++++++++++++++++++++++++
[Epoch 90/120] [Avg D loss: -23.748554] [Avg G loss: 2902.500310] [Avg Rec loss: 2.891304]
[Epoch 90/120] [D Val loss: 31.852161] [G loss: 3188.125257] [Rec loss: 3.215811] [LR C: 0.000000] [LR G: 0.000000]
++++++++++++++++++++++++++++++++
++++++++++++++++++++++++++++++++
[Epoch 91/120] [Avg D loss: -23.775793] [Avg G loss: 2953.281526] [Avg Rec loss: 2.942158]
[Epoch 91/120] [D Val loss: 39.051305] [G loss: 3389.330452] [Rec loss: 3.424400] [LR C: 0.000000] [LR G: 0.000000]
++++++++++++++++++++++++++++++++
++++++++++++++++++++++++++++++++
[Epoch 92/120] [Avg D loss: -23.793788] [Avg G loss: 2902.451020] [Avg Rec loss: 2.891238]
[Epoch 92/120] [D Val loss: 30.875421] [G loss: 3188.794156] [Rec loss: 3.215255] [LR C: 0.000000] [LR G: 0.000000]
++++++++++++++++++++++++++++++++
++++++++++++++++++++++++++++++++
[Epoch 93/120] [Avg D loss: -23.813394] [Avg G loss: 2953.231317] [Avg Rec loss: 2.942091]
[Epoch 93/120] [D Val loss: 38.228142] [G loss: 3390.238007] [Rec loss: 3.424274] [LR C: 0.000000] [LR G: 0.000000]
++++++++++++++++++++++++++++++++
++++++++++++++++++++++++++++++++
[Epoch 94/120] [Avg D loss: -23.827893] [Avg G loss: 2902.399608] [Avg Rec loss: 2.891170]
[Epoch 94/120] [D Val loss: 32.248429] [G loss: 3187.182584] [Rec loss: 3.215289] [LR C: 0.000000] [LR G: 0.000000]
++++++++++++++++++++++++++++++++
++++++++++++++++++++++++++++++++
[Epoch 95/120] [Avg D loss: -23.846378] [Avg G loss: 2953.186005] [Avg Rec loss: 2.942029]
[Epoch 95/120] [D Val loss: 39.188240] [G loss: 3388.588356] [Rec loss: 3.423801] [LR C: 0.000000] [LR G: 0.000000]
++++++++++++++++++++++++++++++++
++++++++++++++++++++++++++++++++
[Epoch 96/120] [Avg D loss: -23.867279] [Avg G loss: 2902.348755] [Avg Rec loss: 2.891103]
[Epoch 96/120] [D Val loss: 31.098762] [G loss: 3189.046084] [Rec loss: 3.215760] [LR C: 0.000000] [LR G: 0.000000]
++++++++++++++++++++++++++++++++
++++++++++++++++++++++++++++++++
[Epoch 97/120] [Avg D loss: -23.882238] [Avg G loss: 2953.136211] [Avg Rec loss: 2.941963]
[Epoch 97/120] [D Val loss: 35.939563] [G loss: 3392.288195] [Rec loss: 3.423686] [LR C: 0.000000] [LR G: 0.000000]
++++++++++++++++++++++++++++++++
++++++++++++++++++++++++++++++++
[Epoch 98/120] [Avg D loss: -23.885717] [Avg G loss: 2902.299819] [Avg Rec loss: 2.891038]
[Epoch 98/120] [D Val loss: 30.055132] [G loss: 3189.791386] [Rec loss: 3.215126] [LR C: 0.000000] [LR G: 0.000000]
++++++++++++++++++++++++++++++++
++++++++++++++++++++++++++++++++
[Epoch 99/120] [Avg D loss: -23.917943] [Avg G loss: 2953.085283] [Avg Rec loss: 2.941897]
[Epoch 99/120] [D Val loss: 45.341060] [G loss: 3380.938021] [Rec loss: 3.423661] [LR C: 0.000000] [LR G: 0.000000]
++++++++++++++++++++++++++++++++
++++++++++++++++++++++++++++++++
[Epoch 100/120] [Avg D loss: -23.928102] [Avg G loss: 2902.245177] [Avg Rec loss: 2.890967]
[Epoch 100/120] [D Val loss: 36.404870] [G loss: 3181.484484] [Rec loss: 3.214784] [LR C: 0.000000] [LR G: 0.000000]
++++++++++++++++++++++++++++++++
++++++++++++++++++++++++++++++++
[Epoch 101/120] [Avg D loss: -23.944881] [Avg G loss: 2953.039160] [Avg Rec loss: 2.941834]
[Epoch 101/120] [D Val loss: 36.029056] [G loss: 3392.186970] [Rec loss: 3.423457] [LR C: 0.000000] [LR G: 0.000000]
++++++++++++++++++++++++++++++++
++++++++++++++++++++++++++++++++
[Epoch 102/120] [Avg D loss: -23.957221] [Avg G loss: 2902.196818] [Avg Rec loss: 2.890901]
[Epoch 102/120] [D Val loss: 32.254269] [G loss: 3186.400854] [Rec loss: 3.214524] [LR C: 0.000000] [LR G: 0.000000]
++++++++++++++++++++++++++++++++
++++++++++++++++++++++++++++++++
[Epoch 103/120] [Avg D loss: -23.980566] [Avg G loss: 2952.991164] [Avg Rec loss: 2.941769]
[Epoch 103/120] [D Val loss: 40.654399] [G loss: 3385.738923] [Rec loss: 3.422614] [LR C: 0.000000] [LR G: 0.000000]
++++++++++++++++++++++++++++++++
++++++++++++++++++++++++++++++++
[Epoch 104/120] [Avg D loss: -23.999721] [Avg G loss: 2902.143259] [Avg Rec loss: 2.890831]
[Epoch 104/120] [D Val loss: 35.474580] [G loss: 3182.223706] [Rec loss: 3.214500] [LR C: 0.000000] [LR G: 0.000000]
++++++++++++++++++++++++++++++++
++++++++++++++++++++++++++++++++
[Epoch 105/120] [Avg D loss: -24.018138] [Avg G loss: 2952.942375] [Avg Rec loss: 2.941704]
[Epoch 105/120] [D Val loss: 36.261223] [G loss: 3391.213102] [Rec loss: 3.422987] [LR C: 0.000000] [LR G: 0.000000]
++++++++++++++++++++++++++++++++
++++++++++++++++++++++++++++++++
[Epoch 106/120] [Avg D loss: -24.035922] [Avg G loss: 2902.091120] [Avg Rec loss: 2.890763]
[Epoch 106/120] [D Val loss: 33.782325] [G loss: 3184.597399] [Rec loss: 3.214491] [LR C: 0.000000] [LR G: 0.000000]
++++++++++++++++++++++++++++++++
++++++++++++++++++++++++++++++++
[Epoch 107/120] [Avg D loss: -24.045572] [Avg G loss: 2952.889291] [Avg Rec loss: 2.941635]
[Epoch 107/120] [D Val loss: 36.760826] [G loss: 3390.669678] [Rec loss: 3.422739] [LR C: 0.000000] [LR G: 0.000000]
++++++++++++++++++++++++++++++++
++++++++++++++++++++++++++++++++
[Epoch 108/120] [Avg D loss: -24.061284] [Avg G loss: 2902.045592] [Avg Rec loss: 2.890701]
[Epoch 108/120] [D Val loss: 37.199247] [G loss: 3179.990276] [Rec loss: 3.214151] [LR C: 0.000000] [LR G: 0.000000]
++++++++++++++++++++++++++++++++
++++++++++++++++++++++++++++++++
[Epoch 109/120] [Avg D loss: -24.082806] [Avg G loss: 2952.844853] [Avg Rec loss: 2.941573]
[Epoch 109/120] [D Val loss: 41.007665] [G loss: 3384.997555] [Rec loss: 3.422538] [LR C: 0.000000] [LR G: 0.000000]
++++++++++++++++++++++++++++++++
++++++++++++++++++++++++++++++++
[Epoch 110/120] [Avg D loss: -24.094286] [Avg G loss: 2901.991260] [Avg Rec loss: 2.890629]
[Epoch 110/120] [D Val loss: 32.765080] [G loss: 3185.730391] [Rec loss: 3.214385] [LR C: 0.000000] [LR G: 0.000000]
++++++++++++++++++++++++++++++++
++++++++++++++++++++++++++++++++
[Epoch 111/120] [Avg D loss: -24.109060] [Avg G loss: 2952.799957] [Avg Rec loss: 2.941512]
[Epoch 111/120] [D Val loss: 38.630384] [G loss: 3387.818761] [Rec loss: 3.422366] [LR C: 0.000000] [LR G: 0.000000]
++++++++++++++++++++++++++++++++
++++++++++++++++++++++++++++++++
[Epoch 112/120] [Avg D loss: -24.132255] [Avg G loss: 2901.935370] [Avg Rec loss: 2.890558]
[Epoch 112/120] [D Val loss: 30.335821] [G loss: 3188.126042] [Rec loss: 3.213813] [LR C: 0.000000] [LR G: 0.000000]
++++++++++++++++++++++++++++++++
++++++++++++++++++++++++++++++++
[Epoch 113/120] [Avg D loss: -24.144417] [Avg G loss: 2952.752613] [Avg Rec loss: 2.941449]
[Epoch 113/120] [D Val loss: 42.132673] [G loss: 3383.038603] [Rec loss: 3.421882] [LR C: 0.000000] [LR G: 0.000000]
++++++++++++++++++++++++++++++++
++++++++++++++++++++++++++++++++
[Epoch 114/120] [Avg D loss: -24.160993] [Avg G loss: 2901.886530] [Avg Rec loss: 2.890493]
[Epoch 114/120] [D Val loss: 33.549020] [G loss: 3183.493282] [Rec loss: 3.213221] [LR C: 0.000000] [LR G: 0.000000]
++++++++++++++++++++++++++++++++
++++++++++++++++++++++++++++++++
[Epoch 115/120] [Avg D loss: -24.171621] [Avg G loss: 2952.702002] [Avg Rec loss: 2.941383]
[Epoch 115/120] [D Val loss: 34.832235] [G loss: 3391.882867] [Rec loss: 3.421656] [LR C: 0.000000] [LR G: 0.000000]
++++++++++++++++++++++++++++++++
++++++++++++++++++++++++++++++++
[Epoch 116/120] [Avg D loss: -24.208712] [Avg G loss: 2901.841437] [Avg Rec loss: 2.890431]
[Epoch 116/120] [D Val loss: 29.966796] [G loss: 3188.278834] [Rec loss: 3.213525] [LR C: 0.000000] [LR G: 0.000000]
++++++++++++++++++++++++++++++++
++++++++++++++++++++++++++++++++
[Epoch 117/120] [Avg D loss: -24.226248] [Avg G loss: 2952.654190] [Avg Rec loss: 2.941317]
[Epoch 117/120] [D Val loss: 41.939354] [G loss: 3383.163737] [Rec loss: 3.421588] [LR C: 0.000000] [LR G: 0.000000]
++++++++++++++++++++++++++++++++
++++++++++++++++++++++++++++++++
[Epoch 118/120] [Avg D loss: -24.243996] [Avg G loss: 2901.793892] [Avg Rec loss: 2.890366]
[Epoch 118/120] [D Val loss: 31.307543] [G loss: 3186.591288] [Rec loss: 3.213333] [LR C: 0.000000] [LR G: 0.000000]
++++++++++++++++++++++++++++++++
++++++++++++++++++++++++++++++++
[Epoch 119/120] [Avg D loss: -24.252737] [Avg G loss: 2952.605509] [Avg Rec loss: 2.941252]
[Epoch 119/120] [D Val loss: 36.828464] [G loss: 3388.804016] [Rec loss: 3.420852] [LR C: 0.000000] [LR G: 0.000000]
++++++++++++++++++++++++++++++++
++++++++++++++++++++++++++++++++
[Epoch 120/120] [Avg D loss: -24.277478] [Avg G loss: 2901.738078] [Avg Rec loss: 2.890294]
[Epoch 120/120] [D Val loss: 32.694780] [G loss: 3184.877582] [Rec loss: 3.213395] [LR C: 0.000000] [LR G: 0.000000]
++++++++++++++++++++++++++++++++
wandb: Waiting for W&B process to finish... (success).
wandb: - 0.000 MB of 0.000 MB uploaded (0.000 MB deduped)
wandb: \ 0.000 MB of 0.000 MB uploaded (0.000 MB deduped)
wandb:                                                                                
wandb: You can sync this run to the cloud by running:
wandb: wandb sync /cpfs01/projects-HDD/cfff-4a8d9af84f66_HDD/public/ShiXiSheng/yzy/yzy_results/ex18_onestepwgan_cri2_weightmae_aheadtop_0.008/wandb/offline-run-20241111_155859-weblja2owgan
wandb: Find logs at: ./yzy_results/ex18_onestepwgan_cri2_weightmae_aheadtop_0.008/wandb/offline-run-20241111_155859-weblja2owgan/logs
/cpfs01/projects-HDD/cfff-4a8d9af84f66_HDD/yinzunyi/py3.9/lib/python3.9/site-packages/xarray/core/concat.py:527: FutureWarning: unique with argument that is not not a Series, Index, ExtensionArray, or np.ndarray is deprecated and will raise in a future version.
  common_dims = tuple(pd.unique([d for v in vars for d in v.dims]))
/cpfs01/projects-HDD/cfff-4a8d9af84f66_HDD/public/ShiXiSheng/yzy/precipitation_downscaling-bing_issue09_bias_correction/models/network_unet.py:217: UserWarning: nn.init.xavier_uniform is now deprecated in favor of nn.init.xavier_uniform_.
  torch.nn.init.xavier_uniform(self.output.weight)
wandb: Tracking run with wandb version 0.13.2
wandb: W&B syncing is set to `offline` in this directory.  
wandb: Run `wandb online` or set WANDB_MODE=online to enable cloud syncing.
/cpfs01/projects-HDD/cfff-4a8d9af84f66_HDD/public/ShiXiSheng/yzy/precipitation_downscaling-bing_issue09_bias_correction/train_scripts/wgan_train.py:33: UserWarning: To copy construct from a tensor, it is recommended to use sourceTensor.clone().detach() or sourceTensor.clone().detach().requires_grad_(True), rather than torch.tensor(sourceTensor).
  weights = torch.tensor(y_true,requires_grad=False) #
The patch size for prepitation is 16
K 值是多少让我看看： 0.008
self.prcp_indexes: [4, 5, 9]
Going to open the following files: /cpfs01/projects-HDD/cfff-4a8d9af84f66_HDD/public/ShiXiSheng/yzy/downscaling_precipitation/precip_dataset_new/train
Going to open the following files: [PosixPath('/cpfs01/projects-HDD/cfff-4a8d9af84f66_HDD/public/ShiXiSheng/yzy/downscaling_precipitation/precip_dataset_new/train/preproc_ifs_radklim_2016-01.nc'), PosixPath('/cpfs01/projects-HDD/cfff-4a8d9af84f66_HDD/public/ShiXiSheng/yzy/downscaling_precipitation/precip_dataset_new/train/preproc_ifs_radklim_2016-02.nc'), PosixPath('/cpfs01/projects-HDD/cfff-4a8d9af84f66_HDD/public/ShiXiSheng/yzy/downscaling_precipitation/precip_dataset_new/train/preproc_ifs_radklim_2016-03.nc'), PosixPath('/cpfs01/projects-HDD/cfff-4a8d9af84f66_HDD/public/ShiXiSheng/yzy/downscaling_precipitation/precip_dataset_new/train/preproc_ifs_radklim_2016-04.nc'), PosixPath('/cpfs01/projects-HDD/cfff-4a8d9af84f66_HDD/public/ShiXiSheng/yzy/downscaling_precipitation/precip_dataset_new/train/preproc_ifs_radklim_2016-05.nc'), PosixPath('/cpfs01/projects-HDD/cfff-4a8d9af84f66_HDD/public/ShiXiSheng/yzy/downscaling_precipitation/precip_dataset_new/train/preproc_ifs_radklim_2016-06.nc'), PosixPath('/cpfs01/projects-HDD/cfff-4a8d9af84f66_HDD/public/ShiXiSheng/yzy/downscaling_precipitation/precip_dataset_new/train/preproc_ifs_radklim_2016-07.nc'), PosixPath('/cpfs01/projects-HDD/cfff-4a8d9af84f66_HDD/public/ShiXiSheng/yzy/downscaling_precipitation/precip_dataset_new/train/preproc_ifs_radklim_2018-02.nc'), PosixPath('/cpfs01/projects-HDD/cfff-4a8d9af84f66_HDD/public/ShiXiSheng/yzy/downscaling_precipitation/precip_dataset_new/train/preproc_ifs_radklim_2018-03.nc'), PosixPath('/cpfs01/projects-HDD/cfff-4a8d9af84f66_HDD/public/ShiXiSheng/yzy/downscaling_precipitation/precip_dataset_new/train/preproc_ifs_radklim_2018-04.nc'), PosixPath('/cpfs01/projects-HDD/cfff-4a8d9af84f66_HDD/public/ShiXiSheng/yzy/downscaling_precipitation/precip_dataset_new/train/preproc_ifs_radklim_2018-05.nc'), PosixPath('/cpfs01/projects-HDD/cfff-4a8d9af84f66_HDD/public/ShiXiSheng/yzy/downscaling_precipitation/precip_dataset_new/train/preproc_ifs_radklim_2018-06.nc'), PosixPath('/cpfs01/projects-HDD/cfff-4a8d9af84f66_HDD/public/ShiXiSheng/yzy/downscaling_precipitation/precip_dataset_new/train/preproc_ifs_radklim_2018-07.nc'), PosixPath('/cpfs01/projects-HDD/cfff-4a8d9af84f66_HDD/public/ShiXiSheng/yzy/downscaling_precipitation/precip_dataset_new/train/preproc_ifs_radklim_2018-08.nc'), PosixPath('/cpfs01/projects-HDD/cfff-4a8d9af84f66_HDD/public/ShiXiSheng/yzy/downscaling_precipitation/precip_dataset_new/train/preproc_ifs_radklim_2018-09.nc'), PosixPath('/cpfs01/projects-HDD/cfff-4a8d9af84f66_HDD/public/ShiXiSheng/yzy/downscaling_precipitation/precip_dataset_new/train/preproc_ifs_radklim_2018-10.nc'), PosixPath('/cpfs01/projects-HDD/cfff-4a8d9af84f66_HDD/public/ShiXiSheng/yzy/downscaling_precipitation/precip_dataset_new/train/preproc_ifs_radklim_2018-11.nc'), PosixPath('/cpfs01/projects-HDD/cfff-4a8d9af84f66_HDD/public/ShiXiSheng/yzy/downscaling_precipitation/precip_dataset_new/train/preproc_ifs_radklim_2018-12.nc'), PosixPath('/cpfs01/projects-HDD/cfff-4a8d9af84f66_HDD/public/ShiXiSheng/yzy/downscaling_precipitation/precip_dataset_new/train/preproc_ifs_radklim_2019-01.nc'), PosixPath('/cpfs01/projects-HDD/cfff-4a8d9af84f66_HDD/public/ShiXiSheng/yzy/downscaling_precipitation/precip_dataset_new/train/preproc_ifs_radklim_2019-02.nc'), PosixPath('/cpfs01/projects-HDD/cfff-4a8d9af84f66_HDD/public/ShiXiSheng/yzy/downscaling_precipitation/precip_dataset_new/train/preproc_ifs_radklim_2019-03.nc'), PosixPath('/cpfs01/projects-HDD/cfff-4a8d9af84f66_HDD/public/ShiXiSheng/yzy/downscaling_precipitation/precip_dataset_new/train/preproc_ifs_radklim_2019-05.nc'), PosixPath('/cpfs01/projects-HDD/cfff-4a8d9af84f66_HDD/public/ShiXiSheng/yzy/downscaling_precipitation/precip_dataset_new/train/preproc_ifs_radklim_2019-06.nc'), PosixPath('/cpfs01/projects-HDD/cfff-4a8d9af84f66_HDD/public/ShiXiSheng/yzy/downscaling_precipitation/precip_dataset_new/train/preproc_ifs_radklim_2019-07.nc'), PosixPath('/cpfs01/projects-HDD/cfff-4a8d9af84f66_HDD/public/ShiXiSheng/yzy/downscaling_precipitation/precip_dataset_new/train/preproc_ifs_radklim_2019-08.nc'), PosixPath('/cpfs01/projects-HDD/cfff-4a8d9af84f66_HDD/public/ShiXiSheng/yzy/downscaling_precipitation/precip_dataset_new/train/preproc_ifs_radklim_2019-09.nc'), PosixPath('/cpfs01/projects-HDD/cfff-4a8d9af84f66_HDD/public/ShiXiSheng/yzy/downscaling_precipitation/precip_dataset_new/train/preproc_ifs_radklim_2019-10.nc'), PosixPath('/cpfs01/projects-HDD/cfff-4a8d9af84f66_HDD/public/ShiXiSheng/yzy/downscaling_precipitation/precip_dataset_new/train/preproc_ifs_radklim_2019-11.nc'), PosixPath('/cpfs01/projects-HDD/cfff-4a8d9af84f66_HDD/public/ShiXiSheng/yzy/downscaling_precipitation/precip_dataset_new/train/preproc_ifs_radklim_2019-12.nc')]
Going to open the following files: [PosixPath('/cpfs01/projects-HDD/cfff-4a8d9af84f66_HDD/public/ShiXiSheng/yzy/downscaling_precipitation/precip_dataset_new/train/preproc_ifs_radklim_2016-01.nc'), PosixPath('/cpfs01/projects-HDD/cfff-4a8d9af84f66_HDD/public/ShiXiSheng/yzy/downscaling_precipitation/precip_dataset_new/train/preproc_ifs_radklim_2016-02.nc'), PosixPath('/cpfs01/projects-HDD/cfff-4a8d9af84f66_HDD/public/ShiXiSheng/yzy/downscaling_precipitation/precip_dataset_new/train/preproc_ifs_radklim_2016-03.nc'), PosixPath('/cpfs01/projects-HDD/cfff-4a8d9af84f66_HDD/public/ShiXiSheng/yzy/downscaling_precipitation/precip_dataset_new/train/preproc_ifs_radklim_2016-04.nc'), PosixPath('/cpfs01/projects-HDD/cfff-4a8d9af84f66_HDD/public/ShiXiSheng/yzy/downscaling_precipitation/precip_dataset_new/train/preproc_ifs_radklim_2016-05.nc'), PosixPath('/cpfs01/projects-HDD/cfff-4a8d9af84f66_HDD/public/ShiXiSheng/yzy/downscaling_precipitation/precip_dataset_new/train/preproc_ifs_radklim_2016-06.nc'), PosixPath('/cpfs01/projects-HDD/cfff-4a8d9af84f66_HDD/public/ShiXiSheng/yzy/downscaling_precipitation/precip_dataset_new/train/preproc_ifs_radklim_2016-07.nc'), PosixPath('/cpfs01/projects-HDD/cfff-4a8d9af84f66_HDD/public/ShiXiSheng/yzy/downscaling_precipitation/precip_dataset_new/train/preproc_ifs_radklim_2018-02.nc'), PosixPath('/cpfs01/projects-HDD/cfff-4a8d9af84f66_HDD/public/ShiXiSheng/yzy/downscaling_precipitation/precip_dataset_new/train/preproc_ifs_radklim_2018-03.nc'), PosixPath('/cpfs01/projects-HDD/cfff-4a8d9af84f66_HDD/public/ShiXiSheng/yzy/downscaling_precipitation/precip_dataset_new/train/preproc_ifs_radklim_2018-04.nc'), PosixPath('/cpfs01/projects-HDD/cfff-4a8d9af84f66_HDD/public/ShiXiSheng/yzy/downscaling_precipitation/precip_dataset_new/train/preproc_ifs_radklim_2018-05.nc'), PosixPath('/cpfs01/projects-HDD/cfff-4a8d9af84f66_HDD/public/ShiXiSheng/yzy/downscaling_precipitation/precip_dataset_new/train/preproc_ifs_radklim_2018-06.nc'), PosixPath('/cpfs01/projects-HDD/cfff-4a8d9af84f66_HDD/public/ShiXiSheng/yzy/downscaling_precipitation/precip_dataset_new/train/preproc_ifs_radklim_2018-07.nc'), PosixPath('/cpfs01/projects-HDD/cfff-4a8d9af84f66_HDD/public/ShiXiSheng/yzy/downscaling_precipitation/precip_dataset_new/train/preproc_ifs_radklim_2018-08.nc'), PosixPath('/cpfs01/projects-HDD/cfff-4a8d9af84f66_HDD/public/ShiXiSheng/yzy/downscaling_precipitation/precip_dataset_new/train/preproc_ifs_radklim_2018-09.nc'), PosixPath('/cpfs01/projects-HDD/cfff-4a8d9af84f66_HDD/public/ShiXiSheng/yzy/downscaling_precipitation/precip_dataset_new/train/preproc_ifs_radklim_2018-10.nc'), PosixPath('/cpfs01/projects-HDD/cfff-4a8d9af84f66_HDD/public/ShiXiSheng/yzy/downscaling_precipitation/precip_dataset_new/train/preproc_ifs_radklim_2018-11.nc'), PosixPath('/cpfs01/projects-HDD/cfff-4a8d9af84f66_HDD/public/ShiXiSheng/yzy/downscaling_precipitation/precip_dataset_new/train/preproc_ifs_radklim_2018-12.nc'), PosixPath('/cpfs01/projects-HDD/cfff-4a8d9af84f66_HDD/public/ShiXiSheng/yzy/downscaling_precipitation/precip_dataset_new/train/preproc_ifs_radklim_2019-01.nc'), PosixPath('/cpfs01/projects-HDD/cfff-4a8d9af84f66_HDD/public/ShiXiSheng/yzy/downscaling_precipitation/precip_dataset_new/train/preproc_ifs_radklim_2019-02.nc'), PosixPath('/cpfs01/projects-HDD/cfff-4a8d9af84f66_HDD/public/ShiXiSheng/yzy/downscaling_precipitation/precip_dataset_new/train/preproc_ifs_radklim_2019-03.nc'), PosixPath('/cpfs01/projects-HDD/cfff-4a8d9af84f66_HDD/public/ShiXiSheng/yzy/downscaling_precipitation/precip_dataset_new/train/preproc_ifs_radklim_2019-05.nc'), PosixPath('/cpfs01/projects-HDD/cfff-4a8d9af84f66_HDD/public/ShiXiSheng/yzy/downscaling_precipitation/precip_dataset_new/train/preproc_ifs_radklim_2019-06.nc'), PosixPath('/cpfs01/projects-HDD/cfff-4a8d9af84f66_HDD/public/ShiXiSheng/yzy/downscaling_precipitation/precip_dataset_new/train/preproc_ifs_radklim_2019-07.nc'), PosixPath('/cpfs01/projects-HDD/cfff-4a8d9af84f66_HDD/public/ShiXiSheng/yzy/downscaling_precipitation/precip_dataset_new/train/preproc_ifs_radklim_2019-08.nc'), PosixPath('/cpfs01/projects-HDD/cfff-4a8d9af84f66_HDD/public/ShiXiSheng/yzy/downscaling_precipitation/precip_dataset_new/train/preproc_ifs_radklim_2019-09.nc'), PosixPath('/cpfs01/projects-HDD/cfff-4a8d9af84f66_HDD/public/ShiXiSheng/yzy/downscaling_precipitation/precip_dataset_new/train/preproc_ifs_radklim_2019-10.nc'), PosixPath('/cpfs01/projects-HDD/cfff-4a8d9af84f66_HDD/public/ShiXiSheng/yzy/downscaling_precipitation/precip_dataset_new/train/preproc_ifs_radklim_2019-11.nc'), PosixPath('/cpfs01/projects-HDD/cfff-4a8d9af84f66_HDD/public/ShiXiSheng/yzy/downscaling_precipitation/precip_dataset_new/train/preproc_ifs_radklim_2019-12.nc')]
Loading data from the file: [PosixPath('/cpfs01/projects-HDD/cfff-4a8d9af84f66_HDD/public/ShiXiSheng/yzy/downscaling_precipitation/precip_dataset_new/train/preproc_ifs_radklim_2016-01.nc'), PosixPath('/cpfs01/projects-HDD/cfff-4a8d9af84f66_HDD/public/ShiXiSheng/yzy/downscaling_precipitation/precip_dataset_new/train/preproc_ifs_radklim_2016-02.nc'), PosixPath('/cpfs01/projects-HDD/cfff-4a8d9af84f66_HDD/public/ShiXiSheng/yzy/downscaling_precipitation/precip_dataset_new/train/preproc_ifs_radklim_2016-03.nc'), PosixPath('/cpfs01/projects-HDD/cfff-4a8d9af84f66_HDD/public/ShiXiSheng/yzy/downscaling_precipitation/precip_dataset_new/train/preproc_ifs_radklim_2016-04.nc'), PosixPath('/cpfs01/projects-HDD/cfff-4a8d9af84f66_HDD/public/ShiXiSheng/yzy/downscaling_precipitation/precip_dataset_new/train/preproc_ifs_radklim_2016-05.nc'), PosixPath('/cpfs01/projects-HDD/cfff-4a8d9af84f66_HDD/public/ShiXiSheng/yzy/downscaling_precipitation/precip_dataset_new/train/preproc_ifs_radklim_2016-06.nc'), PosixPath('/cpfs01/projects-HDD/cfff-4a8d9af84f66_HDD/public/ShiXiSheng/yzy/downscaling_precipitation/precip_dataset_new/train/preproc_ifs_radklim_2016-07.nc'), PosixPath('/cpfs01/projects-HDD/cfff-4a8d9af84f66_HDD/public/ShiXiSheng/yzy/downscaling_precipitation/precip_dataset_new/train/preproc_ifs_radklim_2018-02.nc'), PosixPath('/cpfs01/projects-HDD/cfff-4a8d9af84f66_HDD/public/ShiXiSheng/yzy/downscaling_precipitation/precip_dataset_new/train/preproc_ifs_radklim_2018-03.nc'), PosixPath('/cpfs01/projects-HDD/cfff-4a8d9af84f66_HDD/public/ShiXiSheng/yzy/downscaling_precipitation/precip_dataset_new/train/preproc_ifs_radklim_2018-04.nc'), PosixPath('/cpfs01/projects-HDD/cfff-4a8d9af84f66_HDD/public/ShiXiSheng/yzy/downscaling_precipitation/precip_dataset_new/train/preproc_ifs_radklim_2018-05.nc'), PosixPath('/cpfs01/projects-HDD/cfff-4a8d9af84f66_HDD/public/ShiXiSheng/yzy/downscaling_precipitation/precip_dataset_new/train/preproc_ifs_radklim_2018-06.nc'), PosixPath('/cpfs01/projects-HDD/cfff-4a8d9af84f66_HDD/public/ShiXiSheng/yzy/downscaling_precipitation/precip_dataset_new/train/preproc_ifs_radklim_2018-07.nc'), PosixPath('/cpfs01/projects-HDD/cfff-4a8d9af84f66_HDD/public/ShiXiSheng/yzy/downscaling_precipitation/precip_dataset_new/train/preproc_ifs_radklim_2018-08.nc'), PosixPath('/cpfs01/projects-HDD/cfff-4a8d9af84f66_HDD/public/ShiXiSheng/yzy/downscaling_precipitation/precip_dataset_new/train/preproc_ifs_radklim_2018-09.nc'), PosixPath('/cpfs01/projects-HDD/cfff-4a8d9af84f66_HDD/public/ShiXiSheng/yzy/downscaling_precipitation/precip_dataset_new/train/preproc_ifs_radklim_2018-10.nc'), PosixPath('/cpfs01/projects-HDD/cfff-4a8d9af84f66_HDD/public/ShiXiSheng/yzy/downscaling_precipitation/precip_dataset_new/train/preproc_ifs_radklim_2018-11.nc'), PosixPath('/cpfs01/projects-HDD/cfff-4a8d9af84f66_HDD/public/ShiXiSheng/yzy/downscaling_precipitation/precip_dataset_new/train/preproc_ifs_radklim_2018-12.nc'), PosixPath('/cpfs01/projects-HDD/cfff-4a8d9af84f66_HDD/public/ShiXiSheng/yzy/downscaling_precipitation/precip_dataset_new/train/preproc_ifs_radklim_2019-01.nc'), PosixPath('/cpfs01/projects-HDD/cfff-4a8d9af84f66_HDD/public/ShiXiSheng/yzy/downscaling_precipitation/precip_dataset_new/train/preproc_ifs_radklim_2019-02.nc'), PosixPath('/cpfs01/projects-HDD/cfff-4a8d9af84f66_HDD/public/ShiXiSheng/yzy/downscaling_precipitation/precip_dataset_new/train/preproc_ifs_radklim_2019-03.nc'), PosixPath('/cpfs01/projects-HDD/cfff-4a8d9af84f66_HDD/public/ShiXiSheng/yzy/downscaling_precipitation/precip_dataset_new/train/preproc_ifs_radklim_2019-05.nc'), PosixPath('/cpfs01/projects-HDD/cfff-4a8d9af84f66_HDD/public/ShiXiSheng/yzy/downscaling_precipitation/precip_dataset_new/train/preproc_ifs_radklim_2019-06.nc'), PosixPath('/cpfs01/projects-HDD/cfff-4a8d9af84f66_HDD/public/ShiXiSheng/yzy/downscaling_precipitation/precip_dataset_new/train/preproc_ifs_radklim_2019-07.nc'), PosixPath('/cpfs01/projects-HDD/cfff-4a8d9af84f66_HDD/public/ShiXiSheng/yzy/downscaling_precipitation/precip_dataset_new/train/preproc_ifs_radklim_2019-08.nc'), PosixPath('/cpfs01/projects-HDD/cfff-4a8d9af84f66_HDD/public/ShiXiSheng/yzy/downscaling_precipitation/precip_dataset_new/train/preproc_ifs_radklim_2019-09.nc'), PosixPath('/cpfs01/projects-HDD/cfff-4a8d9af84f66_HDD/public/ShiXiSheng/yzy/downscaling_precipitation/precip_dataset_new/train/preproc_ifs_radklim_2019-10.nc'), PosixPath('/cpfs01/projects-HDD/cfff-4a8d9af84f66_HDD/public/ShiXiSheng/yzy/downscaling_precipitation/precip_dataset_new/train/preproc_ifs_radklim_2019-11.nc'), PosixPath('/cpfs01/projects-HDD/cfff-4a8d9af84f66_HDD/public/ShiXiSheng/yzy/downscaling_precipitation/precip_dataset_new/train/preproc_ifs_radklim_2019-12.nc')]
There is done
num_patches_images are 7 5
pre indexes are [4, 5, 9]
no nan idx 25397
There are No. 25397 patches out of 739865 without Nan Values 
Minimum value of tp in vars_in_patches(having log): 0.0
Maximum value of tp in vars_in_patches(having log): 8.18589973449707
Distribution of tp in different rainfall intervals:
-0.1 to 0.1: 25.75%
0.1 to 2: 71.33%
2 to 4: 2.50%
4 to 8: 0.37%
8 to 20: 0.04%
20 to 30: 0.00%
30 to inf: 0.00%
Distribution of tp in vars_out_orig_patches in different rainfall intervals:
-0.1 to 0.1: 60.60%
0.1 to 2: 34.94%
2 to 4: 3.47%
4 to 8: 0.89%
8 to 20: 0.11%
20 to 30: 0.00%
30 to inf: 0.00%
self.times_patches_list: tensor([[2016,    1,    2,    6],
        [2016,    1,    2,    7],
        [2016,    1,    2,    8],
        ...,
        [2019,   12,   30,    4],
        [2019,   12,   30,    4],
        [2019,   12,   30,    4]], device='cpu', dtype=torch.int32)
save stats
i tensor(-4.5178e-13, device='cpu')
save stats
i tensor(-2.1600e-16, device='cpu')
save stats
i tensor(82071.3359, device='cpu')
save stats
i tensor(1.6654, device='cpu')
save stats
i tensor(0., device='cpu')
save stats
i tensor(0., device='cpu')
save stats
i tensor(-1.8591e-09, device='cpu')
save stats
i tensor(-23.0063, device='cpu')
save stats
i tensor(-35.2889, device='cpu')
save stats
i tensor(0., device='cpu')
The statistic has been stored to the json file:  /cpfs01/projects-HDD/cfff-4a8d9af84f66_HDD/public/ShiXiSheng/yzy/downscaling_precipitation/precip_dataset_new/train/statistics.json
The total number of samples after filtering NaN and zeros values: 25397
Shuffling the index ....
idx_perm [11676 15961  6877 ...  7812 18002 16014]
K 值是多少让我看看： 0.008
self.prcp_indexes: [4, 5, 9]
Going to open the following files: /cpfs01/projects-HDD/cfff-4a8d9af84f66_HDD/public/ShiXiSheng/yzy/downscaling_precipitation/precip_dataset_new/val
Going to open the following files: [PosixPath('/cpfs01/projects-HDD/cfff-4a8d9af84f66_HDD/public/ShiXiSheng/yzy/downscaling_precipitation/precip_dataset_new/val/2017-01/preproc_ifs_radklim_2017-01.nc')]
Going to open the following files: [PosixPath('/cpfs01/projects-HDD/cfff-4a8d9af84f66_HDD/public/ShiXiSheng/yzy/downscaling_precipitation/precip_dataset_new/val/2017-01/preproc_ifs_radklim_2017-01.nc')]
Loading data from the file: [PosixPath('/cpfs01/projects-HDD/cfff-4a8d9af84f66_HDD/public/ShiXiSheng/yzy/downscaling_precipitation/precip_dataset_new/val/2017-01/preproc_ifs_radklim_2017-01.nc')]
There is done
num_patches_images are 7 5
pre indexes are [4, 5, 9]
no nan idx 1421
There are No. 1421 patches out of 26005 without Nan Values 
Minimum value of tp in vars_in_patches(having log): 0.0
Maximum value of tp in vars_in_patches(having log): 6.580108642578125
Distribution of tp in different rainfall intervals:
-0.1 to 0.1: 27.75%
0.1 to 2: 71.33%
2 to 4: 0.89%
4 to 8: 0.03%
8 to 20: 0.00%
20 to 30: 0.00%
30 to inf: 0.00%
Distribution of tp in vars_out_orig_patches in different rainfall intervals:
-0.1 to 0.1: 62.89%
0.1 to 2: 35.08%
2 to 4: 1.83%
4 to 8: 0.19%
8 to 20: 0.00%
20 to 30: 0.00%
30 to inf: 0.00%
self.times_patches_list: tensor([[2017,    1,    1,   17],
        [2017,    1,    1,   17],
        [2017,    1,    1,   18],
        ...,
        [2017,    2,    1,    0],
        [2017,    2,    1,    1],
        [2017,    2,    1,    2]], device='cpu', dtype=torch.int32)
Loading the stats file: /cpfs01/projects-HDD/cfff-4a8d9af84f66_HDD/public/ShiXiSheng/yzy/downscaling_precipitation/precip_dataset_new/train/statistics.json
The total number of samples after filtering NaN and zeros values: 1421
The model wgan is selected for training
i 0
i 1
i 2
i 3
i 4
i 5
i 6
i 0
i 0
i 0
Total trainalbe parameters of the generator: 3706049
Total trainalbe parameters of the critic: 1584641
 size of dataset 25397 batch size 24
 iterations 1058.2083333333333
++++++++++++++++++++++++++++++++
[Epoch 1/100] [Avg D loss: 3.556629] [Avg G loss: 839.648714] [Avg Rec loss: 8.398621]
[Epoch 1/100] [D Val loss: 1.215841] [G loss: 481.040992] [Rec loss: 4.817201] [LR C: 0.000001] [LR G: 0.000010]
++++++++++++++++++++++++++++++++
++++++++++++++++++++++++++++++++
[Epoch 2/100] [Avg D loss: -0.845009] [Avg G loss: 611.922974] [Avg Rec loss: 6.117558]
[Epoch 2/100] [D Val loss: 0.814363] [G loss: 394.213253] [Rec loss: 3.946909] [LR C: 0.000001] [LR G: 0.000010]
++++++++++++++++++++++++++++++++
++++++++++++++++++++++++++++++++
[Epoch 3/100] [Avg D loss: -1.960621] [Avg G loss: 482.467864] [Avg Rec loss: 4.816424]
[Epoch 3/100] [D Val loss: 1.311180] [G loss: 364.738452] [Rec loss: 3.654919] [LR C: 0.000001] [LR G: 0.000010]
++++++++++++++++++++++++++++++++
++++++++++++++++++++++++++++++++
[Epoch 4/100] [Avg D loss: -3.291321] [Avg G loss: 446.270703] [Avg Rec loss: 4.447469]
[Epoch 4/100] [D Val loss: 1.912143] [G loss: 351.732968] [Rec loss: 3.528601] [LR C: 0.000001] [LR G: 0.000010]
++++++++++++++++++++++++++++++++
++++++++++++++++++++++++++++++++
[Epoch 5/100] [Avg D loss: -4.739255] [Avg G loss: 409.752055] [Avg Rec loss: 4.074729]
[Epoch 5/100] [D Val loss: 2.339239] [G loss: 324.695104] [Rec loss: 3.258231] [LR C: 0.000001] [LR G: 0.000010]
++++++++++++++++++++++++++++++++
++++++++++++++++++++++++++++++++
[Epoch 6/100] [Avg D loss: -6.180437] [Avg G loss: 391.551090] [Avg Rec loss: 3.885069]
[Epoch 6/100] [D Val loss: 4.057468] [G loss: 355.402093] [Rec loss: 3.577732] [LR C: 0.000001] [LR G: 0.000010]
++++++++++++++++++++++++++++++++
++++++++++++++++++++++++++++++++
[Epoch 7/100] [Avg D loss: -7.522721] [Avg G loss: 391.990627] [Avg Rec loss: 3.882812]
[Epoch 7/100] [D Val loss: 7.153385] [G loss: 427.341531] [Rec loss: 4.324495] [LR C: 0.000001] [LR G: 0.000010]
++++++++++++++++++++++++++++++++
++++++++++++++++++++++++++++++++
[Epoch 8/100] [Avg D loss: -8.706211] [Avg G loss: 368.926743] [Avg Rec loss: 3.646311]
[Epoch 8/100] [D Val loss: 5.806124] [G loss: 334.880761] [Rec loss: 3.390769] [LR C: 0.000001] [LR G: 0.000010]
++++++++++++++++++++++++++++++++
++++++++++++++++++++++++++++++++
[Epoch 9/100] [Avg D loss: -10.074245] [Avg G loss: 371.375840] [Avg Rec loss: 3.663768]
[Epoch 9/100] [D Val loss: 4.646849] [G loss: 316.492089] [Rec loss: 3.185441] [LR C: 0.000001] [LR G: 0.000010]
++++++++++++++++++++++++++++++++
++++++++++++++++++++++++++++++++
[Epoch 10/100] [Avg D loss: -11.458449] [Avg G loss: 361.312808] [Avg Rec loss: 3.556217]
[Epoch 10/100] [D Val loss: 4.117541] [G loss: 292.863258] [Rec loss: 2.939702] [LR C: 0.000001] [LR G: 0.000010]
++++++++++++++++++++++++++++++++
++++++++++++++++++++++++++++++++
[Epoch 11/100] [Avg D loss: -12.896320] [Avg G loss: 356.576566] [Avg Rec loss: 3.501258]
[Epoch 11/100] [D Val loss: 8.396061] [G loss: 326.935681] [Rec loss: 3.322300] [LR C: 0.000001] [LR G: 0.000010]
++++++++++++++++++++++++++++++++
++++++++++++++++++++++++++++++++
[Epoch 12/100] [Avg D loss: -14.433405] [Avg G loss: 362.252052] [Avg Rec loss: 3.550479]
[Epoch 12/100] [D Val loss: 6.502454] [G loss: 297.628708] [Rec loss: 3.012043] [LR C: 0.000001] [LR G: 0.000010]
++++++++++++++++++++++++++++++++
++++++++++++++++++++++++++++++++
[Epoch 13/100] [Avg D loss: -15.980737] [Avg G loss: 341.455972] [Avg Rec loss: 3.334215]
[Epoch 13/100] [D Val loss: 14.371294] [G loss: 362.703960] [Rec loss: 3.734490] [LR C: 0.000001] [LR G: 0.000010]
++++++++++++++++++++++++++++++++
++++++++++++++++++++++++++++++++
[Epoch 14/100] [Avg D loss: -17.604826] [Avg G loss: 353.571995] [Avg Rec loss: 3.448349]
[Epoch 14/100] [D Val loss: 8.422885] [G loss: 296.298131] [Rec loss: 3.016708] [LR C: 0.000001] [LR G: 0.000010]
++++++++++++++++++++++++++++++++
++++++++++++++++++++++++++++++++
[Epoch 15/100] [Avg D loss: -19.288815] [Avg G loss: 346.065773] [Avg Rec loss: 3.365053]
[Epoch 15/100] [D Val loss: 13.335814] [G loss: 315.843872] [Rec loss: 3.255555] [LR C: 0.000001] [LR G: 0.000010]
++++++++++++++++++++++++++++++++
++++++++++++++++++++++++++++++++
[Epoch 16/100] [Avg D loss: -20.966057] [Avg G loss: 343.983811] [Avg Rec loss: 3.335222]
[Epoch 16/100] [D Val loss: 20.093184] [G loss: 347.611024] [Rec loss: 3.636376] [LR C: 0.000001] [LR G: 0.000010]
++++++++++++++++++++++++++++++++
++++++++++++++++++++++++++++++++
[Epoch 17/100] [Avg D loss: -22.747119] [Avg G loss: 350.660472] [Avg Rec loss: 3.393856]
[Epoch 17/100] [D Val loss: 10.064395] [G loss: 293.352753] [Rec loss: 2.985109] [LR C: 0.000001] [LR G: 0.000010]
++++++++++++++++++++++++++++++++
++++++++++++++++++++++++++++++++
[Epoch 18/100] [Avg D loss: -24.487522] [Avg G loss: 332.152696] [Avg Rec loss: 3.199262]
[Epoch 18/100] [D Val loss: 19.008236] [G loss: 313.818896] [Rec loss: 3.286048] [LR C: 0.000001] [LR G: 0.000010]
++++++++++++++++++++++++++++++++
++++++++++++++++++++++++++++++++
[Epoch 19/100] [Avg D loss: -26.331336] [Avg G loss: 343.426380] [Avg Rec loss: 3.304354]
[Epoch 19/100] [D Val loss: 8.639767] [G loss: 271.069188] [Rec loss: 2.746336] [LR C: 0.000001] [LR G: 0.000010]
++++++++++++++++++++++++++++++++
++++++++++++++++++++++++++++++++
[Epoch 20/100] [Avg D loss: -28.110372] [Avg G loss: 339.502511] [Avg Rec loss: 3.257118]
[Epoch 20/100] [D Val loss: 15.416145] [G loss: 293.543527] [Rec loss: 3.031561] [LR C: 0.000001] [LR G: 0.000010]
++++++++++++++++++++++++++++++++
++++++++++++++++++++++++++++++++
[Epoch 21/100] [Avg D loss: -29.977222] [Avg G loss: 336.840666] [Avg Rec loss: 3.220347]
[Epoch 21/100] [D Val loss: 17.702284] [G loss: 289.127095] [Rec loss: 3.014498] [LR C: 0.000001] [LR G: 0.000010]
++++++++++++++++++++++++++++++++
++++++++++++++++++++++++++++++++
[Epoch 22/100] [Avg D loss: -31.941682] [Avg G loss: 344.321937] [Avg Rec loss: 3.285961]
[Epoch 22/100] [D Val loss: 20.553632] [G loss: 288.088990] [Rec loss: 3.032415] [LR C: 0.000001] [LR G: 0.000010]
++++++++++++++++++++++++++++++++
++++++++++++++++++++++++++++++++
[Epoch 23/100] [Avg D loss: -33.783633] [Avg G loss: 329.435220] [Avg Rec loss: 3.127156]
[Epoch 23/100] [D Val loss: 18.566503] [G loss: 281.033753] [Rec loss: 2.930348] [LR C: 0.000001] [LR G: 0.000010]
++++++++++++++++++++++++++++++++
++++++++++++++++++++++++++++++++
[Epoch 24/100] [Avg D loss: -35.826891] [Avg G loss: 338.952486] [Avg Rec loss: 3.213705]
[Epoch 24/100] [D Val loss: 18.546926] [G loss: 274.848922] [Rec loss: 2.868436] [LR C: 0.000001] [LR G: 0.000010]
++++++++++++++++++++++++++++++++
++++++++++++++++++++++++++++++++
[Epoch 25/100] [Avg D loss: -37.813868] [Avg G loss: 335.949164] [Avg Rec loss: 3.174569]
[Epoch 25/100] [D Val loss: 20.721924] [G loss: 269.447241] [Rec loss: 2.835309] [LR C: 0.000001] [LR G: 0.000010]
++++++++++++++++++++++++++++++++
++++++++++++++++++++++++++++++++
[Epoch 26/100] [Avg D loss: -39.897575] [Avg G loss: 333.942556] [Avg Rec loss: 3.142782]
[Epoch 26/100] [D Val loss: 25.174986] [G loss: 274.911100] [Rec loss: 2.928894] [LR C: 0.000001] [LR G: 0.000010]
++++++++++++++++++++++++++++++++
++++++++++++++++++++++++++++++++
[Epoch 27/100] [Avg D loss: -42.138189] [Avg G loss: 341.250289] [Avg Rec loss: 3.205480]
[Epoch 27/100] [D Val loss: 25.555121] [G loss: 273.403075] [Rec loss: 2.914114] [LR C: 0.000001] [LR G: 0.000010]
++++++++++++++++++++++++++++++++
++++++++++++++++++++++++++++++++
[Epoch 28/100] [Avg D loss: -44.159163] [Avg G loss: 327.066883] [Avg Rec loss: 3.052092]
[Epoch 28/100] [D Val loss: 32.240916] [G loss: 269.492854] [Rec loss: 2.941555] [LR C: 0.000001] [LR G: 0.000010]
++++++++++++++++++++++++++++++++
++++++++++++++++++++++++++++++++
[Epoch 29/100] [Avg D loss: -46.431935] [Avg G loss: 338.650198] [Avg Rec loss: 3.158379]
[Epoch 29/100] [D Val loss: 24.423663] [G loss: 264.815910] [Rec loss: 2.806666] [LR C: 0.000001] [LR G: 0.000010]
++++++++++++++++++++++++++++++++
++++++++++++++++++++++++++++++++
[Epoch 30/100] [Avg D loss: -48.573715] [Avg G loss: 334.309622] [Avg Rec loss: 3.104254]
[Epoch 30/100] [D Val loss: 24.067038] [G loss: 250.179805] [Rec loss: 2.655530] [LR C: 0.000001] [LR G: 0.000010]
++++++++++++++++++++++++++++++++
++++++++++++++++++++++++++++++++
[Epoch 31/100] [Avg D loss: -50.561685] [Avg G loss: 333.355332] [Avg Rec loss: 3.082957]
[Epoch 31/100] [D Val loss: 32.510118] [G loss: 255.795030] [Rec loss: 2.786846] [LR C: 0.000001] [LR G: 0.000010]
++++++++++++++++++++++++++++++++
++++++++++++++++++++++++++++++++
[Epoch 32/100] [Avg D loss: -52.975306] [Avg G loss: 341.182813] [Avg Rec loss: 3.151360]
[Epoch 32/100] [D Val loss: 47.169491] [G loss: 247.314748] [Rec loss: 2.862459] [LR C: 0.000001] [LR G: 0.000010]
++++++++++++++++++++++++++++++++
++++++++++++++++++++++++++++++++
[Epoch 33/100] [Avg D loss: -21.384586] [Avg G loss: 309.412927] [Avg Rec loss: 3.081753]
[Epoch 33/100] [D Val loss: 11.745974] [G loss: 217.230526] [Rec loss: 2.379458] [LR C: 0.000001] [LR G: 0.000010]
++++++++++++++++++++++++++++++++
++++++++++++++++++++++++++++++++
[Epoch 34/100] [Avg D loss: -12.978782] [Avg G loss: 320.074872] [Avg Rec loss: 3.234043]
[Epoch 34/100] [D Val loss: 12.939801] [G loss: 218.722701] [Rec loss: 2.362412] [LR C: 0.000001] [LR G: 0.000010]
++++++++++++++++++++++++++++++++
++++++++++++++++++++++++++++++++
[Epoch 35/100] [Avg D loss: -13.857452] [Avg G loss: 316.396686] [Avg Rec loss: 3.182081]
[Epoch 35/100] [D Val loss: 14.811340] [G loss: 217.361405] [Rec loss: 2.365126] [LR C: 0.000001] [LR G: 0.000010]
++++++++++++++++++++++++++++++++
++++++++++++++++++++++++++++++++
[Epoch 36/100] [Avg D loss: -14.746109] [Avg G loss: 316.309147] [Avg Rec loss: 3.171800]
[Epoch 36/100] [D Val loss: 22.303886] [G loss: 214.129786] [Rec loss: 2.312804] [LR C: 0.000001] [LR G: 0.000010]
++++++++++++++++++++++++++++++++
++++++++++++++++++++++++++++++++
[Epoch 37/100] [Avg D loss: -21.591684] [Avg G loss: 325.062176] [Avg Rec loss: 3.220920]
[Epoch 37/100] [D Val loss: 28.004778] [G loss: 211.394772] [Rec loss: 2.372792] [LR C: 0.000001] [LR G: 0.000010]
++++++++++++++++++++++++++++++++
++++++++++++++++++++++++++++++++
[Epoch 38/100] [Avg D loss: -20.019443] [Avg G loss: 307.570684] [Avg Rec loss: 3.059468]
[Epoch 38/100] [D Val loss: 8.239561] [G loss: 221.369409] [Rec loss: 2.380846] [LR C: 0.000001] [LR G: 0.000010]
++++++++++++++++++++++++++++++++
++++++++++++++++++++++++++++++++
[Epoch 39/100] [Avg D loss: -16.042725] [Avg G loss: 320.426526] [Avg Rec loss: 3.208029]
[Epoch 39/100] [D Val loss: 14.190764] [G loss: 215.304063] [Rec loss: 2.308260] [LR C: 0.000001] [LR G: 0.000010]
++++++++++++++++++++++++++++++++
++++++++++++++++++++++++++++++++
[Epoch 40/100] [Avg D loss: -21.785172] [Avg G loss: 313.214033] [Avg Rec loss: 3.109825]
[Epoch 40/100] [D Val loss: 8.710613] [G loss: 214.690237] [Rec loss: 2.312651] [LR C: 0.000001] [LR G: 0.000010]
++++++++++++++++++++++++++++++++
++++++++++++++++++++++++++++++++
[Epoch 41/100] [Avg D loss: -15.790355] [Avg G loss: 313.779686] [Avg Rec loss: 3.143206]
[Epoch 41/100] [D Val loss: 11.473561] [G loss: 219.322663] [Rec loss: 2.295576] [LR C: 0.000001] [LR G: 0.000010]
++++++++++++++++++++++++++++++++
++++++++++++++++++++++++++++++++
[Epoch 42/100] [Avg D loss: -21.351119] [Avg G loss: 321.158894] [Avg Rec loss: 3.192306]
[Epoch 42/100] [D Val loss: 9.700252] [G loss: 214.101392] [Rec loss: 2.292854] [LR C: 0.000001] [LR G: 0.000010]
++++++++++++++++++++++++++++++++
++++++++++++++++++++++++++++++++
[Epoch 43/100] [Avg D loss: -14.091699] [Avg G loss: 304.730793] [Avg Rec loss: 3.067255]
[Epoch 43/100] [D Val loss: 8.863514] [G loss: 217.525689] [Rec loss: 2.342058] [LR C: 0.000001] [LR G: 0.000010]
++++++++++++++++++++++++++++++++
++++++++++++++++++++++++++++++++
[Epoch 44/100] [Avg D loss: -20.505439] [Avg G loss: 317.030294] [Avg Rec loss: 3.155389]
[Epoch 44/100] [D Val loss: 8.593138] [G loss: 216.492601] [Rec loss: 2.290739] [LR C: 0.000001] [LR G: 0.000010]
++++++++++++++++++++++++++++++++
++++++++++++++++++++++++++++++++
[Epoch 45/100] [Avg D loss: -18.902958] [Avg G loss: 312.651166] [Avg Rec loss: 3.115282]
[Epoch 45/100] [D Val loss: 7.602526] [G loss: 212.832797] [Rec loss: 2.283846] [LR C: 0.000001] [LR G: 0.000010]
++++++++++++++++++++++++++++++++
++++++++++++++++++++++++++++++++
[Epoch 46/100] [Avg D loss: -19.433227] [Avg G loss: 311.799548] [Avg Rec loss: 3.103251]
[Epoch 46/100] [D Val loss: 7.330931] [G loss: 217.636338] [Rec loss: 2.261211] [LR C: 0.000001] [LR G: 0.000010]
++++++++++++++++++++++++++++++++
++++++++++++++++++++++++++++++++
[Epoch 47/100] [Avg D loss: -23.633885] [Avg G loss: 319.348686] [Avg Rec loss: 3.166034]
[Epoch 47/100] [D Val loss: 6.914059] [G loss: 213.121800] [Rec loss: 2.272467] [LR C: 0.000001] [LR G: 0.000010]
++++++++++++++++++++++++++++++++
++++++++++++++++++++++++++++++++
[Epoch 48/100] [Avg D loss: -21.455127] [Avg G loss: 304.893072] [Avg Rec loss: 3.031075]
[Epoch 48/100] [D Val loss: 4.596801] [G loss: 220.743456] [Rec loss: 2.369893] [LR C: 0.000001] [LR G: 0.000010]
++++++++++++++++++++++++++++++++
++++++++++++++++++++++++++++++++
[Epoch 49/100] [Avg D loss: -20.395300] [Avg G loss: 318.327092] [Avg Rec loss: 3.166991]
[Epoch 49/100] [D Val loss: 6.474700] [G loss: 217.399367] [Rec loss: 2.303371] [LR C: 0.000001] [LR G: 0.000010]
++++++++++++++++++++++++++++++++
++++++++++++++++++++++++++++++++
[Epoch 50/100] [Avg D loss: -18.100700] [Avg G loss: 314.717133] [Avg Rec loss: 3.136274]
[Epoch 50/100] [D Val loss: 6.553291] [G loss: 212.185135] [Rec loss: 2.253719] [LR C: 0.000001] [LR G: 0.000010]
++++++++++++++++++++++++++++++++
++++++++++++++++++++++++++++++++
[Epoch 51/100] [Avg D loss: -22.004791] [Avg G loss: 310.793851] [Avg Rec loss: 3.088978]
[Epoch 51/100] [D Val loss: 4.813504] [G loss: 219.750634] [Rec loss: 2.273637] [LR C: 0.000001] [LR G: 0.000010]
++++++++++++++++++++++++++++++++
++++++++++++++++++++++++++++++++
[Epoch 52/100] [Avg D loss: -25.097560] [Avg G loss: 318.935407] [Avg Rec loss: 3.162374]
[Epoch 52/100] [D Val loss: 8.702055] [G loss: 215.301508] [Rec loss: 2.271158] [LR C: 0.000001] [LR G: 0.000010]
++++++++++++++++++++++++++++++++
++++++++++++++++++++++++++++++++
[Epoch 53/100] [Avg D loss: -20.504605] [Avg G loss: 305.675805] [Avg Rec loss: 3.047885]
[Epoch 53/100] [D Val loss: 4.941048] [G loss: 216.091275] [Rec loss: 2.306782] [LR C: 0.000001] [LR G: 0.000010]
++++++++++++++++++++++++++++++++
++++++++++++++++++++++++++++++++
[Epoch 54/100] [Avg D loss: -21.943267] [Avg G loss: 316.883147] [Avg Rec loss: 3.149633]
[Epoch 54/100] [D Val loss: 6.760204] [G loss: 213.654482] [Rec loss: 2.286910] [LR C: 0.000001] [LR G: 0.000010]
++++++++++++++++++++++++++++++++
++++++++++++++++++++++++++++++++
[Epoch 55/100] [Avg D loss: -18.573595] [Avg G loss: 314.504141] [Avg Rec loss: 3.136043]
[Epoch 55/100] [D Val loss: 7.008579] [G loss: 209.990639] [Rec loss: 2.247034] [LR C: 0.000001] [LR G: 0.000010]
++++++++++++++++++++++++++++++++
++++++++++++++++++++++++++++++++
[Epoch 56/100] [Avg D loss: -19.426595] [Avg G loss: 312.033474] [Avg Rec loss: 3.112491]
[Epoch 56/100] [D Val loss: 8.433831] [G loss: 222.667609] [Rec loss: 2.292797] [LR C: 0.000001] [LR G: 0.000010]
++++++++++++++++++++++++++++++++
++++++++++++++++++++++++++++++++
[Epoch 57/100] [Avg D loss: -23.502611] [Avg G loss: 320.316194] [Avg Rec loss: 3.185156]
[Epoch 57/100] [D Val loss: 11.503487] [G loss: 214.368001] [Rec loss: 2.275047] [LR C: 0.000001] [LR G: 0.000010]
++++++++++++++++++++++++++++++++
++++++++++++++++++++++++++++++++
[Epoch 58/100] [Avg D loss: -20.794142] [Avg G loss: 305.779521] [Avg Rec loss: 3.046775]
[Epoch 58/100] [D Val loss: 8.093593] [G loss: 215.358218] [Rec loss: 2.332902] [LR C: 0.000001] [LR G: 0.000010]
++++++++++++++++++++++++++++++++
++++++++++++++++++++++++++++++++
[Epoch 59/100] [Avg D loss: -21.769340] [Avg G loss: 316.440624] [Avg Rec loss: 3.145160]
[Epoch 59/100] [D Val loss: 6.317219] [G loss: 212.764361] [Rec loss: 2.264798] [LR C: 0.000001] [LR G: 0.000010]
++++++++++++++++++++++++++++++++
++++++++++++++++++++++++++++++++
[Epoch 60/100] [Avg D loss: -18.240672] [Avg G loss: 313.666522] [Avg Rec loss: 3.127046]
[Epoch 60/100] [D Val loss: 8.533358] [G loss: 209.103308] [Rec loss: 2.228509] [LR C: 0.000001] [LR G: 0.000010]
++++++++++++++++++++++++++++++++
++++++++++++++++++++++++++++++++
[Epoch 61/100] [Avg D loss: -20.491456] [Avg G loss: 311.782124] [Avg Rec loss: 3.103014]
[Epoch 61/100] [D Val loss: 9.396037] [G loss: 220.743617] [Rec loss: 2.273908] [LR C: 0.000001] [LR G: 0.000010]
++++++++++++++++++++++++++++++++
++++++++++++++++++++++++++++++++
[Epoch 62/100] [Avg D loss: -26.155116] [Avg G loss: 319.437122] [Avg Rec loss: 3.165530]
[Epoch 62/100] [D Val loss: 8.929024] [G loss: 223.642702] [Rec loss: 2.329664] [LR C: 0.000001] [LR G: 0.000010]
++++++++++++++++++++++++++++++++
++++++++++++++++++++++++++++++++
[Epoch 63/100] [Avg D loss: -19.455445] [Avg G loss: 306.505055] [Avg Rec loss: 3.057829]
[Epoch 63/100] [D Val loss: 9.675038] [G loss: 219.636037] [Rec loss: 2.366914] [LR C: 0.000001] [LR G: 0.000010]
++++++++++++++++++++++++++++++++
++++++++++++++++++++++++++++++++
[Epoch 64/100] [Avg D loss: -24.341071] [Avg G loss: 315.371832] [Avg Rec loss: 3.133745]
[Epoch 64/100] [D Val loss: 6.366429] [G loss: 209.003083] [Rec loss: 2.239134] [LR C: 0.000001] [LR G: 0.000010]
++++++++++++++++++++++++++++++++
++++++++++++++++++++++++++++++++
[Epoch 65/100] [Avg D loss: -19.515045] [Avg G loss: 313.053815] [Avg Rec loss: 3.114108]
[Epoch 65/100] [D Val loss: 6.567192] [G loss: 210.618958] [Rec loss: 2.230696] [LR C: 0.000001] [LR G: 0.000010]
++++++++++++++++++++++++++++++++
++++++++++++++++++++++++++++++++
[Epoch 66/100] [Avg D loss: -20.653057] [Avg G loss: 311.843100] [Avg Rec loss: 3.101452]
[Epoch 66/100] [D Val loss: 8.032583] [G loss: 226.305732] [Rec loss: 2.294026] [LR C: 0.000001] [LR G: 0.000010]
++++++++++++++++++++++++++++++++
++++++++++++++++++++++++++++++++
[Epoch 67/100] [Avg D loss: -24.754014] [Avg G loss: 319.814615] [Avg Rec loss: 3.175054]
[Epoch 67/100] [D Val loss: 9.211731] [G loss: 222.098841] [Rec loss: 2.328461] [LR C: 0.000001] [LR G: 0.000010]
++++++++++++++++++++++++++++++++
++++++++++++++++++++++++++++++++
[Epoch 68/100] [Avg D loss: -18.620117] [Avg G loss: 306.829786] [Avg Rec loss: 3.064465]
[Epoch 68/100] [D Val loss: 5.928673] [G loss: 216.222060] [Rec loss: 2.307415] [LR C: 0.000001] [LR G: 0.000010]
++++++++++++++++++++++++++++++++
++++++++++++++++++++++++++++++++
[Epoch 69/100] [Avg D loss: -23.719523] [Avg G loss: 314.382151] [Avg Rec loss: 3.120436]
[Epoch 69/100] [D Val loss: 7.275382] [G loss: 211.334100] [Rec loss: 2.246761] [LR C: 0.000001] [LR G: 0.000010]
++++++++++++++++++++++++++++++++
++++++++++++++++++++++++++++++++
[Epoch 70/100] [Avg D loss: -19.434980] [Avg G loss: 312.959994] [Avg Rec loss: 3.111388]
[Epoch 70/100] [D Val loss: 7.085335] [G loss: 210.404452] [Rec loss: 2.228035] [LR C: 0.000001] [LR G: 0.000010]
++++++++++++++++++++++++++++++++
++++++++++++++++++++++++++++++++
[Epoch 71/100] [Avg D loss: -20.022817] [Avg G loss: 310.669770] [Avg Rec loss: 3.096043]
[Epoch 71/100] [D Val loss: 9.353695] [G loss: 226.468796] [Rec loss: 2.306278] [LR C: 0.000001] [LR G: 0.000010]
++++++++++++++++++++++++++++++++
++++++++++++++++++++++++++++++++
[Epoch 72/100] [Avg D loss: -26.276519] [Avg G loss: 317.452126] [Avg Rec loss: 3.147186]
[Epoch 72/100] [D Val loss: 9.827851] [G loss: 225.134762] [Rec loss: 2.398369] [LR C: 0.000001] [LR G: 0.000010]
++++++++++++++++++++++++++++++++
++++++++++++++++++++++++++++++++
[Epoch 73/100] [Avg D loss: -16.637164] [Avg G loss: 306.006233] [Avg Rec loss: 3.068474]
[Epoch 73/100] [D Val loss: 4.687588] [G loss: 216.735085] [Rec loss: 2.304370] [LR C: 0.000001] [LR G: 0.000010]
++++++++++++++++++++++++++++++++
++++++++++++++++++++++++++++++++
[Epoch 74/100] [Avg D loss: -24.071816] [Avg G loss: 314.130783] [Avg Rec loss: 3.109782]
[Epoch 74/100] [D Val loss: 6.788200] [G loss: 212.889017] [Rec loss: 2.260517] [LR C: 0.000001] [LR G: 0.000010]
++++++++++++++++++++++++++++++++
++++++++++++++++++++++++++++++++
[Epoch 75/100] [Avg D loss: -18.911833] [Avg G loss: 313.142434] [Avg Rec loss: 3.108171]
[Epoch 75/100] [D Val loss: 7.859462] [G loss: 211.897381] [Rec loss: 2.238548] [LR C: 0.000001] [LR G: 0.000010]
++++++++++++++++++++++++++++++++
++++++++++++++++++++++++++++++++
[Epoch 76/100] [Avg D loss: -19.766417] [Avg G loss: 309.904301] [Avg Rec loss: 3.086084]
[Epoch 76/100] [D Val loss: 9.340358] [G loss: 227.378987] [Rec loss: 2.304567] [LR C: 0.000001] [LR G: 0.000010]
++++++++++++++++++++++++++++++++
++++++++++++++++++++++++++++++++
[Epoch 77/100] [Avg D loss: -25.379086] [Avg G loss: 317.466501] [Avg Rec loss: 3.154950]
[Epoch 77/100] [D Val loss: 11.246743] [G loss: 231.373691] [Rec loss: 2.453279] [LR C: 0.000001] [LR G: 0.000010]
++++++++++++++++++++++++++++++++
++++++++++++++++++++++++++++++++
[Epoch 78/100] [Avg D loss: -15.715549] [Avg G loss: 306.875964] [Avg Rec loss: 3.067721]
[Epoch 78/100] [D Val loss: 6.952394] [G loss: 217.909654] [Rec loss: 2.298475] [LR C: 0.000001] [LR G: 0.000010]
++++++++++++++++++++++++++++++++
++++++++++++++++++++++++++++++++
[Epoch 79/100] [Avg D loss: -20.399446] [Avg G loss: 312.738623] [Avg Rec loss: 3.118686]
[Epoch 79/100] [D Val loss: 5.710678] [G loss: 217.376479] [Rec loss: 2.295026] [LR C: 0.000001] [LR G: 0.000010]
++++++++++++++++++++++++++++++++
++++++++++++++++++++++++++++++++
[Epoch 80/100] [Avg D loss: -16.963116] [Avg G loss: 313.120696] [Avg Rec loss: 3.113115]
[Epoch 80/100] [D Val loss: 3.491129] [G loss: 211.908533] [Rec loss: 2.241147] [LR C: 0.000001] [LR G: 0.000010]
++++++++++++++++++++++++++++++++
++++++++++++++++++++++++++++++++
[Epoch 81/100] [Avg D loss: -18.809402] [Avg G loss: 307.908400] [Avg Rec loss: 3.076916]
[Epoch 81/100] [D Val loss: 10.488565] [G loss: 226.321350] [Rec loss: 2.297803] [LR C: 0.000001] [LR G: 0.000010]
++++++++++++++++++++++++++++++++
++++++++++++++++++++++++++++++++
[Epoch 82/100] [Avg D loss: -27.862089] [Avg G loss: 316.134473] [Avg Rec loss: 3.114529]
[Epoch 82/100] [D Val loss: 14.791090] [G loss: 226.645877] [Rec loss: 2.443361] [LR C: 0.000000] [LR G: 0.000001]
++++++++++++++++++++++++++++++++
++++++++++++++++++++++++++++++++
[Epoch 83/100] [Avg D loss: 6.177188] [Avg G loss: 305.375954] [Avg Rec loss: 3.209344]
[Epoch 83/100] [D Val loss: 10.550143] [G loss: 249.078026] [Rec loss: 2.552361] [LR C: 0.000000] [LR G: 0.000001]
++++++++++++++++++++++++++++++++
++++++++++++++++++++++++++++++++
[Epoch 84/100] [Avg D loss: -12.295381] [Avg G loss: 322.441833] [Avg Rec loss: 3.151277]
[Epoch 84/100] [D Val loss: 5.364952] [G loss: 226.773037] [Rec loss: 2.266168] [LR C: 0.000000] [LR G: 0.000001]
++++++++++++++++++++++++++++++++
++++++++++++++++++++++++++++++++
[Epoch 85/100] [Avg D loss: -28.198356] [Avg G loss: 298.075454] [Avg Rec loss: 2.932635]
[Epoch 85/100] [D Val loss: 5.259924] [G loss: 213.674022] [Rec loss: 2.243995] [LR C: 0.000000] [LR G: 0.000001]
++++++++++++++++++++++++++++++++
++++++++++++++++++++++++++++++++
[Epoch 86/100] [Avg D loss: -32.976907] [Avg G loss: 291.561079] [Avg Rec loss: 2.914971]
[Epoch 86/100] [D Val loss: 6.927110] [G loss: 210.704411] [Rec loss: 2.266504] [LR C: 0.000000] [LR G: 0.000001]
++++++++++++++++++++++++++++++++
++++++++++++++++++++++++++++++++
[Epoch 87/100] [Avg D loss: -28.062807] [Avg G loss: 304.727565] [Avg Rec loss: 3.075838]
[Epoch 87/100] [D Val loss: 15.245816] [G loss: 221.676834] [Rec loss: 2.455008] [LR C: 0.000000] [LR G: 0.000001]
++++++++++++++++++++++++++++++++
++++++++++++++++++++++++++++++++
[Epoch 88/100] [Avg D loss: 9.896803] [Avg G loss: 293.094281] [Avg Rec loss: 3.149865]
[Epoch 88/100] [D Val loss: 10.091946] [G loss: 246.159401] [Rec loss: 2.559317] [LR C: 0.000000] [LR G: 0.000001]
++++++++++++++++++++++++++++++++
++++++++++++++++++++++++++++++++
[Epoch 89/100] [Avg D loss: -4.885052] [Avg G loss: 320.273785] [Avg Rec loss: 3.184707]
[Epoch 89/100] [D Val loss: 6.455771] [G loss: 234.454895] [Rec loss: 2.303044] [LR C: 0.000000] [LR G: 0.000001]
++++++++++++++++++++++++++++++++
++++++++++++++++++++++++++++++++
[Epoch 90/100] [Avg D loss: -26.646357] [Avg G loss: 300.685600] [Avg Rec loss: 2.922747]
[Epoch 90/100] [D Val loss: 6.414996] [G loss: 214.829066] [Rec loss: 2.249983] [LR C: 0.000000] [LR G: 0.000001]
++++++++++++++++++++++++++++++++
++++++++++++++++++++++++++++++++
[Epoch 91/100] [Avg D loss: -30.772247] [Avg G loss: 293.310298] [Avg Rec loss: 2.923829]
[Epoch 91/100] [D Val loss: 12.669168] [G loss: 214.806695] [Rec loss: 2.315279] [LR C: 0.000000] [LR G: 0.000001]
++++++++++++++++++++++++++++++++
++++++++++++++++++++++++++++++++
[Epoch 92/100] [Avg D loss: -1.304404] [Avg G loss: 309.906741] [Avg Rec loss: 3.245393]
[Epoch 92/100] [D Val loss: 12.919022] [G loss: 241.426595] [Rec loss: 2.532456] [LR C: 0.000000] [LR G: 0.000001]
++++++++++++++++++++++++++++++++
++++++++++++++++++++++++++++++++
[Epoch 93/100] [Avg D loss: 7.465989] [Avg G loss: 303.156635] [Avg Rec loss: 3.153417]
[Epoch 93/100] [D Val loss: 12.765891] [G loss: 244.623251] [Rec loss: 2.533611] [LR C: 0.000000] [LR G: 0.000000]
++++++++++++++++++++++++++++++++
++++++++++++++++++++++++++++++++
[Epoch 94/100] [Avg D loss: 6.380584] [Avg G loss: 320.822197] [Avg Rec loss: 3.297873]
[Epoch 94/100] [D Val loss: 15.058347] [G loss: 244.762465] [Rec loss: 2.524813] [LR C: 0.000000] [LR G: 0.000000]
++++++++++++++++++++++++++++++++
++++++++++++++++++++++++++++++++
[Epoch 95/100] [Avg D loss: 4.173288] [Avg G loss: 316.278654] [Avg Rec loss: 3.226047]
[Epoch 95/100] [D Val loss: 12.513822] [G loss: 249.415286] [Rec loss: 2.543425] [LR C: 0.000000] [LR G: 0.000000]
++++++++++++++++++++++++++++++++
++++++++++++++++++++++++++++++++
[Epoch 96/100] [Avg D loss: 3.405390] [Avg G loss: 312.649176] [Avg Rec loss: 3.174910]
[Epoch 96/100] [D Val loss: 11.114663] [G loss: 248.943021] [Rec loss: 2.534381] [LR C: 0.000000] [LR G: 0.000000]
++++++++++++++++++++++++++++++++
++++++++++++++++++++++++++++++++
[Epoch 97/100] [Avg D loss: -0.533660] [Avg G loss: 328.188214] [Avg Rec loss: 3.295890]
[Epoch 97/100] [D Val loss: 12.112333] [G loss: 248.308057] [Rec loss: 2.496515] [LR C: 0.000000] [LR G: 0.000000]
++++++++++++++++++++++++++++++++
++++++++++++++++++++++++++++++++
[Epoch 98/100] [Avg D loss: -3.302987] [Avg G loss: 310.854967] [Avg Rec loss: 3.084170]
[Epoch 98/100] [D Val loss: 10.288959] [G loss: 247.299315] [Rec loss: 2.473744] [LR C: 0.000000] [LR G: 0.000000]
++++++++++++++++++++++++++++++++
++++++++++++++++++++++++++++++++
[Epoch 99/100] [Avg D loss: -6.400948] [Avg G loss: 324.074286] [Avg Rec loss: 3.181360]
[Epoch 99/100] [D Val loss: 10.467365] [G loss: 246.015186] [Rec loss: 2.439019] [LR C: 0.000000] [LR G: 0.000000]
++++++++++++++++++++++++++++++++
++++++++++++++++++++++++++++++++
[Epoch 100/100] [Avg D loss: -10.059397] [Avg G loss: 316.722735] [Avg Rec loss: 3.078386]
[Epoch 100/100] [D Val loss: 9.749178] [G loss: 243.878152] [Rec loss: 2.421310] [LR C: 0.000000] [LR G: 0.000000]
++++++++++++++++++++++++++++++++
wandb: Waiting for W&B process to finish... (success).
wandb: - 0.000 MB of 0.000 MB uploaded (0.000 MB deduped)
wandb: \ 0.000 MB of 0.000 MB uploaded (0.000 MB deduped)
wandb:                                                                                
wandb: You can sync this run to the cloud by running:
wandb: wandb sync /cpfs01/projects-HDD/cfff-4a8d9af84f66_HDD/public/ShiXiSheng/yzy/yzy_results/ex19_onestepwgan_cri5_100_weightmae_aheadtop_0.008/wandb/offline-run-20241112_053327-775lyz8ywgan
wandb: Find logs at: ./yzy_results/ex19_onestepwgan_cri5_100_weightmae_aheadtop_0.008/wandb/offline-run-20241112_053327-775lyz8ywgan/logs
/cpfs01/projects-HDD/cfff-4a8d9af84f66_HDD/yinzunyi/py3.9/lib/python3.9/site-packages/xarray/core/concat.py:527: FutureWarning: unique with argument that is not not a Series, Index, ExtensionArray, or np.ndarray is deprecated and will raise in a future version.
  common_dims = tuple(pd.unique([d for v in vars for d in v.dims]))
/cpfs01/projects-HDD/cfff-4a8d9af84f66_HDD/public/ShiXiSheng/yzy/precipitation_downscaling-bing_issue09_bias_correction/models/network_unet.py:217: UserWarning: nn.init.xavier_uniform is now deprecated in favor of nn.init.xavier_uniform_.
  torch.nn.init.xavier_uniform(self.output.weight)
wandb: Tracking run with wandb version 0.13.2
wandb: W&B syncing is set to `offline` in this directory.  
wandb: Run `wandb online` or set WANDB_MODE=online to enable cloud syncing.
/cpfs01/projects-HDD/cfff-4a8d9af84f66_HDD/public/ShiXiSheng/yzy/precipitation_downscaling-bing_issue09_bias_correction/train_scripts/wgan_train.py:33: UserWarning: To copy construct from a tensor, it is recommended to use sourceTensor.clone().detach() or sourceTensor.clone().detach().requires_grad_(True), rather than torch.tensor(sourceTensor).
  weights = torch.tensor(y_true,requires_grad=False) #
The patch size for prepitation is 16
K 值是多少让我看看： 0.008
self.prcp_indexes: [4, 5, 9]
Going to open the following files: /cpfs01/projects-HDD/cfff-4a8d9af84f66_HDD/public/ShiXiSheng/yzy/downscaling_precipitation/precip_dataset_new/train
Going to open the following files: [PosixPath('/cpfs01/projects-HDD/cfff-4a8d9af84f66_HDD/public/ShiXiSheng/yzy/downscaling_precipitation/precip_dataset_new/train/preproc_ifs_radklim_2016-01.nc'), PosixPath('/cpfs01/projects-HDD/cfff-4a8d9af84f66_HDD/public/ShiXiSheng/yzy/downscaling_precipitation/precip_dataset_new/train/preproc_ifs_radklim_2016-02.nc'), PosixPath('/cpfs01/projects-HDD/cfff-4a8d9af84f66_HDD/public/ShiXiSheng/yzy/downscaling_precipitation/precip_dataset_new/train/preproc_ifs_radklim_2016-03.nc'), PosixPath('/cpfs01/projects-HDD/cfff-4a8d9af84f66_HDD/public/ShiXiSheng/yzy/downscaling_precipitation/precip_dataset_new/train/preproc_ifs_radklim_2016-04.nc'), PosixPath('/cpfs01/projects-HDD/cfff-4a8d9af84f66_HDD/public/ShiXiSheng/yzy/downscaling_precipitation/precip_dataset_new/train/preproc_ifs_radklim_2016-05.nc'), PosixPath('/cpfs01/projects-HDD/cfff-4a8d9af84f66_HDD/public/ShiXiSheng/yzy/downscaling_precipitation/precip_dataset_new/train/preproc_ifs_radklim_2016-06.nc'), PosixPath('/cpfs01/projects-HDD/cfff-4a8d9af84f66_HDD/public/ShiXiSheng/yzy/downscaling_precipitation/precip_dataset_new/train/preproc_ifs_radklim_2016-07.nc'), PosixPath('/cpfs01/projects-HDD/cfff-4a8d9af84f66_HDD/public/ShiXiSheng/yzy/downscaling_precipitation/precip_dataset_new/train/preproc_ifs_radklim_2018-02.nc'), PosixPath('/cpfs01/projects-HDD/cfff-4a8d9af84f66_HDD/public/ShiXiSheng/yzy/downscaling_precipitation/precip_dataset_new/train/preproc_ifs_radklim_2018-03.nc'), PosixPath('/cpfs01/projects-HDD/cfff-4a8d9af84f66_HDD/public/ShiXiSheng/yzy/downscaling_precipitation/precip_dataset_new/train/preproc_ifs_radklim_2018-04.nc'), PosixPath('/cpfs01/projects-HDD/cfff-4a8d9af84f66_HDD/public/ShiXiSheng/yzy/downscaling_precipitation/precip_dataset_new/train/preproc_ifs_radklim_2018-05.nc'), PosixPath('/cpfs01/projects-HDD/cfff-4a8d9af84f66_HDD/public/ShiXiSheng/yzy/downscaling_precipitation/precip_dataset_new/train/preproc_ifs_radklim_2018-06.nc'), PosixPath('/cpfs01/projects-HDD/cfff-4a8d9af84f66_HDD/public/ShiXiSheng/yzy/downscaling_precipitation/precip_dataset_new/train/preproc_ifs_radklim_2018-07.nc'), PosixPath('/cpfs01/projects-HDD/cfff-4a8d9af84f66_HDD/public/ShiXiSheng/yzy/downscaling_precipitation/precip_dataset_new/train/preproc_ifs_radklim_2018-08.nc'), PosixPath('/cpfs01/projects-HDD/cfff-4a8d9af84f66_HDD/public/ShiXiSheng/yzy/downscaling_precipitation/precip_dataset_new/train/preproc_ifs_radklim_2018-09.nc'), PosixPath('/cpfs01/projects-HDD/cfff-4a8d9af84f66_HDD/public/ShiXiSheng/yzy/downscaling_precipitation/precip_dataset_new/train/preproc_ifs_radklim_2018-10.nc'), PosixPath('/cpfs01/projects-HDD/cfff-4a8d9af84f66_HDD/public/ShiXiSheng/yzy/downscaling_precipitation/precip_dataset_new/train/preproc_ifs_radklim_2018-11.nc'), PosixPath('/cpfs01/projects-HDD/cfff-4a8d9af84f66_HDD/public/ShiXiSheng/yzy/downscaling_precipitation/precip_dataset_new/train/preproc_ifs_radklim_2018-12.nc'), PosixPath('/cpfs01/projects-HDD/cfff-4a8d9af84f66_HDD/public/ShiXiSheng/yzy/downscaling_precipitation/precip_dataset_new/train/preproc_ifs_radklim_2019-01.nc'), PosixPath('/cpfs01/projects-HDD/cfff-4a8d9af84f66_HDD/public/ShiXiSheng/yzy/downscaling_precipitation/precip_dataset_new/train/preproc_ifs_radklim_2019-02.nc'), PosixPath('/cpfs01/projects-HDD/cfff-4a8d9af84f66_HDD/public/ShiXiSheng/yzy/downscaling_precipitation/precip_dataset_new/train/preproc_ifs_radklim_2019-03.nc'), PosixPath('/cpfs01/projects-HDD/cfff-4a8d9af84f66_HDD/public/ShiXiSheng/yzy/downscaling_precipitation/precip_dataset_new/train/preproc_ifs_radklim_2019-05.nc'), PosixPath('/cpfs01/projects-HDD/cfff-4a8d9af84f66_HDD/public/ShiXiSheng/yzy/downscaling_precipitation/precip_dataset_new/train/preproc_ifs_radklim_2019-06.nc'), PosixPath('/cpfs01/projects-HDD/cfff-4a8d9af84f66_HDD/public/ShiXiSheng/yzy/downscaling_precipitation/precip_dataset_new/train/preproc_ifs_radklim_2019-07.nc'), PosixPath('/cpfs01/projects-HDD/cfff-4a8d9af84f66_HDD/public/ShiXiSheng/yzy/downscaling_precipitation/precip_dataset_new/train/preproc_ifs_radklim_2019-08.nc'), PosixPath('/cpfs01/projects-HDD/cfff-4a8d9af84f66_HDD/public/ShiXiSheng/yzy/downscaling_precipitation/precip_dataset_new/train/preproc_ifs_radklim_2019-09.nc'), PosixPath('/cpfs01/projects-HDD/cfff-4a8d9af84f66_HDD/public/ShiXiSheng/yzy/downscaling_precipitation/precip_dataset_new/train/preproc_ifs_radklim_2019-10.nc'), PosixPath('/cpfs01/projects-HDD/cfff-4a8d9af84f66_HDD/public/ShiXiSheng/yzy/downscaling_precipitation/precip_dataset_new/train/preproc_ifs_radklim_2019-11.nc'), PosixPath('/cpfs01/projects-HDD/cfff-4a8d9af84f66_HDD/public/ShiXiSheng/yzy/downscaling_precipitation/precip_dataset_new/train/preproc_ifs_radklim_2019-12.nc')]
Going to open the following files: [PosixPath('/cpfs01/projects-HDD/cfff-4a8d9af84f66_HDD/public/ShiXiSheng/yzy/downscaling_precipitation/precip_dataset_new/train/preproc_ifs_radklim_2016-01.nc'), PosixPath('/cpfs01/projects-HDD/cfff-4a8d9af84f66_HDD/public/ShiXiSheng/yzy/downscaling_precipitation/precip_dataset_new/train/preproc_ifs_radklim_2016-02.nc'), PosixPath('/cpfs01/projects-HDD/cfff-4a8d9af84f66_HDD/public/ShiXiSheng/yzy/downscaling_precipitation/precip_dataset_new/train/preproc_ifs_radklim_2016-03.nc'), PosixPath('/cpfs01/projects-HDD/cfff-4a8d9af84f66_HDD/public/ShiXiSheng/yzy/downscaling_precipitation/precip_dataset_new/train/preproc_ifs_radklim_2016-04.nc'), PosixPath('/cpfs01/projects-HDD/cfff-4a8d9af84f66_HDD/public/ShiXiSheng/yzy/downscaling_precipitation/precip_dataset_new/train/preproc_ifs_radklim_2016-05.nc'), PosixPath('/cpfs01/projects-HDD/cfff-4a8d9af84f66_HDD/public/ShiXiSheng/yzy/downscaling_precipitation/precip_dataset_new/train/preproc_ifs_radklim_2016-06.nc'), PosixPath('/cpfs01/projects-HDD/cfff-4a8d9af84f66_HDD/public/ShiXiSheng/yzy/downscaling_precipitation/precip_dataset_new/train/preproc_ifs_radklim_2016-07.nc'), PosixPath('/cpfs01/projects-HDD/cfff-4a8d9af84f66_HDD/public/ShiXiSheng/yzy/downscaling_precipitation/precip_dataset_new/train/preproc_ifs_radklim_2018-02.nc'), PosixPath('/cpfs01/projects-HDD/cfff-4a8d9af84f66_HDD/public/ShiXiSheng/yzy/downscaling_precipitation/precip_dataset_new/train/preproc_ifs_radklim_2018-03.nc'), PosixPath('/cpfs01/projects-HDD/cfff-4a8d9af84f66_HDD/public/ShiXiSheng/yzy/downscaling_precipitation/precip_dataset_new/train/preproc_ifs_radklim_2018-04.nc'), PosixPath('/cpfs01/projects-HDD/cfff-4a8d9af84f66_HDD/public/ShiXiSheng/yzy/downscaling_precipitation/precip_dataset_new/train/preproc_ifs_radklim_2018-05.nc'), PosixPath('/cpfs01/projects-HDD/cfff-4a8d9af84f66_HDD/public/ShiXiSheng/yzy/downscaling_precipitation/precip_dataset_new/train/preproc_ifs_radklim_2018-06.nc'), PosixPath('/cpfs01/projects-HDD/cfff-4a8d9af84f66_HDD/public/ShiXiSheng/yzy/downscaling_precipitation/precip_dataset_new/train/preproc_ifs_radklim_2018-07.nc'), PosixPath('/cpfs01/projects-HDD/cfff-4a8d9af84f66_HDD/public/ShiXiSheng/yzy/downscaling_precipitation/precip_dataset_new/train/preproc_ifs_radklim_2018-08.nc'), PosixPath('/cpfs01/projects-HDD/cfff-4a8d9af84f66_HDD/public/ShiXiSheng/yzy/downscaling_precipitation/precip_dataset_new/train/preproc_ifs_radklim_2018-09.nc'), PosixPath('/cpfs01/projects-HDD/cfff-4a8d9af84f66_HDD/public/ShiXiSheng/yzy/downscaling_precipitation/precip_dataset_new/train/preproc_ifs_radklim_2018-10.nc'), PosixPath('/cpfs01/projects-HDD/cfff-4a8d9af84f66_HDD/public/ShiXiSheng/yzy/downscaling_precipitation/precip_dataset_new/train/preproc_ifs_radklim_2018-11.nc'), PosixPath('/cpfs01/projects-HDD/cfff-4a8d9af84f66_HDD/public/ShiXiSheng/yzy/downscaling_precipitation/precip_dataset_new/train/preproc_ifs_radklim_2018-12.nc'), PosixPath('/cpfs01/projects-HDD/cfff-4a8d9af84f66_HDD/public/ShiXiSheng/yzy/downscaling_precipitation/precip_dataset_new/train/preproc_ifs_radklim_2019-01.nc'), PosixPath('/cpfs01/projects-HDD/cfff-4a8d9af84f66_HDD/public/ShiXiSheng/yzy/downscaling_precipitation/precip_dataset_new/train/preproc_ifs_radklim_2019-02.nc'), PosixPath('/cpfs01/projects-HDD/cfff-4a8d9af84f66_HDD/public/ShiXiSheng/yzy/downscaling_precipitation/precip_dataset_new/train/preproc_ifs_radklim_2019-03.nc'), PosixPath('/cpfs01/projects-HDD/cfff-4a8d9af84f66_HDD/public/ShiXiSheng/yzy/downscaling_precipitation/precip_dataset_new/train/preproc_ifs_radklim_2019-05.nc'), PosixPath('/cpfs01/projects-HDD/cfff-4a8d9af84f66_HDD/public/ShiXiSheng/yzy/downscaling_precipitation/precip_dataset_new/train/preproc_ifs_radklim_2019-06.nc'), PosixPath('/cpfs01/projects-HDD/cfff-4a8d9af84f66_HDD/public/ShiXiSheng/yzy/downscaling_precipitation/precip_dataset_new/train/preproc_ifs_radklim_2019-07.nc'), PosixPath('/cpfs01/projects-HDD/cfff-4a8d9af84f66_HDD/public/ShiXiSheng/yzy/downscaling_precipitation/precip_dataset_new/train/preproc_ifs_radklim_2019-08.nc'), PosixPath('/cpfs01/projects-HDD/cfff-4a8d9af84f66_HDD/public/ShiXiSheng/yzy/downscaling_precipitation/precip_dataset_new/train/preproc_ifs_radklim_2019-09.nc'), PosixPath('/cpfs01/projects-HDD/cfff-4a8d9af84f66_HDD/public/ShiXiSheng/yzy/downscaling_precipitation/precip_dataset_new/train/preproc_ifs_radklim_2019-10.nc'), PosixPath('/cpfs01/projects-HDD/cfff-4a8d9af84f66_HDD/public/ShiXiSheng/yzy/downscaling_precipitation/precip_dataset_new/train/preproc_ifs_radklim_2019-11.nc'), PosixPath('/cpfs01/projects-HDD/cfff-4a8d9af84f66_HDD/public/ShiXiSheng/yzy/downscaling_precipitation/precip_dataset_new/train/preproc_ifs_radklim_2019-12.nc')]
Loading data from the file: [PosixPath('/cpfs01/projects-HDD/cfff-4a8d9af84f66_HDD/public/ShiXiSheng/yzy/downscaling_precipitation/precip_dataset_new/train/preproc_ifs_radklim_2016-01.nc'), PosixPath('/cpfs01/projects-HDD/cfff-4a8d9af84f66_HDD/public/ShiXiSheng/yzy/downscaling_precipitation/precip_dataset_new/train/preproc_ifs_radklim_2016-02.nc'), PosixPath('/cpfs01/projects-HDD/cfff-4a8d9af84f66_HDD/public/ShiXiSheng/yzy/downscaling_precipitation/precip_dataset_new/train/preproc_ifs_radklim_2016-03.nc'), PosixPath('/cpfs01/projects-HDD/cfff-4a8d9af84f66_HDD/public/ShiXiSheng/yzy/downscaling_precipitation/precip_dataset_new/train/preproc_ifs_radklim_2016-04.nc'), PosixPath('/cpfs01/projects-HDD/cfff-4a8d9af84f66_HDD/public/ShiXiSheng/yzy/downscaling_precipitation/precip_dataset_new/train/preproc_ifs_radklim_2016-05.nc'), PosixPath('/cpfs01/projects-HDD/cfff-4a8d9af84f66_HDD/public/ShiXiSheng/yzy/downscaling_precipitation/precip_dataset_new/train/preproc_ifs_radklim_2016-06.nc'), PosixPath('/cpfs01/projects-HDD/cfff-4a8d9af84f66_HDD/public/ShiXiSheng/yzy/downscaling_precipitation/precip_dataset_new/train/preproc_ifs_radklim_2016-07.nc'), PosixPath('/cpfs01/projects-HDD/cfff-4a8d9af84f66_HDD/public/ShiXiSheng/yzy/downscaling_precipitation/precip_dataset_new/train/preproc_ifs_radklim_2018-02.nc'), PosixPath('/cpfs01/projects-HDD/cfff-4a8d9af84f66_HDD/public/ShiXiSheng/yzy/downscaling_precipitation/precip_dataset_new/train/preproc_ifs_radklim_2018-03.nc'), PosixPath('/cpfs01/projects-HDD/cfff-4a8d9af84f66_HDD/public/ShiXiSheng/yzy/downscaling_precipitation/precip_dataset_new/train/preproc_ifs_radklim_2018-04.nc'), PosixPath('/cpfs01/projects-HDD/cfff-4a8d9af84f66_HDD/public/ShiXiSheng/yzy/downscaling_precipitation/precip_dataset_new/train/preproc_ifs_radklim_2018-05.nc'), PosixPath('/cpfs01/projects-HDD/cfff-4a8d9af84f66_HDD/public/ShiXiSheng/yzy/downscaling_precipitation/precip_dataset_new/train/preproc_ifs_radklim_2018-06.nc'), PosixPath('/cpfs01/projects-HDD/cfff-4a8d9af84f66_HDD/public/ShiXiSheng/yzy/downscaling_precipitation/precip_dataset_new/train/preproc_ifs_radklim_2018-07.nc'), PosixPath('/cpfs01/projects-HDD/cfff-4a8d9af84f66_HDD/public/ShiXiSheng/yzy/downscaling_precipitation/precip_dataset_new/train/preproc_ifs_radklim_2018-08.nc'), PosixPath('/cpfs01/projects-HDD/cfff-4a8d9af84f66_HDD/public/ShiXiSheng/yzy/downscaling_precipitation/precip_dataset_new/train/preproc_ifs_radklim_2018-09.nc'), PosixPath('/cpfs01/projects-HDD/cfff-4a8d9af84f66_HDD/public/ShiXiSheng/yzy/downscaling_precipitation/precip_dataset_new/train/preproc_ifs_radklim_2018-10.nc'), PosixPath('/cpfs01/projects-HDD/cfff-4a8d9af84f66_HDD/public/ShiXiSheng/yzy/downscaling_precipitation/precip_dataset_new/train/preproc_ifs_radklim_2018-11.nc'), PosixPath('/cpfs01/projects-HDD/cfff-4a8d9af84f66_HDD/public/ShiXiSheng/yzy/downscaling_precipitation/precip_dataset_new/train/preproc_ifs_radklim_2018-12.nc'), PosixPath('/cpfs01/projects-HDD/cfff-4a8d9af84f66_HDD/public/ShiXiSheng/yzy/downscaling_precipitation/precip_dataset_new/train/preproc_ifs_radklim_2019-01.nc'), PosixPath('/cpfs01/projects-HDD/cfff-4a8d9af84f66_HDD/public/ShiXiSheng/yzy/downscaling_precipitation/precip_dataset_new/train/preproc_ifs_radklim_2019-02.nc'), PosixPath('/cpfs01/projects-HDD/cfff-4a8d9af84f66_HDD/public/ShiXiSheng/yzy/downscaling_precipitation/precip_dataset_new/train/preproc_ifs_radklim_2019-03.nc'), PosixPath('/cpfs01/projects-HDD/cfff-4a8d9af84f66_HDD/public/ShiXiSheng/yzy/downscaling_precipitation/precip_dataset_new/train/preproc_ifs_radklim_2019-05.nc'), PosixPath('/cpfs01/projects-HDD/cfff-4a8d9af84f66_HDD/public/ShiXiSheng/yzy/downscaling_precipitation/precip_dataset_new/train/preproc_ifs_radklim_2019-06.nc'), PosixPath('/cpfs01/projects-HDD/cfff-4a8d9af84f66_HDD/public/ShiXiSheng/yzy/downscaling_precipitation/precip_dataset_new/train/preproc_ifs_radklim_2019-07.nc'), PosixPath('/cpfs01/projects-HDD/cfff-4a8d9af84f66_HDD/public/ShiXiSheng/yzy/downscaling_precipitation/precip_dataset_new/train/preproc_ifs_radklim_2019-08.nc'), PosixPath('/cpfs01/projects-HDD/cfff-4a8d9af84f66_HDD/public/ShiXiSheng/yzy/downscaling_precipitation/precip_dataset_new/train/preproc_ifs_radklim_2019-09.nc'), PosixPath('/cpfs01/projects-HDD/cfff-4a8d9af84f66_HDD/public/ShiXiSheng/yzy/downscaling_precipitation/precip_dataset_new/train/preproc_ifs_radklim_2019-10.nc'), PosixPath('/cpfs01/projects-HDD/cfff-4a8d9af84f66_HDD/public/ShiXiSheng/yzy/downscaling_precipitation/precip_dataset_new/train/preproc_ifs_radklim_2019-11.nc'), PosixPath('/cpfs01/projects-HDD/cfff-4a8d9af84f66_HDD/public/ShiXiSheng/yzy/downscaling_precipitation/precip_dataset_new/train/preproc_ifs_radklim_2019-12.nc')]
There is done
num_patches_images are 7 5
pre indexes are [4, 5, 9]
no nan idx 25397
There are No. 25397 patches out of 739865 without Nan Values 
Minimum value of tp in vars_in_patches(having log): 0.0
Maximum value of tp in vars_in_patches(having log): 8.18589973449707
Distribution of tp in different rainfall intervals:
-0.1 to 0.1: 25.75%
0.1 to 2: 71.33%
2 to 4: 2.50%
4 to 8: 0.37%
8 to 20: 0.04%
20 to 30: 0.00%
30 to inf: 0.00%
Distribution of tp in vars_out_orig_patches in different rainfall intervals:
-0.1 to 0.1: 60.60%
0.1 to 2: 34.94%
2 to 4: 3.47%
4 to 8: 0.89%
8 to 20: 0.11%
20 to 30: 0.00%
30 to inf: 0.00%
self.times_patches_list: tensor([[2016,    1,    2,    6],
        [2016,    1,    2,    7],
        [2016,    1,    2,    8],
        ...,
        [2019,   12,   30,    4],
        [2019,   12,   30,    4],
        [2019,   12,   30,    4]], device='cpu', dtype=torch.int32)
save stats
i tensor(-4.5178e-13, device='cpu')
save stats
i tensor(-2.1600e-16, device='cpu')
save stats
i tensor(82071.3359, device='cpu')
save stats
i tensor(1.6654, device='cpu')
save stats
i tensor(0., device='cpu')
save stats
i tensor(0., device='cpu')
save stats
i tensor(-1.8591e-09, device='cpu')
save stats
i tensor(-23.0063, device='cpu')
save stats
i tensor(-35.2889, device='cpu')
save stats
i tensor(0., device='cpu')
The statistic has been stored to the json file:  /cpfs01/projects-HDD/cfff-4a8d9af84f66_HDD/public/ShiXiSheng/yzy/downscaling_precipitation/precip_dataset_new/train/statistics.json
The total number of samples after filtering NaN and zeros values: 25397
Shuffling the index ....
idx_perm [11676 15961  6877 ...  7812 18002 16014]
K 值是多少让我看看： 0.008
self.prcp_indexes: [4, 5, 9]
Going to open the following files: /cpfs01/projects-HDD/cfff-4a8d9af84f66_HDD/public/ShiXiSheng/yzy/downscaling_precipitation/precip_dataset_new/val
Going to open the following files: [PosixPath('/cpfs01/projects-HDD/cfff-4a8d9af84f66_HDD/public/ShiXiSheng/yzy/downscaling_precipitation/precip_dataset_new/val/2017-01/preproc_ifs_radklim_2017-01.nc')]
Going to open the following files: [PosixPath('/cpfs01/projects-HDD/cfff-4a8d9af84f66_HDD/public/ShiXiSheng/yzy/downscaling_precipitation/precip_dataset_new/val/2017-01/preproc_ifs_radklim_2017-01.nc')]
Loading data from the file: [PosixPath('/cpfs01/projects-HDD/cfff-4a8d9af84f66_HDD/public/ShiXiSheng/yzy/downscaling_precipitation/precip_dataset_new/val/2017-01/preproc_ifs_radklim_2017-01.nc')]
There is done
num_patches_images are 7 5
pre indexes are [4, 5, 9]
no nan idx 1421
There are No. 1421 patches out of 26005 without Nan Values 
Minimum value of tp in vars_in_patches(having log): 0.0
Maximum value of tp in vars_in_patches(having log): 6.580108642578125
Distribution of tp in different rainfall intervals:
-0.1 to 0.1: 27.75%
0.1 to 2: 71.33%
2 to 4: 0.89%
4 to 8: 0.03%
8 to 20: 0.00%
20 to 30: 0.00%
30 to inf: 0.00%
Distribution of tp in vars_out_orig_patches in different rainfall intervals:
-0.1 to 0.1: 62.89%
0.1 to 2: 35.08%
2 to 4: 1.83%
4 to 8: 0.19%
8 to 20: 0.00%
20 to 30: 0.00%
30 to inf: 0.00%
self.times_patches_list: tensor([[2017,    1,    1,   17],
        [2017,    1,    1,   17],
        [2017,    1,    1,   18],
        ...,
        [2017,    2,    1,    0],
        [2017,    2,    1,    1],
        [2017,    2,    1,    2]], device='cpu', dtype=torch.int32)
Loading the stats file: /cpfs01/projects-HDD/cfff-4a8d9af84f66_HDD/public/ShiXiSheng/yzy/downscaling_precipitation/precip_dataset_new/train/statistics.json
The total number of samples after filtering NaN and zeros values: 1421
The model wgan is selected for training
i 0
i 1
i 2
i 3
i 4
i 5
i 6
i 0
i 0
i 0
Total trainalbe parameters of the generator: 3706049
Total trainalbe parameters of the critic: 1584641
 size of dataset 25397 batch size 24
 iterations 1058.2083333333333
++++++++++++++++++++++++++++++++
[Epoch 1/100] [Avg D loss: 3.551141] [Avg G loss: 2099.405102] [Avg Rec loss: 8.398455]
[Epoch 1/100] [D Val loss: 1.205008] [G loss: 1203.109126] [Rec loss: 4.815104] [LR C: 0.000001] [LR G: 0.000010]
++++++++++++++++++++++++++++++++
++++++++++++++++++++++++++++++++
[Epoch 2/100] [Avg D loss: -0.872079] [Avg G loss: 1529.275756] [Avg Rec loss: 6.116346]
[Epoch 2/100] [D Val loss: 0.734763] [G loss: 985.705936] [Rec loss: 3.944567] [LR C: 0.000001] [LR G: 0.000010]
++++++++++++++++++++++++++++++++
++++++++++++++++++++++++++++++++
[Epoch 3/100] [Avg D loss: -1.996938] [Avg G loss: 1204.015861] [Avg Rec loss: 4.812633]
[Epoch 3/100] [D Val loss: 1.121228] [G loss: 913.871932] [Rec loss: 3.658188] [LR C: 0.000001] [LR G: 0.000010]
++++++++++++++++++++++++++++++++
++++++++++++++++++++++++++++++++
[Epoch 4/100] [Avg D loss: -3.324635] [Avg G loss: 1112.592528] [Avg Rec loss: 4.444168]
[Epoch 4/100] [D Val loss: 1.717967] [G loss: 885.060339] [Rec loss: 3.544404] [LR C: 0.000001] [LR G: 0.000010]
++++++++++++++++++++++++++++++++
++++++++++++++++++++++++++++++++
[Epoch 5/100] [Avg D loss: -4.776606] [Avg G loss: 1020.275625] [Avg Rec loss: 4.071819]
[Epoch 5/100] [D Val loss: 2.092815] [G loss: 813.705494] [Rec loss: 3.258517] [LR C: 0.000001] [LR G: 0.000010]
++++++++++++++++++++++++++++++++
++++++++++++++++++++++++++++++++
[Epoch 6/100] [Avg D loss: -6.237958] [Avg G loss: 973.651910] [Avg Rec loss: 3.882107]
[Epoch 6/100] [D Val loss: 3.875382] [G loss: 909.838057] [Rec loss: 3.647953] [LR C: 0.000001] [LR G: 0.000010]
++++++++++++++++++++++++++++++++
++++++++++++++++++++++++++++++++
[Epoch 7/100] [Avg D loss: -7.636175] [Avg G loss: 973.859006] [Avg Rec loss: 3.880045]
[Epoch 7/100] [D Val loss: 6.273231] [G loss: 1068.187771] [Rec loss: 4.289471] [LR C: 0.000001] [LR G: 0.000010]
++++++++++++++++++++++++++++++++
++++++++++++++++++++++++++++++++
[Epoch 8/100] [Avg D loss: -8.895337] [Avg G loss: 916.940961] [Avg Rec loss: 3.649719]
[Epoch 8/100] [D Val loss: 7.509370] [G loss: 974.528011] [Rec loss: 3.921863] [LR C: 0.000001] [LR G: 0.000010]
++++++++++++++++++++++++++++++++
++++++++++++++++++++++++++++++++
[Epoch 9/100] [Avg D loss: -10.339203] [Avg G loss: 923.329820] [Avg Rec loss: 3.672175]
[Epoch 9/100] [D Val loss: 4.496516] [G loss: 815.174365] [Rec loss: 3.268687] [LR C: 0.000001] [LR G: 0.000010]
++++++++++++++++++++++++++++++++
++++++++++++++++++++++++++++++++
[Epoch 10/100] [Avg D loss: -11.792289] [Avg G loss: 891.129539] [Avg Rec loss: 3.540325]
[Epoch 10/100] [D Val loss: 4.677059] [G loss: 779.110641] [Rec loss: 3.124123] [LR C: 0.000001] [LR G: 0.000010]
++++++++++++++++++++++++++++++++
++++++++++++++++++++++++++++++++
[Epoch 11/100] [Avg D loss: -13.293056] [Avg G loss: 882.791244] [Avg Rec loss: 3.503872]
[Epoch 11/100] [D Val loss: 13.727400] [G loss: 1054.722151] [Rec loss: 4.262321] [LR C: 0.000001] [LR G: 0.000010]
++++++++++++++++++++++++++++++++
++++++++++++++++++++++++++++++++
[Epoch 12/100] [Avg D loss: -14.845154] [Avg G loss: 893.424297] [Avg Rec loss: 3.543406]
[Epoch 12/100] [D Val loss: 10.422851] [G loss: 866.205702] [Rec loss: 3.494894] [LR C: 0.000001] [LR G: 0.000010]
++++++++++++++++++++++++++++++++
++++++++++++++++++++++++++++++++
[Epoch 13/100] [Avg D loss: -16.368370] [Avg G loss: 842.560253] [Avg Rec loss: 3.336998]
[Epoch 13/100] [D Val loss: 12.964575] [G loss: 924.786437] [Rec loss: 3.737278] [LR C: 0.000001] [LR G: 0.000010]
++++++++++++++++++++++++++++++++
++++++++++++++++++++++++++++++++
[Epoch 14/100] [Avg D loss: -17.996524] [Avg G loss: 866.653636] [Avg Rec loss: 3.430456]
[Epoch 14/100] [D Val loss: 9.315734] [G loss: 768.949388] [Rec loss: 3.102974] [LR C: 0.000001] [LR G: 0.000010]
++++++++++++++++++++++++++++++++
++++++++++++++++++++++++++++++++
[Epoch 15/100] [Avg D loss: -19.719143] [Avg G loss: 851.536455] [Avg Rec loss: 3.366592]
[Epoch 15/100] [D Val loss: 13.053588] [G loss: 822.470388] [Rec loss: 3.330019] [LR C: 0.000001] [LR G: 0.000010]
++++++++++++++++++++++++++++++++
++++++++++++++++++++++++++++++++
[Epoch 16/100] [Avg D loss: -21.422020] [Avg G loss: 843.981556] [Avg Rec loss: 3.332885]
[Epoch 16/100] [D Val loss: 24.207817] [G loss: 1003.555908] [Rec loss: 4.095407] [LR C: 0.000001] [LR G: 0.000010]
++++++++++++++++++++++++++++++++
++++++++++++++++++++++++++++++++
[Epoch 17/100] [Avg D loss: -23.237069] [Avg G loss: 861.611952] [Avg Rec loss: 3.399699]
[Epoch 17/100] [D Val loss: 15.775992] [G loss: 873.435507] [Rec loss: 3.537099] [LR C: 0.000001] [LR G: 0.000010]
++++++++++++++++++++++++++++++++
++++++++++++++++++++++++++++++++
[Epoch 18/100] [Avg D loss: -24.962889] [Avg G loss: 811.522480] [Avg Rec loss: 3.195945]
[Epoch 18/100] [D Val loss: 34.559811] [G loss: 1135.630893] [Rec loss: 4.661037] [LR C: 0.000001] [LR G: 0.000010]
++++++++++++++++++++++++++++++++
++++++++++++++++++++++++++++++++
[Epoch 19/100] [Avg D loss: -26.812472] [Avg G loss: 836.967012] [Avg Rec loss: 3.294487]
[Epoch 19/100] [D Val loss: 15.282595] [G loss: 791.358864] [Rec loss: 3.206318] [LR C: 0.000001] [LR G: 0.000010]
++++++++++++++++++++++++++++++++
++++++++++++++++++++++++++++++++
[Epoch 20/100] [Avg D loss: -28.656340] [Avg G loss: 825.310238] [Avg Rec loss: 3.244304]
[Epoch 20/100] [D Val loss: 18.774440] [G loss: 806.147193] [Rec loss: 3.278884] [LR C: 0.000001] [LR G: 0.000010]
++++++++++++++++++++++++++++++++
++++++++++++++++++++++++++++++++
[Epoch 21/100] [Avg D loss: -30.449782] [Avg G loss: 818.522639] [Avg Rec loss: 3.213482]
[Epoch 21/100] [D Val loss: 29.988063] [G loss: 884.212644] [Rec loss: 3.637046] [LR C: 0.000001] [LR G: 0.000010]
++++++++++++++++++++++++++++++++
++++++++++++++++++++++++++++++++
[Epoch 22/100] [Avg D loss: -32.403389] [Avg G loss: 836.931308] [Avg Rec loss: 3.283304]
[Epoch 22/100] [D Val loss: 26.936209] [G loss: 824.667428] [Rec loss: 3.387428] [LR C: 0.000001] [LR G: 0.000010]
++++++++++++++++++++++++++++++++
++++++++++++++++++++++++++++++++
[Epoch 23/100] [Avg D loss: -34.239049] [Avg G loss: 794.358941] [Avg Rec loss: 3.109576]
[Epoch 23/100] [D Val loss: 59.521088] [G loss: 1132.802564] [Rec loss: 4.744208] [LR C: 0.000001] [LR G: 0.000010]
++++++++++++++++++++++++++++++++
++++++++++++++++++++++++++++++++
[Epoch 24/100] [Avg D loss: -36.225443] [Avg G loss: 820.615441] [Avg Rec loss: 3.211259]
[Epoch 24/100] [D Val loss: 25.230041] [G loss: 777.222150] [Rec loss: 3.186683] [LR C: 0.000001] [LR G: 0.000010]
++++++++++++++++++++++++++++++++
++++++++++++++++++++++++++++++++
[Epoch 25/100] [Avg D loss: -38.238575] [Avg G loss: 812.047907] [Avg Rec loss: 3.173353]
[Epoch 25/100] [D Val loss: 24.465762] [G loss: 762.837114] [Rec loss: 3.122447] [LR C: 0.000001] [LR G: 0.000010]
++++++++++++++++++++++++++++++++
++++++++++++++++++++++++++++++++
[Epoch 26/100] [Avg D loss: -39.437277] [Avg G loss: 803.327188] [Avg Rec loss: 3.135466]
[Epoch 26/100] [D Val loss: 33.112790] [G loss: 798.935952] [Rec loss: 3.304530] [LR C: 0.000000] [LR G: 0.000001]
++++++++++++++++++++++++++++++++
++++++++++++++++++++++++++++++++
[Epoch 27/100] [Avg D loss: -39.673778] [Avg G loss: 817.748586] [Avg Rec loss: 3.192820]
[Epoch 27/100] [D Val loss: 29.151869] [G loss: 788.557130] [Rec loss: 3.243228] [LR C: 0.000000] [LR G: 0.000001]
++++++++++++++++++++++++++++++++
++++++++++++++++++++++++++++++++
[Epoch 28/100] [Avg D loss: -39.853787] [Avg G loss: 778.907276] [Avg Rec loss: 3.036741]
[Epoch 28/100] [D Val loss: 46.160386] [G loss: 839.743785] [Rec loss: 3.523962] [LR C: 0.000000] [LR G: 0.000001]
++++++++++++++++++++++++++++++++
++++++++++++++++++++++++++++++++
[Epoch 29/100] [Avg D loss: -40.080542] [Avg G loss: 803.808397] [Avg Rec loss: 3.136528]
[Epoch 29/100] [D Val loss: 28.204970] [G loss: 785.273587] [Rec loss: 3.225278] [LR C: 0.000000] [LR G: 0.000001]
++++++++++++++++++++++++++++++++
++++++++++++++++++++++++++++++++
[Epoch 30/100] [Avg D loss: -40.301464] [Avg G loss: 787.857507] [Avg Rec loss: 3.072313]
[Epoch 30/100] [D Val loss: 32.358643] [G loss: 782.529323] [Rec loss: 3.235781] [LR C: 0.000000] [LR G: 0.000001]
++++++++++++++++++++++++++++++++
++++++++++++++++++++++++++++++++
[Epoch 31/100] [Avg D loss: -40.493556] [Avg G loss: 797.676579] [Avg Rec loss: 3.110763]
[Epoch 31/100] [D Val loss: 34.901022] [G loss: 832.104411] [Rec loss: 3.437862] [LR C: 0.000000] [LR G: 0.000001]
++++++++++++++++++++++++++++++++
++++++++++++++++++++++++++++++++
[Epoch 32/100] [Avg D loss: -40.729740] [Avg G loss: 812.632018] [Avg Rec loss: 3.170255]
[Epoch 32/100] [D Val loss: 36.981785] [G loss: 797.400406] [Rec loss: 3.314460] [LR C: 0.000000] [LR G: 0.000001]
++++++++++++++++++++++++++++++++
++++++++++++++++++++++++++++++++
[Epoch 33/100] [Avg D loss: -40.907534] [Avg G loss: 774.774726] [Avg Rec loss: 3.018129]
[Epoch 33/100] [D Val loss: 47.586152] [G loss: 864.584806] [Rec loss: 3.624175] [LR C: 0.000000] [LR G: 0.000001]
++++++++++++++++++++++++++++++++
++++++++++++++++++++++++++++++++
[Epoch 34/100] [Avg D loss: -41.125315] [Avg G loss: 799.898818] [Avg Rec loss: 3.118876]
[Epoch 34/100] [D Val loss: 37.620849] [G loss: 801.777440] [Rec loss: 3.333436] [LR C: 0.000000] [LR G: 0.000001]
++++++++++++++++++++++++++++++++
++++++++++++++++++++++++++++++++
[Epoch 35/100] [Avg D loss: -41.351675] [Avg G loss: 784.766332] [Avg Rec loss: 3.057848]
[Epoch 35/100] [D Val loss: 36.939825] [G loss: 808.795323] [Rec loss: 3.355942] [LR C: 0.000000] [LR G: 0.000001]
++++++++++++++++++++++++++++++++
++++++++++++++++++++++++++++++++
[Epoch 36/100] [Avg D loss: -41.542878] [Avg G loss: 794.321707] [Avg Rec loss: 3.095254]
[Epoch 36/100] [D Val loss: 44.965590] [G loss: 842.054954] [Rec loss: 3.523965] [LR C: 0.000000] [LR G: 0.000001]
++++++++++++++++++++++++++++++++
++++++++++++++++++++++++++++++++
[Epoch 37/100] [Avg D loss: -41.683652] [Avg G loss: 810.421513] [Avg Rec loss: 3.159533]
[Epoch 37/100] [D Val loss: 37.582999] [G loss: 803.722961] [Rec loss: 3.338364] [LR C: 0.000000] [LR G: 0.000000]
++++++++++++++++++++++++++++++++
++++++++++++++++++++++++++++++++
[Epoch 38/100] [Avg D loss: -41.697633] [Avg G loss: 771.953315] [Avg Rec loss: 3.005222]
[Epoch 38/100] [D Val loss: 47.226610] [G loss: 847.356250] [Rec loss: 3.553125] [LR C: 0.000000] [LR G: 0.000000]
++++++++++++++++++++++++++++++++
++++++++++++++++++++++++++++++++
[Epoch 39/100] [Avg D loss: -41.716460] [Avg G loss: 796.393358] [Avg Rec loss: 3.103741]
[Epoch 39/100] [D Val loss: 40.377949] [G loss: 812.722815] [Rec loss: 3.387471] [LR C: 0.000000] [LR G: 0.000000]
++++++++++++++++++++++++++++++++
++++++++++++++++++++++++++++++++
[Epoch 40/100] [Avg D loss: -41.742974] [Avg G loss: 782.110341] [Avg Rec loss: 3.046499]
[Epoch 40/100] [D Val loss: 36.655900] [G loss: 814.629190] [Rec loss: 3.377033] [LR C: 0.000000] [LR G: 0.000000]
++++++++++++++++++++++++++++++++
++++++++++++++++++++++++++++++++
[Epoch 41/100] [Avg D loss: -41.743029] [Avg G loss: 790.541068] [Avg Rec loss: 3.079715]
[Epoch 41/100] [D Val loss: 43.149605] [G loss: 846.326738] [Rec loss: 3.530628] [LR C: 0.000000] [LR G: 0.000000]
++++++++++++++++++++++++++++++++
++++++++++++++++++++++++++++++++
[Epoch 42/100] [Avg D loss: -41.767418] [Avg G loss: 809.442380] [Avg Rec loss: 3.155484]
[Epoch 42/100] [D Val loss: 35.603481] [G loss: 814.952539] [Rec loss: 3.371141] [LR C: 0.000000] [LR G: 0.000000]
++++++++++++++++++++++++++++++++
++++++++++++++++++++++++++++++++
[Epoch 43/100] [Avg D loss: -41.793406] [Avg G loss: 771.274749] [Avg Rec loss: 3.002341]
[Epoch 43/100] [D Val loss: 50.672056] [G loss: 852.625047] [Rec loss: 3.589506] [LR C: 0.000000] [LR G: 0.000000]
++++++++++++++++++++++++++++++++
++++++++++++++++++++++++++++++++
[Epoch 44/100] [Avg D loss: -41.807727] [Avg G loss: 796.077860] [Avg Rec loss: 3.102305]
[Epoch 44/100] [D Val loss: 40.651836] [G loss: 819.093164] [Rec loss: 3.413084] [LR C: 0.000000] [LR G: 0.000000]
++++++++++++++++++++++++++++++++
++++++++++++++++++++++++++++++++
[Epoch 45/100] [Avg D loss: -41.828638] [Avg G loss: 781.883645] [Avg Rec loss: 3.045404]
[Epoch 45/100] [D Val loss: 40.529181] [G loss: 816.075669] [Rec loss: 3.400485] [LR C: 0.000000] [LR G: 0.000000]
++++++++++++++++++++++++++++++++
++++++++++++++++++++++++++++++++
[Epoch 46/100] [Avg D loss: -41.851591] [Avg G loss: 790.403335] [Avg Rec loss: 3.078972]
[Epoch 46/100] [D Val loss: 46.342930] [G loss: 848.532203] [Rec loss: 3.554732] [LR C: 0.000000] [LR G: 0.000000]
++++++++++++++++++++++++++++++++
++++++++++++++++++++++++++++++++
[Epoch 47/100] [Avg D loss: -41.874194] [Avg G loss: 808.883683] [Avg Rec loss: 3.153053]
[Epoch 47/100] [D Val loss: 42.537955] [G loss: 810.389943] [Rec loss: 3.387193] [LR C: 0.000000] [LR G: 0.000000]
++++++++++++++++++++++++++++++++
++++++++++++++++++++++++++++++++
[Epoch 48/100] [Avg D loss: -41.900823] [Avg G loss: 770.879742] [Avg Rec loss: 3.000531]
[Epoch 48/100] [D Val loss: 49.714167] [G loss: 853.901308] [Rec loss: 3.590424] [LR C: 0.000000] [LR G: 0.000000]
++++++++++++++++++++++++++++++++
++++++++++++++++++++++++++++++++
[Epoch 49/100] [Avg D loss: -41.925027] [Avg G loss: 795.715544] [Avg Rec loss: 3.100625]
[Epoch 49/100] [D Val loss: 42.058978] [G loss: 817.206691] [Rec loss: 3.412504] [LR C: 0.000000] [LR G: 0.000000]
++++++++++++++++++++++++++++++++
++++++++++++++++++++++++++++++++
[Epoch 50/100] [Avg D loss: -41.950804] [Avg G loss: 781.674186] [Avg Rec loss: 3.044345]
[Epoch 50/100] [D Val loss: 39.139994] [G loss: 816.881860] [Rec loss: 3.396757] [LR C: 0.000000] [LR G: 0.000000]
++++++++++++++++++++++++++++++++
++++++++++++++++++++++++++++++++
[Epoch 51/100] [Avg D loss: -41.974865] [Avg G loss: 790.177993] [Avg Rec loss: 3.077827]
[Epoch 51/100] [D Val loss: 52.279938] [G loss: 838.332673] [Rec loss: 3.543588] [LR C: 0.000000] [LR G: 0.000000]
++++++++++++++++++++++++++++++++
++++++++++++++++++++++++++++++++
[Epoch 52/100] [Avg D loss: -41.988751] [Avg G loss: 808.225631] [Avg Rec loss: 3.150183]
[Epoch 52/100] [D Val loss: 36.503171] [G loss: 818.837183] [Rec loss: 3.390745] [LR C: 0.000000] [LR G: 0.000000]
++++++++++++++++++++++++++++++++
++++++++++++++++++++++++++++++++
[Epoch 53/100] [Avg D loss: -42.005420] [Avg G loss: 770.888294] [Avg Rec loss: 3.000346]
[Epoch 53/100] [D Val loss: 49.107818] [G loss: 856.045886] [Rec loss: 3.595134] [LR C: 0.000000] [LR G: 0.000000]
++++++++++++++++++++++++++++++++
++++++++++++++++++++++++++++++++
[Epoch 54/100] [Avg D loss: -42.023760] [Avg G loss: 795.710883] [Avg Rec loss: 3.100387]
[Epoch 54/100] [D Val loss: 43.248717] [G loss: 816.910397] [Rec loss: 3.416818] [LR C: 0.000000] [LR G: 0.000000]
++++++++++++++++++++++++++++++++
++++++++++++++++++++++++++++++++
[Epoch 55/100] [Avg D loss: -42.055851] [Avg G loss: 781.677851] [Avg Rec loss: 3.044144]
[Epoch 55/100] [D Val loss: 40.345398] [G loss: 816.429810] [Rec loss: 3.400651] [LR C: 0.000000] [LR G: 0.000000]
++++++++++++++++++++++++++++++++
++++++++++++++++++++++++++++++++
[Epoch 56/100] [Avg D loss: -42.073279] [Avg G loss: 790.195913] [Avg Rec loss: 3.077681]
[Epoch 56/100] [D Val loss: 43.629806] [G loss: 850.382584] [Rec loss: 3.547838] [LR C: 0.000000] [LR G: 0.000000]
++++++++++++++++++++++++++++++++
++++++++++++++++++++++++++++++++
[Epoch 57/100] [Avg D loss: -42.095489] [Avg G loss: 808.249023] [Avg Rec loss: 3.150065]
[Epoch 57/100] [D Val loss: 44.830646] [G loss: 809.303203] [Rec loss: 3.394256] [LR C: 0.000000] [LR G: 0.000000]
++++++++++++++++++++++++++++++++
++++++++++++++++++++++++++++++++
[Epoch 58/100] [Avg D loss: -42.110454] [Avg G loss: 770.897059] [Avg Rec loss: 3.000165]
[Epoch 58/100] [D Val loss: 50.274117] [G loss: 855.840405] [Rec loss: 3.598730] [LR C: 0.000000] [LR G: 0.000000]
++++++++++++++++++++++++++++++++
++++++++++++++++++++++++++++++++
[Epoch 59/100] [Avg D loss: -42.142938] [Avg G loss: 795.720762] [Avg Rec loss: 3.100208]
[Epoch 59/100] [D Val loss: 46.826019] [G loss: 812.949904] [Rec loss: 3.419980] [LR C: 0.000000] [LR G: 0.000000]
++++++++++++++++++++++++++++++++
++++++++++++++++++++++++++++++++
[Epoch 60/100] [Avg D loss: -42.157264] [Avg G loss: 781.694646] [Avg Rec loss: 3.043991]
[Epoch 60/100] [D Val loss: 42.136270] [G loss: 814.635821] [Rec loss: 3.403851] [LR C: 0.000000] [LR G: 0.000000]
++++++++++++++++++++++++++++++++
++++++++++++++++++++++++++++++++
[Epoch 61/100] [Avg D loss: -42.184640] [Avg G loss: 790.219725] [Avg Rec loss: 3.077557]
[Epoch 61/100] [D Val loss: 43.541389] [G loss: 851.672982] [Rec loss: 3.551889] [LR C: 0.000000] [LR G: 0.000000]
++++++++++++++++++++++++++++++++
++++++++++++++++++++++++++++++++
[Epoch 62/100] [Avg D loss: -42.210798] [Avg G loss: 808.272098] [Avg Rec loss: 3.149937]
[Epoch 62/100] [D Val loss: 41.431717] [G loss: 814.405344] [Rec loss: 3.397355] [LR C: 0.000000] [LR G: 0.000000]
++++++++++++++++++++++++++++++++
++++++++++++++++++++++++++++++++
[Epoch 63/100] [Avg D loss: -42.238786] [Avg G loss: 770.906030] [Avg Rec loss: 2.999981]
[Epoch 63/100] [D Val loss: 52.337047] [G loss: 854.247699] [Rec loss: 3.602479] [LR C: 0.000000] [LR G: 0.000000]
++++++++++++++++++++++++++++++++
++++++++++++++++++++++++++++++++
[Epoch 64/100] [Avg D loss: -42.248889] [Avg G loss: 795.733066] [Avg Rec loss: 3.100041]
[Epoch 64/100] [D Val loss: 45.055731] [G loss: 815.915963] [Rec loss: 3.422969] [LR C: 0.000000] [LR G: 0.000000]
++++++++++++++++++++++++++++++++
++++++++++++++++++++++++++++++++
[Epoch 65/100] [Avg D loss: -42.278036] [Avg G loss: 781.714103] [Avg Rec loss: 3.043855]
[Epoch 65/100] [D Val loss: 43.182393] [G loss: 814.717399] [Rec loss: 3.407504] [LR C: 0.000000] [LR G: 0.000000]
++++++++++++++++++++++++++++++++
++++++++++++++++++++++++++++++++
[Epoch 66/100] [Avg D loss: -42.295779] [Avg G loss: 790.247422] [Avg Rec loss: 3.077450]
[Epoch 66/100] [D Val loss: 42.986353] [G loss: 853.250011] [Rec loss: 3.555087] [LR C: 0.000000] [LR G: 0.000000]
++++++++++++++++++++++++++++++++
++++++++++++++++++++++++++++++++
[Epoch 67/100] [Avg D loss: -42.316495] [Avg G loss: 808.295362] [Avg Rec loss: 3.149808]
[Epoch 67/100] [D Val loss: 43.786619] [G loss: 812.055127] [Rec loss: 3.400109] [LR C: 0.000000] [LR G: 0.000000]
++++++++++++++++++++++++++++++++
++++++++++++++++++++++++++++++++
[Epoch 68/100] [Avg D loss: -42.343207] [Avg G loss: 770.915191] [Avg Rec loss: 2.999795]
[Epoch 68/100] [D Val loss: 51.041691] [G loss: 856.240834] [Rec loss: 3.605569] [LR C: 0.000000] [LR G: 0.000000]
++++++++++++++++++++++++++++++++
++++++++++++++++++++++++++++++++
[Epoch 69/100] [Avg D loss: -42.355875] [Avg G loss: 795.751053] [Avg Rec loss: 3.099894]
[Epoch 69/100] [D Val loss: 39.472951] [G loss: 824.057614] [Rec loss: 3.425616] [LR C: 0.000000] [LR G: 0.000000]
++++++++++++++++++++++++++++++++
++++++++++++++++++++++++++++++++
[Epoch 70/100] [Avg D loss: -42.381017] [Avg G loss: 781.736092] [Avg Rec loss: 3.043725]
[Epoch 70/100] [D Val loss: 43.476900] [G loss: 814.954441] [Rec loss: 3.410000] [LR C: 0.000000] [LR G: 0.000000]
++++++++++++++++++++++++++++++++
++++++++++++++++++++++++++++++++
[Epoch 71/100] [Avg D loss: -42.403760] [Avg G loss: 790.277551] [Avg Rec loss: 3.077350]
[Epoch 71/100] [D Val loss: 47.456958] [G loss: 848.612799] [Rec loss: 3.558393] [LR C: 0.000000] [LR G: 0.000000]
++++++++++++++++++++++++++++++++
++++++++++++++++++++++++++++++++
[Epoch 72/100] [Avg D loss: -42.423860] [Avg G loss: 808.313367] [Avg Rec loss: 3.149664]
[Epoch 72/100] [D Val loss: 42.288863] [G loss: 814.812604] [Rec loss: 3.402527] [LR C: 0.000000] [LR G: 0.000000]
++++++++++++++++++++++++++++++++
++++++++++++++++++++++++++++++++
[Epoch 73/100] [Avg D loss: -42.452735] [Avg G loss: 770.922127] [Avg Rec loss: 2.999606]
[Epoch 73/100] [D Val loss: 50.773943] [G loss: 857.462201] [Rec loss: 3.608076] [LR C: 0.000000] [LR G: 0.000000]
++++++++++++++++++++++++++++++++
++++++++++++++++++++++++++++++++
[Epoch 74/100] [Avg D loss: -42.455882] [Avg G loss: 795.769957] [Avg Rec loss: 3.099753]
[Epoch 74/100] [D Val loss: 43.215565] [G loss: 820.063890] [Rec loss: 3.428125] [LR C: 0.000000] [LR G: 0.000000]
++++++++++++++++++++++++++++++++
++++++++++++++++++++++++++++++++
[Epoch 75/100] [Avg D loss: -42.489879] [Avg G loss: 781.760498] [Avg Rec loss: 3.043601]
[Epoch 75/100] [D Val loss: 39.818926] [G loss: 820.459594] [Rec loss: 3.412453] [LR C: 0.000000] [LR G: 0.000000]
++++++++++++++++++++++++++++++++
++++++++++++++++++++++++++++++++
[Epoch 76/100] [Avg D loss: -42.508571] [Avg G loss: 790.308610] [Avg Rec loss: 3.077254]
[Epoch 76/100] [D Val loss: 47.450953] [G loss: 849.319024] [Rec loss: 3.561022] [LR C: 0.000000] [LR G: 0.000000]
++++++++++++++++++++++++++++++++
++++++++++++++++++++++++++++++++
[Epoch 77/100] [Avg D loss: -42.530280] [Avg G loss: 808.329268] [Avg Rec loss: 3.149507]
[Epoch 77/100] [D Val loss: 44.554224] [G loss: 812.298882] [Rec loss: 3.404602] [LR C: 0.000000] [LR G: 0.000000]
++++++++++++++++++++++++++++++++
++++++++++++++++++++++++++++++++
[Epoch 78/100] [Avg D loss: -42.551658] [Avg G loss: 770.929873] [Avg Rec loss: 2.999418]
[Epoch 78/100] [D Val loss: 49.273902] [G loss: 860.084328] [Rec loss: 3.610765] [LR C: 0.000000] [LR G: 0.000000]
++++++++++++++++++++++++++++++++
++++++++++++++++++++++++++++++++
[Epoch 79/100] [Avg D loss: -42.580701] [Avg G loss: 795.789131] [Avg Rec loss: 3.099610]
[Epoch 79/100] [D Val loss: 38.611498] [G loss: 826.400762] [Rec loss: 3.430275] [LR C: 0.000000] [LR G: 0.000000]
++++++++++++++++++++++++++++++++
++++++++++++++++++++++++++++++++
[Epoch 80/100] [Avg D loss: -42.581628] [Avg G loss: 781.787127] [Avg Rec loss: 3.043495]
[Epoch 80/100] [D Val loss: 44.412691] [G loss: 815.041736] [Rec loss: 3.414411] [LR C: 0.000000] [LR G: 0.000000]
++++++++++++++++++++++++++++++++
++++++++++++++++++++++++++++++++
[Epoch 81/100] [Avg D loss: -42.623166] [Avg G loss: 790.339839] [Avg Rec loss: 3.077163]
[Epoch 81/100] [D Val loss: 51.878699] [G loss: 844.408652] [Rec loss: 3.563550] [LR C: 0.000000] [LR G: 0.000000]
++++++++++++++++++++++++++++++++
++++++++++++++++++++++++++++++++
[Epoch 82/100] [Avg D loss: -42.646496] [Avg G loss: 808.346631] [Avg Rec loss: 3.149359]
[Epoch 82/100] [D Val loss: 43.769727] [G loss: 814.172738] [Rec loss: 3.406646] [LR C: 0.000000] [LR G: 0.000000]
++++++++++++++++++++++++++++++++
++++++++++++++++++++++++++++++++
[Epoch 83/100] [Avg D loss: -42.654130] [Avg G loss: 770.941259] [Avg Rec loss: 2.999240]
[Epoch 83/100] [D Val loss: 62.337447] [G loss: 844.240300] [Rec loss: 3.612565] [LR C: 0.000000] [LR G: 0.000000]
++++++++++++++++++++++++++++++++
++++++++++++++++++++++++++++++++
[Epoch 84/100] [Avg D loss: -42.697242] [Avg G loss: 795.809465] [Avg Rec loss: 3.099473]
[Epoch 84/100] [D Val loss: 42.086544] [G loss: 822.837276] [Rec loss: 3.432038] [LR C: 0.000000] [LR G: 0.000000]
++++++++++++++++++++++++++++++++
++++++++++++++++++++++++++++++++
[Epoch 85/100] [Avg D loss: -42.715271] [Avg G loss: 781.812870] [Avg Rec loss: 3.043377]
[Epoch 85/100] [D Val loss: 41.405043] [G loss: 819.400500] [Rec loss: 3.416598] [LR C: 0.000000] [LR G: 0.000000]
++++++++++++++++++++++++++++++++
++++++++++++++++++++++++++++++++
[Epoch 86/100] [Avg D loss: -42.731102] [Avg G loss: 790.370720] [Avg Rec loss: 3.077066]
[Epoch 86/100] [D Val loss: 43.017712] [G loss: 856.254972] [Rec loss: 3.566060] [LR C: 0.000000] [LR G: 0.000000]
++++++++++++++++++++++++++++++++
++++++++++++++++++++++++++++++++
[Epoch 87/100] [Avg D loss: -42.744137] [Avg G loss: 808.362033] [Avg Rec loss: 3.149199]
[Epoch 87/100] [D Val loss: 45.669567] [G loss: 812.153337] [Rec loss: 3.408728] [LR C: 0.000000] [LR G: 0.000000]
++++++++++++++++++++++++++++++++
++++++++++++++++++++++++++++++++
[Epoch 88/100] [Avg D loss: -42.759426] [Avg G loss: 770.951117] [Avg Rec loss: 2.999064]
[Epoch 88/100] [D Val loss: 47.653969] [G loss: 863.114715] [Rec loss: 3.614926] [LR C: 0.000000] [LR G: 0.000000]
++++++++++++++++++++++++++++++++
++++++++++++++++++++++++++++++++
[Epoch 89/100] [Avg D loss: -42.792900] [Avg G loss: 795.825919] [Avg Rec loss: 3.099322]
[Epoch 89/100] [D Val loss: 44.522148] [G loss: 820.086986] [Rec loss: 3.433915] [LR C: 0.000000] [LR G: 0.000000]
++++++++++++++++++++++++++++++++
++++++++++++++++++++++++++++++++
[Epoch 90/100] [Avg D loss: -42.808579] [Avg G loss: 781.838878] [Avg Rec loss: 3.043262]
[Epoch 90/100] [D Val loss: 45.078828] [G loss: 815.198843] [Rec loss: 3.418256] [LR C: 0.000000] [LR G: 0.000000]
++++++++++++++++++++++++++++++++
++++++++++++++++++++++++++++++++
[Epoch 91/100] [Avg D loss: -42.842429] [Avg G loss: 790.402768] [Avg Rec loss: 3.076971]
[Epoch 91/100] [D Val loss: 49.692460] [G loss: 848.335156] [Rec loss: 3.568332] [LR C: 0.000000] [LR G: 0.000000]
++++++++++++++++++++++++++++++++
++++++++++++++++++++++++++++++++
[Epoch 92/100] [Avg D loss: -42.862804] [Avg G loss: 808.376302] [Avg Rec loss: 3.149035]
[Epoch 92/100] [D Val loss: 41.087168] [G loss: 818.453820] [Rec loss: 3.409898] [LR C: 0.000000] [LR G: 0.000000]
++++++++++++++++++++++++++++++++
++++++++++++++++++++++++++++++++
[Epoch 93/100] [Avg D loss: -42.884865] [Avg G loss: 770.964575] [Avg Rec loss: 2.998894]
[Epoch 93/100] [D Val loss: 51.801398] [G loss: 858.632945] [Rec loss: 3.616707] [LR C: 0.000000] [LR G: 0.000000]
++++++++++++++++++++++++++++++++
++++++++++++++++++++++++++++++++
[Epoch 94/100] [Avg D loss: -42.903219] [Avg G loss: 795.844347] [Avg Rec loss: 3.099176]
[Epoch 94/100] [D Val loss: 42.006132] [G loss: 823.657095] [Rec loss: 3.434968] [LR C: 0.000000] [LR G: 0.000000]
++++++++++++++++++++++++++++++++
++++++++++++++++++++++++++++++++
[Epoch 95/100] [Avg D loss: -42.931279] [Avg G loss: 781.867916] [Avg Rec loss: 3.043160]
[Epoch 95/100] [D Val loss: 39.220737] [G loss: 823.147420] [Rec loss: 3.419745] [LR C: 0.000000] [LR G: 0.000000]
++++++++++++++++++++++++++++++++
++++++++++++++++++++++++++++++++
[Epoch 96/100] [Avg D loss: -42.952276] [Avg G loss: 790.433489] [Avg Rec loss: 3.076878]
[Epoch 96/100] [D Val loss: 46.378568] [G loss: 853.125054] [Rec loss: 3.570067] [LR C: 0.000000] [LR G: 0.000000]
++++++++++++++++++++++++++++++++
++++++++++++++++++++++++++++++++
[Epoch 97/100] [Avg D loss: -42.971837] [Avg G loss: 808.392110] [Avg Rec loss: 3.148880]
[Epoch 97/100] [D Val loss: 37.329723] [G loss: 823.758540] [Rec loss: 3.411830] [LR C: 0.000000] [LR G: 0.000000]
++++++++++++++++++++++++++++++++
++++++++++++++++++++++++++++++++
[Epoch 98/100] [Avg D loss: -42.983998] [Avg G loss: 770.978873] [Avg Rec loss: 2.998728]
[Epoch 98/100] [D Val loss: 47.479931] [G loss: 864.498126] [Rec loss: 3.618385] [LR C: 0.000000] [LR G: 0.000000]
++++++++++++++++++++++++++++++++
++++++++++++++++++++++++++++++++
[Epoch 99/100] [Avg D loss: -43.022812] [Avg G loss: 795.863978] [Avg Rec loss: 3.099033]
[Epoch 99/100] [D Val loss: 50.793592] [G loss: 812.760075] [Rec loss: 3.436840] [LR C: 0.000000] [LR G: 0.000000]
++++++++++++++++++++++++++++++++
++++++++++++++++++++++++++++++++
[Epoch 100/100] [Avg D loss: -43.026983] [Avg G loss: 781.895290] [Avg Rec loss: 3.043050]
[Epoch 100/100] [D Val loss: 45.234929] [G loss: 816.122031] [Rec loss: 3.421328] [LR C: 0.000000] [LR G: 0.000000]
++++++++++++++++++++++++++++++++
wandb: Waiting for W&B process to finish... (success).
wandb: - 0.000 MB of 0.000 MB uploaded (0.000 MB deduped)
wandb: \ 0.000 MB of 0.000 MB uploaded (0.000 MB deduped)
wandb:                                                                                
wandb: You can sync this run to the cloud by running:
wandb: wandb sync /cpfs01/projects-HDD/cfff-4a8d9af84f66_HDD/public/ShiXiSheng/yzy/yzy_results/ex20_onestepwgan_cri5_250_weightmae_aheadtop_0.008/wandb/offline-run-20241112_155849-ch8kadv0wgan
wandb: Find logs at: ./yzy_results/ex20_onestepwgan_cri5_250_weightmae_aheadtop_0.008/wandb/offline-run-20241112_155849-ch8kadv0wgan/logs
/cpfs01/projects-HDD/cfff-4a8d9af84f66_HDD/yinzunyi/py3.9/lib/python3.9/site-packages/xarray/core/concat.py:527: FutureWarning: unique with argument that is not not a Series, Index, ExtensionArray, or np.ndarray is deprecated and will raise in a future version.
  common_dims = tuple(pd.unique([d for v in vars for d in v.dims]))
/cpfs01/projects-HDD/cfff-4a8d9af84f66_HDD/public/ShiXiSheng/yzy/precipitation_downscaling-bing_issue09_bias_correction/models/network_unet.py:217: UserWarning: nn.init.xavier_uniform is now deprecated in favor of nn.init.xavier_uniform_.
  torch.nn.init.xavier_uniform(self.output.weight)
wandb: Tracking run with wandb version 0.13.2
wandb: W&B syncing is set to `offline` in this directory.  
wandb: Run `wandb online` or set WANDB_MODE=online to enable cloud syncing.
/cpfs01/projects-HDD/cfff-4a8d9af84f66_HDD/public/ShiXiSheng/yzy/precipitation_downscaling-bing_issue09_bias_correction/train_scripts/wgan_train.py:33: UserWarning: To copy construct from a tensor, it is recommended to use sourceTensor.clone().detach() or sourceTensor.clone().detach().requires_grad_(True), rather than torch.tensor(sourceTensor).
  weights = torch.tensor(y_true,requires_grad=False) #
The patch size for prepitation is 16
K 值是多少让我看看： 0.008
self.prcp_indexes: [4, 5, 9]
Going to open the following files: /cpfs01/projects-HDD/cfff-4a8d9af84f66_HDD/public/ShiXiSheng/yzy/downscaling_precipitation/precip_dataset_new/train
Going to open the following files: [PosixPath('/cpfs01/projects-HDD/cfff-4a8d9af84f66_HDD/public/ShiXiSheng/yzy/downscaling_precipitation/precip_dataset_new/train/preproc_ifs_radklim_2016-01.nc'), PosixPath('/cpfs01/projects-HDD/cfff-4a8d9af84f66_HDD/public/ShiXiSheng/yzy/downscaling_precipitation/precip_dataset_new/train/preproc_ifs_radklim_2016-02.nc'), PosixPath('/cpfs01/projects-HDD/cfff-4a8d9af84f66_HDD/public/ShiXiSheng/yzy/downscaling_precipitation/precip_dataset_new/train/preproc_ifs_radklim_2016-03.nc'), PosixPath('/cpfs01/projects-HDD/cfff-4a8d9af84f66_HDD/public/ShiXiSheng/yzy/downscaling_precipitation/precip_dataset_new/train/preproc_ifs_radklim_2016-04.nc'), PosixPath('/cpfs01/projects-HDD/cfff-4a8d9af84f66_HDD/public/ShiXiSheng/yzy/downscaling_precipitation/precip_dataset_new/train/preproc_ifs_radklim_2016-05.nc'), PosixPath('/cpfs01/projects-HDD/cfff-4a8d9af84f66_HDD/public/ShiXiSheng/yzy/downscaling_precipitation/precip_dataset_new/train/preproc_ifs_radklim_2016-06.nc'), PosixPath('/cpfs01/projects-HDD/cfff-4a8d9af84f66_HDD/public/ShiXiSheng/yzy/downscaling_precipitation/precip_dataset_new/train/preproc_ifs_radklim_2016-07.nc'), PosixPath('/cpfs01/projects-HDD/cfff-4a8d9af84f66_HDD/public/ShiXiSheng/yzy/downscaling_precipitation/precip_dataset_new/train/preproc_ifs_radklim_2018-02.nc'), PosixPath('/cpfs01/projects-HDD/cfff-4a8d9af84f66_HDD/public/ShiXiSheng/yzy/downscaling_precipitation/precip_dataset_new/train/preproc_ifs_radklim_2018-03.nc'), PosixPath('/cpfs01/projects-HDD/cfff-4a8d9af84f66_HDD/public/ShiXiSheng/yzy/downscaling_precipitation/precip_dataset_new/train/preproc_ifs_radklim_2018-04.nc'), PosixPath('/cpfs01/projects-HDD/cfff-4a8d9af84f66_HDD/public/ShiXiSheng/yzy/downscaling_precipitation/precip_dataset_new/train/preproc_ifs_radklim_2018-05.nc'), PosixPath('/cpfs01/projects-HDD/cfff-4a8d9af84f66_HDD/public/ShiXiSheng/yzy/downscaling_precipitation/precip_dataset_new/train/preproc_ifs_radklim_2018-06.nc'), PosixPath('/cpfs01/projects-HDD/cfff-4a8d9af84f66_HDD/public/ShiXiSheng/yzy/downscaling_precipitation/precip_dataset_new/train/preproc_ifs_radklim_2018-07.nc'), PosixPath('/cpfs01/projects-HDD/cfff-4a8d9af84f66_HDD/public/ShiXiSheng/yzy/downscaling_precipitation/precip_dataset_new/train/preproc_ifs_radklim_2018-08.nc'), PosixPath('/cpfs01/projects-HDD/cfff-4a8d9af84f66_HDD/public/ShiXiSheng/yzy/downscaling_precipitation/precip_dataset_new/train/preproc_ifs_radklim_2018-09.nc'), PosixPath('/cpfs01/projects-HDD/cfff-4a8d9af84f66_HDD/public/ShiXiSheng/yzy/downscaling_precipitation/precip_dataset_new/train/preproc_ifs_radklim_2018-10.nc'), PosixPath('/cpfs01/projects-HDD/cfff-4a8d9af84f66_HDD/public/ShiXiSheng/yzy/downscaling_precipitation/precip_dataset_new/train/preproc_ifs_radklim_2018-11.nc'), PosixPath('/cpfs01/projects-HDD/cfff-4a8d9af84f66_HDD/public/ShiXiSheng/yzy/downscaling_precipitation/precip_dataset_new/train/preproc_ifs_radklim_2018-12.nc'), PosixPath('/cpfs01/projects-HDD/cfff-4a8d9af84f66_HDD/public/ShiXiSheng/yzy/downscaling_precipitation/precip_dataset_new/train/preproc_ifs_radklim_2019-01.nc'), PosixPath('/cpfs01/projects-HDD/cfff-4a8d9af84f66_HDD/public/ShiXiSheng/yzy/downscaling_precipitation/precip_dataset_new/train/preproc_ifs_radklim_2019-02.nc'), PosixPath('/cpfs01/projects-HDD/cfff-4a8d9af84f66_HDD/public/ShiXiSheng/yzy/downscaling_precipitation/precip_dataset_new/train/preproc_ifs_radklim_2019-03.nc'), PosixPath('/cpfs01/projects-HDD/cfff-4a8d9af84f66_HDD/public/ShiXiSheng/yzy/downscaling_precipitation/precip_dataset_new/train/preproc_ifs_radklim_2019-05.nc'), PosixPath('/cpfs01/projects-HDD/cfff-4a8d9af84f66_HDD/public/ShiXiSheng/yzy/downscaling_precipitation/precip_dataset_new/train/preproc_ifs_radklim_2019-06.nc'), PosixPath('/cpfs01/projects-HDD/cfff-4a8d9af84f66_HDD/public/ShiXiSheng/yzy/downscaling_precipitation/precip_dataset_new/train/preproc_ifs_radklim_2019-07.nc'), PosixPath('/cpfs01/projects-HDD/cfff-4a8d9af84f66_HDD/public/ShiXiSheng/yzy/downscaling_precipitation/precip_dataset_new/train/preproc_ifs_radklim_2019-08.nc'), PosixPath('/cpfs01/projects-HDD/cfff-4a8d9af84f66_HDD/public/ShiXiSheng/yzy/downscaling_precipitation/precip_dataset_new/train/preproc_ifs_radklim_2019-09.nc'), PosixPath('/cpfs01/projects-HDD/cfff-4a8d9af84f66_HDD/public/ShiXiSheng/yzy/downscaling_precipitation/precip_dataset_new/train/preproc_ifs_radklim_2019-10.nc'), PosixPath('/cpfs01/projects-HDD/cfff-4a8d9af84f66_HDD/public/ShiXiSheng/yzy/downscaling_precipitation/precip_dataset_new/train/preproc_ifs_radklim_2019-11.nc'), PosixPath('/cpfs01/projects-HDD/cfff-4a8d9af84f66_HDD/public/ShiXiSheng/yzy/downscaling_precipitation/precip_dataset_new/train/preproc_ifs_radklim_2019-12.nc')]
Going to open the following files: [PosixPath('/cpfs01/projects-HDD/cfff-4a8d9af84f66_HDD/public/ShiXiSheng/yzy/downscaling_precipitation/precip_dataset_new/train/preproc_ifs_radklim_2016-01.nc'), PosixPath('/cpfs01/projects-HDD/cfff-4a8d9af84f66_HDD/public/ShiXiSheng/yzy/downscaling_precipitation/precip_dataset_new/train/preproc_ifs_radklim_2016-02.nc'), PosixPath('/cpfs01/projects-HDD/cfff-4a8d9af84f66_HDD/public/ShiXiSheng/yzy/downscaling_precipitation/precip_dataset_new/train/preproc_ifs_radklim_2016-03.nc'), PosixPath('/cpfs01/projects-HDD/cfff-4a8d9af84f66_HDD/public/ShiXiSheng/yzy/downscaling_precipitation/precip_dataset_new/train/preproc_ifs_radklim_2016-04.nc'), PosixPath('/cpfs01/projects-HDD/cfff-4a8d9af84f66_HDD/public/ShiXiSheng/yzy/downscaling_precipitation/precip_dataset_new/train/preproc_ifs_radklim_2016-05.nc'), PosixPath('/cpfs01/projects-HDD/cfff-4a8d9af84f66_HDD/public/ShiXiSheng/yzy/downscaling_precipitation/precip_dataset_new/train/preproc_ifs_radklim_2016-06.nc'), PosixPath('/cpfs01/projects-HDD/cfff-4a8d9af84f66_HDD/public/ShiXiSheng/yzy/downscaling_precipitation/precip_dataset_new/train/preproc_ifs_radklim_2016-07.nc'), PosixPath('/cpfs01/projects-HDD/cfff-4a8d9af84f66_HDD/public/ShiXiSheng/yzy/downscaling_precipitation/precip_dataset_new/train/preproc_ifs_radklim_2018-02.nc'), PosixPath('/cpfs01/projects-HDD/cfff-4a8d9af84f66_HDD/public/ShiXiSheng/yzy/downscaling_precipitation/precip_dataset_new/train/preproc_ifs_radklim_2018-03.nc'), PosixPath('/cpfs01/projects-HDD/cfff-4a8d9af84f66_HDD/public/ShiXiSheng/yzy/downscaling_precipitation/precip_dataset_new/train/preproc_ifs_radklim_2018-04.nc'), PosixPath('/cpfs01/projects-HDD/cfff-4a8d9af84f66_HDD/public/ShiXiSheng/yzy/downscaling_precipitation/precip_dataset_new/train/preproc_ifs_radklim_2018-05.nc'), PosixPath('/cpfs01/projects-HDD/cfff-4a8d9af84f66_HDD/public/ShiXiSheng/yzy/downscaling_precipitation/precip_dataset_new/train/preproc_ifs_radklim_2018-06.nc'), PosixPath('/cpfs01/projects-HDD/cfff-4a8d9af84f66_HDD/public/ShiXiSheng/yzy/downscaling_precipitation/precip_dataset_new/train/preproc_ifs_radklim_2018-07.nc'), PosixPath('/cpfs01/projects-HDD/cfff-4a8d9af84f66_HDD/public/ShiXiSheng/yzy/downscaling_precipitation/precip_dataset_new/train/preproc_ifs_radklim_2018-08.nc'), PosixPath('/cpfs01/projects-HDD/cfff-4a8d9af84f66_HDD/public/ShiXiSheng/yzy/downscaling_precipitation/precip_dataset_new/train/preproc_ifs_radklim_2018-09.nc'), PosixPath('/cpfs01/projects-HDD/cfff-4a8d9af84f66_HDD/public/ShiXiSheng/yzy/downscaling_precipitation/precip_dataset_new/train/preproc_ifs_radklim_2018-10.nc'), PosixPath('/cpfs01/projects-HDD/cfff-4a8d9af84f66_HDD/public/ShiXiSheng/yzy/downscaling_precipitation/precip_dataset_new/train/preproc_ifs_radklim_2018-11.nc'), PosixPath('/cpfs01/projects-HDD/cfff-4a8d9af84f66_HDD/public/ShiXiSheng/yzy/downscaling_precipitation/precip_dataset_new/train/preproc_ifs_radklim_2018-12.nc'), PosixPath('/cpfs01/projects-HDD/cfff-4a8d9af84f66_HDD/public/ShiXiSheng/yzy/downscaling_precipitation/precip_dataset_new/train/preproc_ifs_radklim_2019-01.nc'), PosixPath('/cpfs01/projects-HDD/cfff-4a8d9af84f66_HDD/public/ShiXiSheng/yzy/downscaling_precipitation/precip_dataset_new/train/preproc_ifs_radklim_2019-02.nc'), PosixPath('/cpfs01/projects-HDD/cfff-4a8d9af84f66_HDD/public/ShiXiSheng/yzy/downscaling_precipitation/precip_dataset_new/train/preproc_ifs_radklim_2019-03.nc'), PosixPath('/cpfs01/projects-HDD/cfff-4a8d9af84f66_HDD/public/ShiXiSheng/yzy/downscaling_precipitation/precip_dataset_new/train/preproc_ifs_radklim_2019-05.nc'), PosixPath('/cpfs01/projects-HDD/cfff-4a8d9af84f66_HDD/public/ShiXiSheng/yzy/downscaling_precipitation/precip_dataset_new/train/preproc_ifs_radklim_2019-06.nc'), PosixPath('/cpfs01/projects-HDD/cfff-4a8d9af84f66_HDD/public/ShiXiSheng/yzy/downscaling_precipitation/precip_dataset_new/train/preproc_ifs_radklim_2019-07.nc'), PosixPath('/cpfs01/projects-HDD/cfff-4a8d9af84f66_HDD/public/ShiXiSheng/yzy/downscaling_precipitation/precip_dataset_new/train/preproc_ifs_radklim_2019-08.nc'), PosixPath('/cpfs01/projects-HDD/cfff-4a8d9af84f66_HDD/public/ShiXiSheng/yzy/downscaling_precipitation/precip_dataset_new/train/preproc_ifs_radklim_2019-09.nc'), PosixPath('/cpfs01/projects-HDD/cfff-4a8d9af84f66_HDD/public/ShiXiSheng/yzy/downscaling_precipitation/precip_dataset_new/train/preproc_ifs_radklim_2019-10.nc'), PosixPath('/cpfs01/projects-HDD/cfff-4a8d9af84f66_HDD/public/ShiXiSheng/yzy/downscaling_precipitation/precip_dataset_new/train/preproc_ifs_radklim_2019-11.nc'), PosixPath('/cpfs01/projects-HDD/cfff-4a8d9af84f66_HDD/public/ShiXiSheng/yzy/downscaling_precipitation/precip_dataset_new/train/preproc_ifs_radklim_2019-12.nc')]
Loading data from the file: [PosixPath('/cpfs01/projects-HDD/cfff-4a8d9af84f66_HDD/public/ShiXiSheng/yzy/downscaling_precipitation/precip_dataset_new/train/preproc_ifs_radklim_2016-01.nc'), PosixPath('/cpfs01/projects-HDD/cfff-4a8d9af84f66_HDD/public/ShiXiSheng/yzy/downscaling_precipitation/precip_dataset_new/train/preproc_ifs_radklim_2016-02.nc'), PosixPath('/cpfs01/projects-HDD/cfff-4a8d9af84f66_HDD/public/ShiXiSheng/yzy/downscaling_precipitation/precip_dataset_new/train/preproc_ifs_radklim_2016-03.nc'), PosixPath('/cpfs01/projects-HDD/cfff-4a8d9af84f66_HDD/public/ShiXiSheng/yzy/downscaling_precipitation/precip_dataset_new/train/preproc_ifs_radklim_2016-04.nc'), PosixPath('/cpfs01/projects-HDD/cfff-4a8d9af84f66_HDD/public/ShiXiSheng/yzy/downscaling_precipitation/precip_dataset_new/train/preproc_ifs_radklim_2016-05.nc'), PosixPath('/cpfs01/projects-HDD/cfff-4a8d9af84f66_HDD/public/ShiXiSheng/yzy/downscaling_precipitation/precip_dataset_new/train/preproc_ifs_radklim_2016-06.nc'), PosixPath('/cpfs01/projects-HDD/cfff-4a8d9af84f66_HDD/public/ShiXiSheng/yzy/downscaling_precipitation/precip_dataset_new/train/preproc_ifs_radklim_2016-07.nc'), PosixPath('/cpfs01/projects-HDD/cfff-4a8d9af84f66_HDD/public/ShiXiSheng/yzy/downscaling_precipitation/precip_dataset_new/train/preproc_ifs_radklim_2018-02.nc'), PosixPath('/cpfs01/projects-HDD/cfff-4a8d9af84f66_HDD/public/ShiXiSheng/yzy/downscaling_precipitation/precip_dataset_new/train/preproc_ifs_radklim_2018-03.nc'), PosixPath('/cpfs01/projects-HDD/cfff-4a8d9af84f66_HDD/public/ShiXiSheng/yzy/downscaling_precipitation/precip_dataset_new/train/preproc_ifs_radklim_2018-04.nc'), PosixPath('/cpfs01/projects-HDD/cfff-4a8d9af84f66_HDD/public/ShiXiSheng/yzy/downscaling_precipitation/precip_dataset_new/train/preproc_ifs_radklim_2018-05.nc'), PosixPath('/cpfs01/projects-HDD/cfff-4a8d9af84f66_HDD/public/ShiXiSheng/yzy/downscaling_precipitation/precip_dataset_new/train/preproc_ifs_radklim_2018-06.nc'), PosixPath('/cpfs01/projects-HDD/cfff-4a8d9af84f66_HDD/public/ShiXiSheng/yzy/downscaling_precipitation/precip_dataset_new/train/preproc_ifs_radklim_2018-07.nc'), PosixPath('/cpfs01/projects-HDD/cfff-4a8d9af84f66_HDD/public/ShiXiSheng/yzy/downscaling_precipitation/precip_dataset_new/train/preproc_ifs_radklim_2018-08.nc'), PosixPath('/cpfs01/projects-HDD/cfff-4a8d9af84f66_HDD/public/ShiXiSheng/yzy/downscaling_precipitation/precip_dataset_new/train/preproc_ifs_radklim_2018-09.nc'), PosixPath('/cpfs01/projects-HDD/cfff-4a8d9af84f66_HDD/public/ShiXiSheng/yzy/downscaling_precipitation/precip_dataset_new/train/preproc_ifs_radklim_2018-10.nc'), PosixPath('/cpfs01/projects-HDD/cfff-4a8d9af84f66_HDD/public/ShiXiSheng/yzy/downscaling_precipitation/precip_dataset_new/train/preproc_ifs_radklim_2018-11.nc'), PosixPath('/cpfs01/projects-HDD/cfff-4a8d9af84f66_HDD/public/ShiXiSheng/yzy/downscaling_precipitation/precip_dataset_new/train/preproc_ifs_radklim_2018-12.nc'), PosixPath('/cpfs01/projects-HDD/cfff-4a8d9af84f66_HDD/public/ShiXiSheng/yzy/downscaling_precipitation/precip_dataset_new/train/preproc_ifs_radklim_2019-01.nc'), PosixPath('/cpfs01/projects-HDD/cfff-4a8d9af84f66_HDD/public/ShiXiSheng/yzy/downscaling_precipitation/precip_dataset_new/train/preproc_ifs_radklim_2019-02.nc'), PosixPath('/cpfs01/projects-HDD/cfff-4a8d9af84f66_HDD/public/ShiXiSheng/yzy/downscaling_precipitation/precip_dataset_new/train/preproc_ifs_radklim_2019-03.nc'), PosixPath('/cpfs01/projects-HDD/cfff-4a8d9af84f66_HDD/public/ShiXiSheng/yzy/downscaling_precipitation/precip_dataset_new/train/preproc_ifs_radklim_2019-05.nc'), PosixPath('/cpfs01/projects-HDD/cfff-4a8d9af84f66_HDD/public/ShiXiSheng/yzy/downscaling_precipitation/precip_dataset_new/train/preproc_ifs_radklim_2019-06.nc'), PosixPath('/cpfs01/projects-HDD/cfff-4a8d9af84f66_HDD/public/ShiXiSheng/yzy/downscaling_precipitation/precip_dataset_new/train/preproc_ifs_radklim_2019-07.nc'), PosixPath('/cpfs01/projects-HDD/cfff-4a8d9af84f66_HDD/public/ShiXiSheng/yzy/downscaling_precipitation/precip_dataset_new/train/preproc_ifs_radklim_2019-08.nc'), PosixPath('/cpfs01/projects-HDD/cfff-4a8d9af84f66_HDD/public/ShiXiSheng/yzy/downscaling_precipitation/precip_dataset_new/train/preproc_ifs_radklim_2019-09.nc'), PosixPath('/cpfs01/projects-HDD/cfff-4a8d9af84f66_HDD/public/ShiXiSheng/yzy/downscaling_precipitation/precip_dataset_new/train/preproc_ifs_radklim_2019-10.nc'), PosixPath('/cpfs01/projects-HDD/cfff-4a8d9af84f66_HDD/public/ShiXiSheng/yzy/downscaling_precipitation/precip_dataset_new/train/preproc_ifs_radklim_2019-11.nc'), PosixPath('/cpfs01/projects-HDD/cfff-4a8d9af84f66_HDD/public/ShiXiSheng/yzy/downscaling_precipitation/precip_dataset_new/train/preproc_ifs_radklim_2019-12.nc')]
There is done
num_patches_images are 7 5
pre indexes are [4, 5, 9]
no nan idx 25397
There are No. 25397 patches out of 739865 without Nan Values 
Minimum value of tp in vars_in_patches(having log): 0.0
Maximum value of tp in vars_in_patches(having log): 8.18589973449707
Distribution of tp in different rainfall intervals:
-0.1 to 0.1: 25.75%
0.1 to 2: 71.33%
2 to 4: 2.50%
4 to 8: 0.37%
8 to 20: 0.04%
20 to 30: 0.00%
30 to inf: 0.00%
Distribution of tp in vars_out_orig_patches in different rainfall intervals:
-0.1 to 0.1: 60.60%
0.1 to 2: 34.94%
2 to 4: 3.47%
4 to 8: 0.89%
8 to 20: 0.11%
20 to 30: 0.00%
30 to inf: 0.00%
self.times_patches_list: tensor([[2016,    1,    2,    6],
        [2016,    1,    2,    7],
        [2016,    1,    2,    8],
        ...,
        [2019,   12,   30,    4],
        [2019,   12,   30,    4],
        [2019,   12,   30,    4]], device='cpu', dtype=torch.int32)
save stats
i tensor(-4.5178e-13, device='cpu')
save stats
i tensor(-2.1600e-16, device='cpu')
save stats
i tensor(82071.3359, device='cpu')
save stats
i tensor(1.6654, device='cpu')
save stats
i tensor(0., device='cpu')
save stats
i tensor(0., device='cpu')
save stats
i tensor(-1.8591e-09, device='cpu')
save stats
i tensor(-23.0063, device='cpu')
save stats
i tensor(-35.2889, device='cpu')
save stats
i tensor(0., device='cpu')
The statistic has been stored to the json file:  /cpfs01/projects-HDD/cfff-4a8d9af84f66_HDD/public/ShiXiSheng/yzy/downscaling_precipitation/precip_dataset_new/train/statistics.json
The total number of samples after filtering NaN and zeros values: 25397
Shuffling the index ....
idx_perm [11676 15961  6877 ...  7812 18002 16014]
K 值是多少让我看看： 0.008
self.prcp_indexes: [4, 5, 9]
Going to open the following files: /cpfs01/projects-HDD/cfff-4a8d9af84f66_HDD/public/ShiXiSheng/yzy/downscaling_precipitation/precip_dataset_new/val
Going to open the following files: [PosixPath('/cpfs01/projects-HDD/cfff-4a8d9af84f66_HDD/public/ShiXiSheng/yzy/downscaling_precipitation/precip_dataset_new/val/2017-01/preproc_ifs_radklim_2017-01.nc')]
Going to open the following files: [PosixPath('/cpfs01/projects-HDD/cfff-4a8d9af84f66_HDD/public/ShiXiSheng/yzy/downscaling_precipitation/precip_dataset_new/val/2017-01/preproc_ifs_radklim_2017-01.nc')]
Loading data from the file: [PosixPath('/cpfs01/projects-HDD/cfff-4a8d9af84f66_HDD/public/ShiXiSheng/yzy/downscaling_precipitation/precip_dataset_new/val/2017-01/preproc_ifs_radklim_2017-01.nc')]
There is done
num_patches_images are 7 5
pre indexes are [4, 5, 9]
no nan idx 1421
There are No. 1421 patches out of 26005 without Nan Values 
Minimum value of tp in vars_in_patches(having log): 0.0
Maximum value of tp in vars_in_patches(having log): 6.580108642578125
Distribution of tp in different rainfall intervals:
-0.1 to 0.1: 27.75%
0.1 to 2: 71.33%
2 to 4: 0.89%
4 to 8: 0.03%
8 to 20: 0.00%
20 to 30: 0.00%
30 to inf: 0.00%
Distribution of tp in vars_out_orig_patches in different rainfall intervals:
-0.1 to 0.1: 62.89%
0.1 to 2: 35.08%
2 to 4: 1.83%
4 to 8: 0.19%
8 to 20: 0.00%
20 to 30: 0.00%
30 to inf: 0.00%
self.times_patches_list: tensor([[2017,    1,    1,   17],
        [2017,    1,    1,   17],
        [2017,    1,    1,   18],
        ...,
        [2017,    2,    1,    0],
        [2017,    2,    1,    1],
        [2017,    2,    1,    2]], device='cpu', dtype=torch.int32)
Loading the stats file: /cpfs01/projects-HDD/cfff-4a8d9af84f66_HDD/public/ShiXiSheng/yzy/downscaling_precipitation/precip_dataset_new/train/statistics.json
The total number of samples after filtering NaN and zeros values: 1421
The model wgan is selected for training
i 0
i 1
i 2
i 3
i 4
i 5
i 6
i 0
i 0
i 0
Total trainalbe parameters of the generator: 3706049
Total trainalbe parameters of the critic: 1584641
 size of dataset 25397 batch size 24
 iterations 1058.2083333333333
++++++++++++++++++++++++++++++++
[Epoch 1/100] [Avg D loss: 3.552762] [Avg G loss: 1469.555831] [Avg Rec loss: 8.398662]
[Epoch 1/100] [D Val loss: 1.209552] [G loss: 842.376221] [Rec loss: 4.817410] [LR C: 0.000001] [LR G: 0.000010]
++++++++++++++++++++++++++++++++
++++++++++++++++++++++++++++++++
[Epoch 2/100] [Avg D loss: -0.864328] [Avg G loss: 1070.697470] [Avg Rec loss: 6.117226]
[Epoch 2/100] [D Val loss: 0.758948] [G loss: 690.081780] [Rec loss: 3.945875] [LR C: 0.000001] [LR G: 0.000010]
++++++++++++++++++++++++++++++++
++++++++++++++++++++++++++++++++
[Epoch 3/100] [Avg D loss: -1.987076] [Avg G loss: 843.332142] [Avg Rec loss: 4.814191]
[Epoch 3/100] [D Val loss: 1.179408] [G loss: 639.142913] [Rec loss: 3.656195] [LR C: 0.000001] [LR G: 0.000010]
++++++++++++++++++++++++++++++++
++++++++++++++++++++++++++++++++
[Epoch 4/100] [Avg D loss: -3.314162] [Avg G loss: 779.517491] [Avg Rec loss: 4.445568]
[Epoch 4/100] [D Val loss: 1.758419] [G loss: 618.372710] [Rec loss: 3.539564] [LR C: 0.000001] [LR G: 0.000010]
++++++++++++++++++++++++++++++++
++++++++++++++++++++++++++++++++
[Epoch 5/100] [Avg D loss: -4.766446] [Avg G loss: 714.974762] [Avg Rec loss: 4.072366]
[Epoch 5/100] [D Val loss: 2.175026] [G loss: 569.262618] [Rec loss: 3.258535] [LR C: 0.000001] [LR G: 0.000010]
++++++++++++++++++++++++++++++++
++++++++++++++++++++++++++++++++
[Epoch 6/100] [Avg D loss: -6.223683] [Avg G loss: 682.315934] [Avg Rec loss: 3.881166]
[Epoch 6/100] [D Val loss: 3.810807] [G loss: 624.215169] [Rec loss: 3.578816] [LR C: 0.000001] [LR G: 0.000010]
++++++++++++++++++++++++++++++++
++++++++++++++++++++++++++++++++
[Epoch 7/100] [Avg D loss: -7.599584] [Avg G loss: 683.559777] [Avg Rec loss: 3.884272]
[Epoch 7/100] [D Val loss: 5.805989] [G loss: 712.387348] [Rec loss: 4.091793] [LR C: 0.000001] [LR G: 0.000010]
++++++++++++++++++++++++++++++++
++++++++++++++++++++++++++++++++
[Epoch 8/100] [Avg D loss: -8.865419] [Avg G loss: 641.155055] [Avg Rec loss: 3.638074]
[Epoch 8/100] [D Val loss: 5.034899] [G loss: 579.238538] [Rec loss: 3.329694] [LR C: 0.000001] [LR G: 0.000010]
++++++++++++++++++++++++++++++++
++++++++++++++++++++++++++++++++
[Epoch 9/100] [Avg D loss: -10.279515] [Avg G loss: 646.090441] [Avg Rec loss: 3.662020]
[Epoch 9/100] [D Val loss: 4.562630] [G loss: 562.297817] [Rec loss: 3.224465] [LR C: 0.000001] [LR G: 0.000010]
++++++++++++++++++++++++++++++++
++++++++++++++++++++++++++++++++
[Epoch 10/100] [Avg D loss: -11.695703] [Avg G loss: 630.389117] [Avg Rec loss: 3.568191]
[Epoch 10/100] [D Val loss: 4.112320] [G loss: 526.316395] [Rec loss: 3.014450] [LR C: 0.000001] [LR G: 0.000010]
++++++++++++++++++++++++++++++++
++++++++++++++++++++++++++++++++
[Epoch 11/100] [Avg D loss: -13.152125] [Avg G loss: 619.863457] [Avg Rec loss: 3.503640]
[Epoch 11/100] [D Val loss: 7.528368] [G loss: 577.221162] [Rec loss: 3.324589] [LR C: 0.000001] [LR G: 0.000010]
++++++++++++++++++++++++++++++++
++++++++++++++++++++++++++++++++
[Epoch 12/100] [Avg D loss: -14.659233] [Avg G loss: 628.300809] [Avg Rec loss: 3.547798]
[Epoch 12/100] [D Val loss: 6.983918] [G loss: 542.026312] [Rec loss: 3.120057] [LR C: 0.000001] [LR G: 0.000010]
++++++++++++++++++++++++++++++++
++++++++++++++++++++++++++++++++
[Epoch 13/100] [Avg D loss: -16.208779] [Avg G loss: 592.120910] [Avg Rec loss: 3.336554]
[Epoch 13/100] [D Val loss: 12.533767] [G loss: 641.052334] [Rec loss: 3.714266] [LR C: 0.000001] [LR G: 0.000010]
++++++++++++++++++++++++++++++++
++++++++++++++++++++++++++++++++
[Epoch 14/100] [Avg D loss: -17.846423] [Avg G loss: 612.342820] [Avg Rec loss: 3.448155]
[Epoch 14/100] [D Val loss: 8.105892] [G loss: 523.575593] [Rec loss: 3.020188] [LR C: 0.000001] [LR G: 0.000010]
++++++++++++++++++++++++++++++++
++++++++++++++++++++++++++++++++
[Epoch 15/100] [Avg D loss: -19.506757] [Avg G loss: 602.972770] [Avg Rec loss: 3.389955]
[Epoch 15/100] [D Val loss: 10.985410] [G loss: 532.713465] [Rec loss: 3.088902] [LR C: 0.000001] [LR G: 0.000010]
++++++++++++++++++++++++++++++++
++++++++++++++++++++++++++++++++
[Epoch 16/100] [Avg D loss: -21.269723] [Avg G loss: 596.314921] [Avg Rec loss: 3.346505]
[Epoch 16/100] [D Val loss: 14.858216] [G loss: 602.048972] [Rec loss: 3.500635] [LR C: 0.000001] [LR G: 0.000010]
++++++++++++++++++++++++++++++++
++++++++++++++++++++++++++++++++
[Epoch 17/100] [Avg D loss: -23.069811] [Avg G loss: 606.097415] [Avg Rec loss: 3.397561]
[Epoch 17/100] [D Val loss: 13.570376] [G loss: 571.004464] [Rec loss: 3.312936] [LR C: 0.000001] [LR G: 0.000010]
++++++++++++++++++++++++++++++++
++++++++++++++++++++++++++++++++
[Epoch 18/100] [Avg D loss: -24.820800] [Avg G loss: 572.948700] [Avg Rec loss: 3.202833]
[Epoch 18/100] [D Val loss: 22.010010] [G loss: 645.874645] [Rec loss: 3.789170] [LR C: 0.000001] [LR G: 0.000010]
++++++++++++++++++++++++++++++++
++++++++++++++++++++++++++++++++
[Epoch 19/100] [Avg D loss: -26.652638] [Avg G loss: 592.741368] [Avg Rec loss: 3.311562]
[Epoch 19/100] [D Val loss: 11.032056] [G loss: 508.744768] [Rec loss: 2.941792] [LR C: 0.000001] [LR G: 0.000010]
++++++++++++++++++++++++++++++++
++++++++++++++++++++++++++++++++
[Epoch 20/100] [Avg D loss: -28.430383] [Avg G loss: 582.892360] [Avg Rec loss: 3.250525]
[Epoch 20/100] [D Val loss: 13.802528] [G loss: 513.713256] [Rec loss: 2.983352] [LR C: 0.000001] [LR G: 0.000010]
++++++++++++++++++++++++++++++++
++++++++++++++++++++++++++++++++
[Epoch 21/100] [Avg D loss: -30.244155] [Avg G loss: 579.016723] [Avg Rec loss: 3.223062]
[Epoch 21/100] [D Val loss: 20.878403] [G loss: 543.452280] [Rec loss: 3.195989] [LR C: 0.000001] [LR G: 0.000010]
++++++++++++++++++++++++++++++++
++++++++++++++++++++++++++++++++
[Epoch 22/100] [Avg D loss: -31.986105] [Avg G loss: 600.831770] [Avg Rec loss: 3.343820]
[Epoch 22/100] [D Val loss: 28.266135] [G loss: 575.823271] [Rec loss: 3.423084] [LR C: 0.000001] [LR G: 0.000010]
++++++++++++++++++++++++++++++++
++++++++++++++++++++++++++++++++
[Epoch 23/100] [Avg D loss: -34.040518] [Avg G loss: 563.763009] [Avg Rec loss: 3.125391]
[Epoch 23/100] [D Val loss: 26.972374] [G loss: 576.724882] [Rec loss: 3.412385] [LR C: 0.000001] [LR G: 0.000010]
++++++++++++++++++++++++++++++++
++++++++++++++++++++++++++++++++
[Epoch 24/100] [Avg D loss: -36.095075] [Avg G loss: 582.048715] [Avg Rec loss: 3.224837]
[Epoch 24/100] [D Val loss: 27.664774] [G loss: 549.345007] [Rec loss: 3.262655] [LR C: 0.000001] [LR G: 0.000010]
++++++++++++++++++++++++++++++++
++++++++++++++++++++++++++++++++
[Epoch 25/100] [Avg D loss: -38.112637] [Avg G loss: 573.418765] [Avg Rec loss: 3.170252]
[Epoch 25/100] [D Val loss: 26.205655] [G loss: 517.103797] [Rec loss: 3.070691] [LR C: 0.000001] [LR G: 0.000010]
++++++++++++++++++++++++++++++++
++++++++++++++++++++++++++++++++
[Epoch 26/100] [Avg D loss: -40.189339] [Avg G loss: 570.564630] [Avg Rec loss: 3.147296]
[Epoch 26/100] [D Val loss: 34.653542] [G loss: 549.939113] [Rec loss: 3.302513] [LR C: 0.000001] [LR G: 0.000010]
++++++++++++++++++++++++++++++++
++++++++++++++++++++++++++++++++
[Epoch 27/100] [Avg D loss: -42.435229] [Avg G loss: 584.049104] [Avg Rec loss: 3.218527]
[Epoch 27/100] [D Val loss: 35.377690] [G loss: 546.145670] [Rec loss: 3.280570] [LR C: 0.000001] [LR G: 0.000010]
++++++++++++++++++++++++++++++++
++++++++++++++++++++++++++++++++
[Epoch 28/100] [Avg D loss: -44.535631] [Avg G loss: 556.229802] [Avg Rec loss: 3.052935]
[Epoch 28/100] [D Val loss: 51.801399] [G loss: 576.011349] [Rec loss: 3.545804] [LR C: 0.000001] [LR G: 0.000010]
++++++++++++++++++++++++++++++++
++++++++++++++++++++++++++++++++
[Epoch 29/100] [Avg D loss: -46.803447] [Avg G loss: 576.194646] [Avg Rec loss: 3.161431]
[Epoch 29/100] [D Val loss: 28.509140] [G loss: 504.715186] [Rec loss: 2.996538] [LR C: 0.000001] [LR G: 0.000010]
++++++++++++++++++++++++++++++++
++++++++++++++++++++++++++++++++
[Epoch 30/100] [Avg D loss: -49.044597] [Avg G loss: 567.658864] [Avg Rec loss: 3.106619]
[Epoch 30/100] [D Val loss: 32.603274] [G loss: 488.133408] [Rec loss: 2.928947] [LR C: 0.000001] [LR G: 0.000010]
++++++++++++++++++++++++++++++++
++++++++++++++++++++++++++++++++
[Epoch 31/100] [Avg D loss: -51.279685] [Avg G loss: 565.692456] [Avg Rec loss: 3.087965]
[Epoch 31/100] [D Val loss: 47.754237] [G loss: 533.445031] [Rec loss: 3.269161] [LR C: 0.000001] [LR G: 0.000010]
++++++++++++++++++++++++++++++++
++++++++++++++++++++++++++++++++
[Epoch 32/100] [Avg D loss: -53.729005] [Avg G loss: 579.757056] [Avg Rec loss: 3.162436]
[Epoch 32/100] [D Val loss: 49.657604] [G loss: 526.850583] [Rec loss: 3.240557] [LR C: 0.000001] [LR G: 0.000010]
++++++++++++++++++++++++++++++++
++++++++++++++++++++++++++++++++
[Epoch 33/100] [Avg D loss: -55.743564] [Avg G loss: 553.133956] [Avg Rec loss: 3.003295]
[Epoch 33/100] [D Val loss: 47.450922] [G loss: 493.003010] [Rec loss: 3.035702] [LR C: 0.000001] [LR G: 0.000010]
++++++++++++++++++++++++++++++++
++++++++++++++++++++++++++++++++
[Epoch 34/100] [Avg D loss: -58.039643] [Avg G loss: 573.969733] [Avg Rec loss: 3.116851]
[Epoch 34/100] [D Val loss: 61.142991] [G loss: 495.293036] [Rec loss: 3.122272] [LR C: 0.000001] [LR G: 0.000010]
++++++++++++++++++++++++++++++++
++++++++++++++++++++++++++++++++
[Epoch 35/100] [Avg D loss: -59.818713] [Avg G loss: 565.125942] [Avg Rec loss: 3.061397]
[Epoch 35/100] [D Val loss: 38.194024] [G loss: 444.531110] [Rec loss: 2.692661] [LR C: 0.000001] [LR G: 0.000010]
++++++++++++++++++++++++++++++++
++++++++++++++++++++++++++++++++
[Epoch 36/100] [Avg D loss: -53.579042] [Avg G loss: 561.210449] [Avg Rec loss: 3.064650]
[Epoch 36/100] [D Val loss: 69.462323] [G loss: 349.205591] [Rec loss: 2.439256] [LR C: 0.000001] [LR G: 0.000010]
++++++++++++++++++++++++++++++++
++++++++++++++++++++++++++++++++
[Epoch 37/100] [Avg D loss: -14.451803] [Avg G loss: 555.818304] [Avg Rec loss: 3.210034]
[Epoch 37/100] [D Val loss: 26.243474] [G loss: 380.747385] [Rec loss: 2.352406] [LR C: 0.000001] [LR G: 0.000010]
++++++++++++++++++++++++++++++++
++++++++++++++++++++++++++++++++
[Epoch 38/100] [Avg D loss: -19.007062] [Avg G loss: 529.120906] [Avg Rec loss: 3.028811]
[Epoch 38/100] [D Val loss: 21.374700] [G loss: 390.904849] [Rec loss: 2.385081] [LR C: 0.000001] [LR G: 0.000010]
++++++++++++++++++++++++++++++++
++++++++++++++++++++++++++++++++
[Epoch 39/100] [Avg D loss: -23.758608] [Avg G loss: 552.306609] [Avg Rec loss: 3.138614]
[Epoch 39/100] [D Val loss: 21.073780] [G loss: 380.133124] [Rec loss: 2.298094] [LR C: 0.000001] [LR G: 0.000010]
++++++++++++++++++++++++++++++++
++++++++++++++++++++++++++++++++
[Epoch 40/100] [Avg D loss: -24.815330] [Avg G loss: 543.149053] [Avg Rec loss: 3.080731]
[Epoch 40/100] [D Val loss: 17.178731] [G loss: 383.863390] [Rec loss: 2.314643] [LR C: 0.000001] [LR G: 0.000010]
++++++++++++++++++++++++++++++++
++++++++++++++++++++++++++++++++
[Epoch 41/100] [Avg D loss: -23.140123] [Avg G loss: 541.101345] [Avg Rec loss: 3.074655]
[Epoch 41/100] [D Val loss: 21.996425] [G loss: 379.205899] [Rec loss: 2.282828] [LR C: 0.000001] [LR G: 0.000010]
++++++++++++++++++++++++++++++++
++++++++++++++++++++++++++++++++
[Epoch 42/100] [Avg D loss: -30.645868] [Avg G loss: 554.403522] [Avg Rec loss: 3.127990]
[Epoch 42/100] [D Val loss: 21.768283] [G loss: 378.953830] [Rec loss: 2.295098] [LR C: 0.000001] [LR G: 0.000010]
++++++++++++++++++++++++++++++++
++++++++++++++++++++++++++++++++
[Epoch 43/100] [Avg D loss: -30.595772] [Avg G loss: 526.334965] [Avg Rec loss: 2.968824]
[Epoch 43/100] [D Val loss: 16.882841] [G loss: 381.442962] [Rec loss: 2.304985] [LR C: 0.000001] [LR G: 0.000010]
++++++++++++++++++++++++++++++++
++++++++++++++++++++++++++++++++
[Epoch 44/100] [Avg D loss: -34.909093] [Avg G loss: 546.852180] [Avg Rec loss: 3.073574]
[Epoch 44/100] [D Val loss: 15.905222] [G loss: 374.527636] [Rec loss: 2.237477] [LR C: 0.000001] [LR G: 0.000010]
++++++++++++++++++++++++++++++++
++++++++++++++++++++++++++++++++
[Epoch 45/100] [Avg D loss: -33.353448] [Avg G loss: 537.479097] [Avg Rec loss: 3.023988]
[Epoch 45/100] [D Val loss: 12.401415] [G loss: 377.493037] [Rec loss: 2.269335] [LR C: 0.000001] [LR G: 0.000010]
++++++++++++++++++++++++++++++++
++++++++++++++++++++++++++++++++
[Epoch 46/100] [Avg D loss: -29.022002] [Avg G loss: 536.339023] [Avg Rec loss: 3.030847]
[Epoch 46/100] [D Val loss: 14.018190] [G loss: 376.184579] [Rec loss: 2.234565] [LR C: 0.000001] [LR G: 0.000010]
++++++++++++++++++++++++++++++++
++++++++++++++++++++++++++++++++
[Epoch 47/100] [Avg D loss: -38.150978] [Avg G loss: 548.257871] [Avg Rec loss: 3.078383]
[Epoch 47/100] [D Val loss: 15.057234] [G loss: 374.108711] [Rec loss: 2.251875] [LR C: 0.000001] [LR G: 0.000010]
++++++++++++++++++++++++++++++++
++++++++++++++++++++++++++++++++
[Epoch 48/100] [Avg D loss: -37.403756] [Avg G loss: 522.398727] [Avg Rec loss: 2.931833]
[Epoch 48/100] [D Val loss: 13.892343] [G loss: 375.949404] [Rec loss: 2.269747] [LR C: 0.000001] [LR G: 0.000010]
++++++++++++++++++++++++++++++++
++++++++++++++++++++++++++++++++
[Epoch 49/100] [Avg D loss: -42.092260] [Avg G loss: 543.288971] [Avg Rec loss: 3.038727]
[Epoch 49/100] [D Val loss: 12.583403] [G loss: 369.146302] [Rec loss: 2.201248] [LR C: 0.000001] [LR G: 0.000010]
++++++++++++++++++++++++++++++++
++++++++++++++++++++++++++++++++
[Epoch 50/100] [Avg D loss: -36.416929] [Avg G loss: 534.516793] [Avg Rec loss: 3.004133]
[Epoch 50/100] [D Val loss: 10.852294] [G loss: 377.610135] [Rec loss: 2.263885] [LR C: 0.000001] [LR G: 0.000010]
++++++++++++++++++++++++++++++++
++++++++++++++++++++++++++++++++
[Epoch 51/100] [Avg D loss: -33.240420] [Avg G loss: 534.894335] [Avg Rec loss: 3.012748]
[Epoch 51/100] [D Val loss: 12.848865] [G loss: 374.061061] [Rec loss: 2.222130] [LR C: 0.000001] [LR G: 0.000010]
++++++++++++++++++++++++++++++++
++++++++++++++++++++++++++++++++
[Epoch 52/100] [Avg D loss: -41.011225] [Avg G loss: 545.013796] [Avg Rec loss: 3.057366]
[Epoch 52/100] [D Val loss: 11.230907] [G loss: 376.732015] [Rec loss: 2.236336] [LR C: 0.000001] [LR G: 0.000010]
++++++++++++++++++++++++++++++++
++++++++++++++++++++++++++++++++
[Epoch 53/100] [Avg D loss: -37.062267] [Avg G loss: 522.187337] [Avg Rec loss: 2.931057]
[Epoch 53/100] [D Val loss: 9.151521] [G loss: 380.755230] [Rec loss: 2.283603] [LR C: 0.000001] [LR G: 0.000010]
++++++++++++++++++++++++++++++++
++++++++++++++++++++++++++++++++
[Epoch 54/100] [Avg D loss: -40.706207] [Avg G loss: 543.631191] [Avg Rec loss: 3.042393]
[Epoch 54/100] [D Val loss: 8.873960] [G loss: 371.829537] [Rec loss: 2.215230] [LR C: 0.000001] [LR G: 0.000010]
++++++++++++++++++++++++++++++++
++++++++++++++++++++++++++++++++
[Epoch 55/100] [Avg D loss: -37.092050] [Avg G loss: 535.610367] [Avg Rec loss: 3.005892]
[Epoch 55/100] [D Val loss: 8.771501] [G loss: 375.405236] [Rec loss: 2.257611] [LR C: 0.000001] [LR G: 0.000010]
++++++++++++++++++++++++++++++++
++++++++++++++++++++++++++++++++
[Epoch 56/100] [Avg D loss: -37.311991] [Avg G loss: 534.223648] [Avg Rec loss: 2.993810]
[Epoch 56/100] [D Val loss: 9.131320] [G loss: 377.038171] [Rec loss: 2.218603] [LR C: 0.000001] [LR G: 0.000010]
++++++++++++++++++++++++++++++++
++++++++++++++++++++++++++++++++
[Epoch 57/100] [Avg D loss: -46.458072] [Avg G loss: 543.655716] [Avg Rec loss: 3.034673]
[Epoch 57/100] [D Val loss: 8.114229] [G loss: 377.548102] [Rec loss: 2.232525] [LR C: 0.000001] [LR G: 0.000010]
++++++++++++++++++++++++++++++++
++++++++++++++++++++++++++++++++
[Epoch 58/100] [Avg D loss: -41.304121] [Avg G loss: 522.538193] [Avg Rec loss: 2.920057]
[Epoch 58/100] [D Val loss: 8.293665] [G loss: 383.398932] [Rec loss: 2.307900] [LR C: 0.000001] [LR G: 0.000010]
++++++++++++++++++++++++++++++++
++++++++++++++++++++++++++++++++
[Epoch 59/100] [Avg D loss: -42.567162] [Avg G loss: 543.735255] [Avg Rec loss: 3.038041]
[Epoch 59/100] [D Val loss: 6.529559] [G loss: 375.583812] [Rec loss: 2.233504] [LR C: 0.000001] [LR G: 0.000010]
++++++++++++++++++++++++++++++++
++++++++++++++++++++++++++++++++
[Epoch 60/100] [Avg D loss: -44.509245] [Avg G loss: 535.212735] [Avg Rec loss: 2.986880]
[Epoch 60/100] [D Val loss: 7.855326] [G loss: 377.541056] [Rec loss: 2.269149] [LR C: 0.000001] [LR G: 0.000010]
++++++++++++++++++++++++++++++++
++++++++++++++++++++++++++++++++
[Epoch 61/100] [Avg D loss: -44.312252] [Avg G loss: 534.415446] [Avg Rec loss: 2.987450]
[Epoch 61/100] [D Val loss: 7.653279] [G loss: 379.401839] [Rec loss: 2.256645] [LR C: 0.000000] [LR G: 0.000001]
++++++++++++++++++++++++++++++++
++++++++++++++++++++++++++++++++
[Epoch 62/100] [Avg D loss: -46.238765] [Avg G loss: 542.895282] [Avg Rec loss: 3.031386]
[Epoch 62/100] [D Val loss: 7.264188] [G loss: 377.434808] [Rec loss: 2.250199] [LR C: 0.000000] [LR G: 0.000001]
++++++++++++++++++++++++++++++++
++++++++++++++++++++++++++++++++
[Epoch 63/100] [Avg D loss: -39.824505] [Avg G loss: 515.404810] [Avg Rec loss: 2.895483]
[Epoch 63/100] [D Val loss: 7.939415] [G loss: 382.491272] [Rec loss: 2.274999] [LR C: 0.000000] [LR G: 0.000001]
++++++++++++++++++++++++++++++++
++++++++++++++++++++++++++++++++
[Epoch 64/100] [Avg D loss: -38.863129] [Avg G loss: 533.825513] [Avg Rec loss: 2.994562]
[Epoch 64/100] [D Val loss: 8.132704] [G loss: 381.211591] [Rec loss: 2.255742] [LR C: 0.000000] [LR G: 0.000001]
++++++++++++++++++++++++++++++++
++++++++++++++++++++++++++++++++
[Epoch 65/100] [Avg D loss: -39.234984] [Avg G loss: 521.973124] [Avg Rec loss: 2.924485]
[Epoch 65/100] [D Val loss: 7.465451] [G loss: 382.649727] [Rec loss: 2.270583] [LR C: 0.000000] [LR G: 0.000001]
++++++++++++++++++++++++++++++++
++++++++++++++++++++++++++++++++
[Epoch 66/100] [Avg D loss: -35.428883] [Avg G loss: 532.076866] [Avg Rec loss: 2.991888]
[Epoch 66/100] [D Val loss: 9.810668] [G loss: 384.794475] [Rec loss: 2.277476] [LR C: 0.000000] [LR G: 0.000001]
++++++++++++++++++++++++++++++++
++++++++++++++++++++++++++++++++
[Epoch 67/100] [Avg D loss: -43.068910] [Avg G loss: 542.295956] [Avg Rec loss: 3.026158]
[Epoch 67/100] [D Val loss: 9.489653] [G loss: 381.727203] [Rec loss: 2.266720] [LR C: 0.000000] [LR G: 0.000001]
++++++++++++++++++++++++++++++++
++++++++++++++++++++++++++++++++
[Epoch 68/100] [Avg D loss: -37.924682] [Avg G loss: 514.913964] [Avg Rec loss: 2.891944]
[Epoch 68/100] [D Val loss: 8.934108] [G loss: 386.490599] [Rec loss: 2.289375] [LR C: 0.000000] [LR G: 0.000001]
++++++++++++++++++++++++++++++++
++++++++++++++++++++++++++++++++
[Epoch 69/100] [Avg D loss: -38.203571] [Avg G loss: 533.297892] [Avg Rec loss: 2.988395]
[Epoch 69/100] [D Val loss: 8.871979] [G loss: 381.903077] [Rec loss: 2.260701] [LR C: 0.000000] [LR G: 0.000001]
++++++++++++++++++++++++++++++++
++++++++++++++++++++++++++++++++
[Epoch 70/100] [Avg D loss: -39.584186] [Avg G loss: 521.965007] [Avg Rec loss: 2.921042]
[Epoch 70/100] [D Val loss: 7.581005] [G loss: 381.247571] [Rec loss: 2.267424] [LR C: 0.000000] [LR G: 0.000001]
++++++++++++++++++++++++++++++++
++++++++++++++++++++++++++++++++
[Epoch 71/100] [Avg D loss: -37.085827] [Avg G loss: 529.715351] [Avg Rec loss: 2.973121]
[Epoch 71/100] [D Val loss: 8.082390] [G loss: 381.373480] [Rec loss: 2.266525] [LR C: 0.000000] [LR G: 0.000001]
++++++++++++++++++++++++++++++++
++++++++++++++++++++++++++++++++
[Epoch 72/100] [Avg D loss: -41.826878] [Avg G loss: 541.813845] [Avg Rec loss: 3.029614]
[Epoch 72/100] [D Val loss: 8.176427] [G loss: 382.706844] [Rec loss: 2.256337] [LR C: 0.000000] [LR G: 0.000000]
++++++++++++++++++++++++++++++++
++++++++++++++++++++++++++++++++
[Epoch 73/100] [Avg D loss: -42.217926] [Avg G loss: 513.682613] [Avg Rec loss: 2.861227]
[Epoch 73/100] [D Val loss: 7.485090] [G loss: 381.486299] [Rec loss: 2.254061] [LR C: 0.000000] [LR G: 0.000000]
++++++++++++++++++++++++++++++++
++++++++++++++++++++++++++++++++
[Epoch 74/100] [Avg D loss: -41.787166] [Avg G loss: 529.694244] [Avg Rec loss: 2.957891]
[Epoch 74/100] [D Val loss: 7.867372] [G loss: 381.156859] [Rec loss: 2.255531] [LR C: 0.000000] [LR G: 0.000000]
++++++++++++++++++++++++++++++++
++++++++++++++++++++++++++++++++
[Epoch 75/100] [Avg D loss: -41.553764] [Avg G loss: 519.926688] [Avg Rec loss: 2.903877]
[Epoch 75/100] [D Val loss: 8.463559] [G loss: 382.216645] [Rec loss: 2.269716] [LR C: 0.000000] [LR G: 0.000000]
++++++++++++++++++++++++++++++++
++++++++++++++++++++++++++++++++
[Epoch 76/100] [Avg D loss: -40.362413] [Avg G loss: 524.433222] [Avg Rec loss: 2.933670]
[Epoch 76/100] [D Val loss: 7.687747] [G loss: 382.820109] [Rec loss: 2.271342] [LR C: 0.000000] [LR G: 0.000000]
++++++++++++++++++++++++++++++++
++++++++++++++++++++++++++++++++
[Epoch 77/100] [Avg D loss: -41.036646] [Avg G loss: 540.909736] [Avg Rec loss: 3.030671]
[Epoch 77/100] [D Val loss: 7.798720] [G loss: 381.742111] [Rec loss: 2.260408] [LR C: 0.000000] [LR G: 0.000000]
++++++++++++++++++++++++++++++++
++++++++++++++++++++++++++++++++
[Epoch 78/100] [Avg D loss: -41.404450] [Avg G loss: 512.750272] [Avg Rec loss: 2.862112]
[Epoch 78/100] [D Val loss: 7.486041] [G loss: 381.160374] [Rec loss: 2.258031] [LR C: 0.000000] [LR G: 0.000000]
++++++++++++++++++++++++++++++++
++++++++++++++++++++++++++++++++
[Epoch 79/100] [Avg D loss: -40.959373] [Avg G loss: 529.099564] [Avg Rec loss: 2.960082]
[Epoch 79/100] [D Val loss: 7.208831] [G loss: 382.323584] [Rec loss: 2.259017] [LR C: 0.000000] [LR G: 0.000000]
++++++++++++++++++++++++++++++++
++++++++++++++++++++++++++++++++
[Epoch 80/100] [Avg D loss: -40.752703] [Avg G loss: 519.597242] [Avg Rec loss: 2.906759]
[Epoch 80/100] [D Val loss: 6.546560] [G loss: 383.109740] [Rec loss: 2.273087] [LR C: 0.000000] [LR G: 0.000000]
++++++++++++++++++++++++++++++++
++++++++++++++++++++++++++++++++
[Epoch 81/100] [Avg D loss: -39.641179] [Avg G loss: 524.477136] [Avg Rec loss: 2.937924]
[Epoch 81/100] [D Val loss: 7.670047] [G loss: 383.334407] [Rec loss: 2.273988] [LR C: 0.000000] [LR G: 0.000000]
++++++++++++++++++++++++++++++++
++++++++++++++++++++++++++++++++
[Epoch 82/100] [Avg D loss: -40.594285] [Avg G loss: 540.649534] [Avg Rec loss: 3.031858]
[Epoch 82/100] [D Val loss: 7.473661] [G loss: 382.869077] [Rec loss: 2.261998] [LR C: 0.000000] [LR G: 0.000000]
++++++++++++++++++++++++++++++++
++++++++++++++++++++++++++++++++
[Epoch 83/100] [Avg D loss: -41.350475] [Avg G loss: 512.521674] [Avg Rec loss: 2.860984]
[Epoch 83/100] [D Val loss: 7.521134] [G loss: 380.747777] [Rec loss: 2.254284] [LR C: 0.000000] [LR G: 0.000000]
++++++++++++++++++++++++++++++++
++++++++++++++++++++++++++++++++
[Epoch 84/100] [Avg D loss: -41.377576] [Avg G loss: 528.830757] [Avg Rec loss: 2.956207]
[Epoch 84/100] [D Val loss: 7.152861] [G loss: 380.365675] [Rec loss: 2.256610] [LR C: 0.000000] [LR G: 0.000000]
++++++++++++++++++++++++++++++++
++++++++++++++++++++++++++++++++
[Epoch 85/100] [Avg D loss: -41.272417] [Avg G loss: 519.521992] [Avg Rec loss: 2.903283]
[Epoch 85/100] [D Val loss: 7.997253] [G loss: 384.810538] [Rec loss: 2.271365] [LR C: 0.000000] [LR G: 0.000000]
++++++++++++++++++++++++++++++++
++++++++++++++++++++++++++++++++
[Epoch 86/100] [Avg D loss: -41.184767] [Avg G loss: 524.282022] [Avg Rec loss: 2.928797]
[Epoch 86/100] [D Val loss: 7.492013] [G loss: 383.359220] [Rec loss: 2.270254] [LR C: 0.000000] [LR G: 0.000000]
++++++++++++++++++++++++++++++++
++++++++++++++++++++++++++++++++
[Epoch 87/100] [Avg D loss: -41.234862] [Avg G loss: 539.594908] [Avg Rec loss: 3.023969]
[Epoch 87/100] [D Val loss: 7.124674] [G loss: 382.753190] [Rec loss: 2.262418] [LR C: 0.000000] [LR G: 0.000000]
++++++++++++++++++++++++++++++++
++++++++++++++++++++++++++++++++
[Epoch 88/100] [Avg D loss: -41.329847] [Avg G loss: 512.392051] [Avg Rec loss: 2.861674]
[Epoch 88/100] [D Val loss: 7.121778] [G loss: 379.934503] [Rec loss: 2.254734] [LR C: 0.000000] [LR G: 0.000000]
++++++++++++++++++++++++++++++++
++++++++++++++++++++++++++++++++
[Epoch 89/100] [Avg D loss: -41.199600] [Avg G loss: 528.740197] [Avg Rec loss: 2.956846]
[Epoch 89/100] [D Val loss: 7.340743] [G loss: 381.890835] [Rec loss: 2.257063] [LR C: 0.000000] [LR G: 0.000000]
++++++++++++++++++++++++++++++++
++++++++++++++++++++++++++++++++
[Epoch 90/100] [Avg D loss: -41.315966] [Avg G loss: 519.480312] [Avg Rec loss: 2.904038]
[Epoch 90/100] [D Val loss: 7.065108] [G loss: 382.217783] [Rec loss: 2.271927] [LR C: 0.000000] [LR G: 0.000000]
++++++++++++++++++++++++++++++++
++++++++++++++++++++++++++++++++
[Epoch 91/100] [Avg D loss: -41.157088] [Avg G loss: 524.278622] [Avg Rec loss: 2.929618]
[Epoch 91/100] [D Val loss: 7.406780] [G loss: 384.418785] [Rec loss: 2.270808] [LR C: 0.000000] [LR G: 0.000000]
++++++++++++++++++++++++++++++++
++++++++++++++++++++++++++++++++
[Epoch 92/100] [Avg D loss: -41.254444] [Avg G loss: 539.646381] [Avg Rec loss: 3.025002]
[Epoch 92/100] [D Val loss: 6.827285] [G loss: 381.179457] [Rec loss: 2.262975] [LR C: 0.000000] [LR G: 0.000000]
++++++++++++++++++++++++++++++++
++++++++++++++++++++++++++++++++
[Epoch 93/100] [Avg D loss: -41.283464] [Avg G loss: 512.403531] [Avg Rec loss: 2.862322]
[Epoch 93/100] [D Val loss: 7.553801] [G loss: 379.994488] [Rec loss: 2.255283] [LR C: 0.000000] [LR G: 0.000000]
++++++++++++++++++++++++++++++++
++++++++++++++++++++++++++++++++
[Epoch 94/100] [Avg D loss: -41.266416] [Avg G loss: 528.766769] [Avg Rec loss: 2.957478]
[Epoch 94/100] [D Val loss: 8.268544] [G loss: 379.483219] [Rec loss: 2.257577] [LR C: 0.000000] [LR G: 0.000000]
++++++++++++++++++++++++++++++++
++++++++++++++++++++++++++++++++
[Epoch 95/100] [Avg D loss: -41.230023] [Avg G loss: 519.525303] [Avg Rec loss: 2.904706]
[Epoch 95/100] [D Val loss: 7.410089] [G loss: 383.120182] [Rec loss: 2.272452] [LR C: 0.000000] [LR G: 0.000000]
++++++++++++++++++++++++++++++++
++++++++++++++++++++++++++++++++
[Epoch 96/100] [Avg D loss: -41.162558] [Avg G loss: 524.349394] [Avg Rec loss: 2.930367]
[Epoch 96/100] [D Val loss: 7.327559] [G loss: 383.486059] [Rec loss: 2.271340] [LR C: 0.000000] [LR G: 0.000000]
++++++++++++++++++++++++++++++++
++++++++++++++++++++++++++++++++
[Epoch 97/100] [Avg D loss: -41.219159] [Avg G loss: 539.747741] [Avg Rec loss: 3.025883]
[Epoch 97/100] [D Val loss: 7.065498] [G loss: 384.335456] [Rec loss: 2.263481] [LR C: 0.000000] [LR G: 0.000000]
++++++++++++++++++++++++++++++++
++++++++++++++++++++++++++++++++
[Epoch 98/100] [Avg D loss: -41.382394] [Avg G loss: 512.459480] [Avg Rec loss: 2.862845]
[Epoch 98/100] [D Val loss: 7.344817] [G loss: 380.380703] [Rec loss: 2.255750] [LR C: 0.000000] [LR G: 0.000000]
++++++++++++++++++++++++++++++++
++++++++++++++++++++++++++++++++
[Epoch 99/100] [Avg D loss: -41.272974] [Avg G loss: 528.828887] [Avg Rec loss: 2.957978]
[Epoch 99/100] [D Val loss: 8.073476] [G loss: 379.804107] [Rec loss: 2.258015] [LR C: 0.000000] [LR G: 0.000000]
++++++++++++++++++++++++++++++++
++++++++++++++++++++++++++++++++
[Epoch 100/100] [Avg D loss: -41.285186] [Avg G loss: 519.599854] [Avg Rec loss: 2.905251]
[Epoch 100/100] [D Val loss: 7.641514] [G loss: 382.013591] [Rec loss: 2.272959] [LR C: 0.000000] [LR G: 0.000000]
++++++++++++++++++++++++++++++++
wandb: Waiting for W&B process to finish... (success).
wandb: - 0.000 MB of 0.000 MB uploaded (0.000 MB deduped)
wandb: \ 0.000 MB of 0.000 MB uploaded (0.000 MB deduped)
wandb: | 0.000 MB of 0.000 MB uploaded (0.000 MB deduped)
wandb:                                                                                
wandb: You can sync this run to the cloud by running:
wandb: wandb sync /cpfs01/projects-HDD/cfff-4a8d9af84f66_HDD/public/ShiXiSheng/yzy/yzy_results/ex21_onestepwgan_cri5_175_weightmae_aheadtop_0.008/wandb/offline-run-20241113_102954-v9wdoli2wgan
wandb: Find logs at: ./yzy_results/ex21_onestepwgan_cri5_175_weightmae_aheadtop_0.008/wandb/offline-run-20241113_102954-v9wdoli2wgan/logs
/cpfs01/projects-HDD/cfff-4a8d9af84f66_HDD/yinzunyi/py3.9/lib/python3.9/site-packages/xarray/core/concat.py:527: FutureWarning: unique with argument that is not not a Series, Index, ExtensionArray, or np.ndarray is deprecated and will raise in a future version.
  common_dims = tuple(pd.unique([d for v in vars for d in v.dims]))
/cpfs01/projects-HDD/cfff-4a8d9af84f66_HDD/public/ShiXiSheng/yzy/precipitation_downscaling-bing_issue09_bias_correction/models/network_unet.py:217: UserWarning: nn.init.xavier_uniform is now deprecated in favor of nn.init.xavier_uniform_.
  torch.nn.init.xavier_uniform(self.output.weight)
wandb: Tracking run with wandb version 0.13.2
wandb: W&B syncing is set to `offline` in this directory.  
wandb: Run `wandb online` or set WANDB_MODE=online to enable cloud syncing.
/cpfs01/projects-HDD/cfff-4a8d9af84f66_HDD/public/ShiXiSheng/yzy/precipitation_downscaling-bing_issue09_bias_correction/train_scripts/wgan_train.py:33: UserWarning: To copy construct from a tensor, it is recommended to use sourceTensor.clone().detach() or sourceTensor.clone().detach().requires_grad_(True), rather than torch.tensor(sourceTensor).
  weights = torch.tensor(y_true,requires_grad=False) #
The patch size for prepitation is 16
K 值是多少让我看看： 0.008
self.prcp_indexes: [4, 5, 9]
Going to open the following files: /cpfs01/projects-HDD/cfff-4a8d9af84f66_HDD/public/ShiXiSheng/yzy/downscaling_precipitation/precip_dataset_new/train
Going to open the following files: [PosixPath('/cpfs01/projects-HDD/cfff-4a8d9af84f66_HDD/public/ShiXiSheng/yzy/downscaling_precipitation/precip_dataset_new/train/preproc_ifs_radklim_2016-01.nc'), PosixPath('/cpfs01/projects-HDD/cfff-4a8d9af84f66_HDD/public/ShiXiSheng/yzy/downscaling_precipitation/precip_dataset_new/train/preproc_ifs_radklim_2016-02.nc'), PosixPath('/cpfs01/projects-HDD/cfff-4a8d9af84f66_HDD/public/ShiXiSheng/yzy/downscaling_precipitation/precip_dataset_new/train/preproc_ifs_radklim_2016-03.nc'), PosixPath('/cpfs01/projects-HDD/cfff-4a8d9af84f66_HDD/public/ShiXiSheng/yzy/downscaling_precipitation/precip_dataset_new/train/preproc_ifs_radklim_2016-04.nc'), PosixPath('/cpfs01/projects-HDD/cfff-4a8d9af84f66_HDD/public/ShiXiSheng/yzy/downscaling_precipitation/precip_dataset_new/train/preproc_ifs_radklim_2016-05.nc'), PosixPath('/cpfs01/projects-HDD/cfff-4a8d9af84f66_HDD/public/ShiXiSheng/yzy/downscaling_precipitation/precip_dataset_new/train/preproc_ifs_radklim_2016-06.nc'), PosixPath('/cpfs01/projects-HDD/cfff-4a8d9af84f66_HDD/public/ShiXiSheng/yzy/downscaling_precipitation/precip_dataset_new/train/preproc_ifs_radklim_2016-07.nc'), PosixPath('/cpfs01/projects-HDD/cfff-4a8d9af84f66_HDD/public/ShiXiSheng/yzy/downscaling_precipitation/precip_dataset_new/train/preproc_ifs_radklim_2018-02.nc'), PosixPath('/cpfs01/projects-HDD/cfff-4a8d9af84f66_HDD/public/ShiXiSheng/yzy/downscaling_precipitation/precip_dataset_new/train/preproc_ifs_radklim_2018-03.nc'), PosixPath('/cpfs01/projects-HDD/cfff-4a8d9af84f66_HDD/public/ShiXiSheng/yzy/downscaling_precipitation/precip_dataset_new/train/preproc_ifs_radklim_2018-04.nc'), PosixPath('/cpfs01/projects-HDD/cfff-4a8d9af84f66_HDD/public/ShiXiSheng/yzy/downscaling_precipitation/precip_dataset_new/train/preproc_ifs_radklim_2018-05.nc'), PosixPath('/cpfs01/projects-HDD/cfff-4a8d9af84f66_HDD/public/ShiXiSheng/yzy/downscaling_precipitation/precip_dataset_new/train/preproc_ifs_radklim_2018-06.nc'), PosixPath('/cpfs01/projects-HDD/cfff-4a8d9af84f66_HDD/public/ShiXiSheng/yzy/downscaling_precipitation/precip_dataset_new/train/preproc_ifs_radklim_2018-07.nc'), PosixPath('/cpfs01/projects-HDD/cfff-4a8d9af84f66_HDD/public/ShiXiSheng/yzy/downscaling_precipitation/precip_dataset_new/train/preproc_ifs_radklim_2018-08.nc'), PosixPath('/cpfs01/projects-HDD/cfff-4a8d9af84f66_HDD/public/ShiXiSheng/yzy/downscaling_precipitation/precip_dataset_new/train/preproc_ifs_radklim_2018-09.nc'), PosixPath('/cpfs01/projects-HDD/cfff-4a8d9af84f66_HDD/public/ShiXiSheng/yzy/downscaling_precipitation/precip_dataset_new/train/preproc_ifs_radklim_2018-10.nc'), PosixPath('/cpfs01/projects-HDD/cfff-4a8d9af84f66_HDD/public/ShiXiSheng/yzy/downscaling_precipitation/precip_dataset_new/train/preproc_ifs_radklim_2018-11.nc'), PosixPath('/cpfs01/projects-HDD/cfff-4a8d9af84f66_HDD/public/ShiXiSheng/yzy/downscaling_precipitation/precip_dataset_new/train/preproc_ifs_radklim_2018-12.nc'), PosixPath('/cpfs01/projects-HDD/cfff-4a8d9af84f66_HDD/public/ShiXiSheng/yzy/downscaling_precipitation/precip_dataset_new/train/preproc_ifs_radklim_2019-01.nc'), PosixPath('/cpfs01/projects-HDD/cfff-4a8d9af84f66_HDD/public/ShiXiSheng/yzy/downscaling_precipitation/precip_dataset_new/train/preproc_ifs_radklim_2019-02.nc'), PosixPath('/cpfs01/projects-HDD/cfff-4a8d9af84f66_HDD/public/ShiXiSheng/yzy/downscaling_precipitation/precip_dataset_new/train/preproc_ifs_radklim_2019-03.nc'), PosixPath('/cpfs01/projects-HDD/cfff-4a8d9af84f66_HDD/public/ShiXiSheng/yzy/downscaling_precipitation/precip_dataset_new/train/preproc_ifs_radklim_2019-05.nc'), PosixPath('/cpfs01/projects-HDD/cfff-4a8d9af84f66_HDD/public/ShiXiSheng/yzy/downscaling_precipitation/precip_dataset_new/train/preproc_ifs_radklim_2019-06.nc'), PosixPath('/cpfs01/projects-HDD/cfff-4a8d9af84f66_HDD/public/ShiXiSheng/yzy/downscaling_precipitation/precip_dataset_new/train/preproc_ifs_radklim_2019-07.nc'), PosixPath('/cpfs01/projects-HDD/cfff-4a8d9af84f66_HDD/public/ShiXiSheng/yzy/downscaling_precipitation/precip_dataset_new/train/preproc_ifs_radklim_2019-08.nc'), PosixPath('/cpfs01/projects-HDD/cfff-4a8d9af84f66_HDD/public/ShiXiSheng/yzy/downscaling_precipitation/precip_dataset_new/train/preproc_ifs_radklim_2019-09.nc'), PosixPath('/cpfs01/projects-HDD/cfff-4a8d9af84f66_HDD/public/ShiXiSheng/yzy/downscaling_precipitation/precip_dataset_new/train/preproc_ifs_radklim_2019-10.nc'), PosixPath('/cpfs01/projects-HDD/cfff-4a8d9af84f66_HDD/public/ShiXiSheng/yzy/downscaling_precipitation/precip_dataset_new/train/preproc_ifs_radklim_2019-11.nc'), PosixPath('/cpfs01/projects-HDD/cfff-4a8d9af84f66_HDD/public/ShiXiSheng/yzy/downscaling_precipitation/precip_dataset_new/train/preproc_ifs_radklim_2019-12.nc')]
Going to open the following files: [PosixPath('/cpfs01/projects-HDD/cfff-4a8d9af84f66_HDD/public/ShiXiSheng/yzy/downscaling_precipitation/precip_dataset_new/train/preproc_ifs_radklim_2016-01.nc'), PosixPath('/cpfs01/projects-HDD/cfff-4a8d9af84f66_HDD/public/ShiXiSheng/yzy/downscaling_precipitation/precip_dataset_new/train/preproc_ifs_radklim_2016-02.nc'), PosixPath('/cpfs01/projects-HDD/cfff-4a8d9af84f66_HDD/public/ShiXiSheng/yzy/downscaling_precipitation/precip_dataset_new/train/preproc_ifs_radklim_2016-03.nc'), PosixPath('/cpfs01/projects-HDD/cfff-4a8d9af84f66_HDD/public/ShiXiSheng/yzy/downscaling_precipitation/precip_dataset_new/train/preproc_ifs_radklim_2016-04.nc'), PosixPath('/cpfs01/projects-HDD/cfff-4a8d9af84f66_HDD/public/ShiXiSheng/yzy/downscaling_precipitation/precip_dataset_new/train/preproc_ifs_radklim_2016-05.nc'), PosixPath('/cpfs01/projects-HDD/cfff-4a8d9af84f66_HDD/public/ShiXiSheng/yzy/downscaling_precipitation/precip_dataset_new/train/preproc_ifs_radklim_2016-06.nc'), PosixPath('/cpfs01/projects-HDD/cfff-4a8d9af84f66_HDD/public/ShiXiSheng/yzy/downscaling_precipitation/precip_dataset_new/train/preproc_ifs_radklim_2016-07.nc'), PosixPath('/cpfs01/projects-HDD/cfff-4a8d9af84f66_HDD/public/ShiXiSheng/yzy/downscaling_precipitation/precip_dataset_new/train/preproc_ifs_radklim_2018-02.nc'), PosixPath('/cpfs01/projects-HDD/cfff-4a8d9af84f66_HDD/public/ShiXiSheng/yzy/downscaling_precipitation/precip_dataset_new/train/preproc_ifs_radklim_2018-03.nc'), PosixPath('/cpfs01/projects-HDD/cfff-4a8d9af84f66_HDD/public/ShiXiSheng/yzy/downscaling_precipitation/precip_dataset_new/train/preproc_ifs_radklim_2018-04.nc'), PosixPath('/cpfs01/projects-HDD/cfff-4a8d9af84f66_HDD/public/ShiXiSheng/yzy/downscaling_precipitation/precip_dataset_new/train/preproc_ifs_radklim_2018-05.nc'), PosixPath('/cpfs01/projects-HDD/cfff-4a8d9af84f66_HDD/public/ShiXiSheng/yzy/downscaling_precipitation/precip_dataset_new/train/preproc_ifs_radklim_2018-06.nc'), PosixPath('/cpfs01/projects-HDD/cfff-4a8d9af84f66_HDD/public/ShiXiSheng/yzy/downscaling_precipitation/precip_dataset_new/train/preproc_ifs_radklim_2018-07.nc'), PosixPath('/cpfs01/projects-HDD/cfff-4a8d9af84f66_HDD/public/ShiXiSheng/yzy/downscaling_precipitation/precip_dataset_new/train/preproc_ifs_radklim_2018-08.nc'), PosixPath('/cpfs01/projects-HDD/cfff-4a8d9af84f66_HDD/public/ShiXiSheng/yzy/downscaling_precipitation/precip_dataset_new/train/preproc_ifs_radklim_2018-09.nc'), PosixPath('/cpfs01/projects-HDD/cfff-4a8d9af84f66_HDD/public/ShiXiSheng/yzy/downscaling_precipitation/precip_dataset_new/train/preproc_ifs_radklim_2018-10.nc'), PosixPath('/cpfs01/projects-HDD/cfff-4a8d9af84f66_HDD/public/ShiXiSheng/yzy/downscaling_precipitation/precip_dataset_new/train/preproc_ifs_radklim_2018-11.nc'), PosixPath('/cpfs01/projects-HDD/cfff-4a8d9af84f66_HDD/public/ShiXiSheng/yzy/downscaling_precipitation/precip_dataset_new/train/preproc_ifs_radklim_2018-12.nc'), PosixPath('/cpfs01/projects-HDD/cfff-4a8d9af84f66_HDD/public/ShiXiSheng/yzy/downscaling_precipitation/precip_dataset_new/train/preproc_ifs_radklim_2019-01.nc'), PosixPath('/cpfs01/projects-HDD/cfff-4a8d9af84f66_HDD/public/ShiXiSheng/yzy/downscaling_precipitation/precip_dataset_new/train/preproc_ifs_radklim_2019-02.nc'), PosixPath('/cpfs01/projects-HDD/cfff-4a8d9af84f66_HDD/public/ShiXiSheng/yzy/downscaling_precipitation/precip_dataset_new/train/preproc_ifs_radklim_2019-03.nc'), PosixPath('/cpfs01/projects-HDD/cfff-4a8d9af84f66_HDD/public/ShiXiSheng/yzy/downscaling_precipitation/precip_dataset_new/train/preproc_ifs_radklim_2019-05.nc'), PosixPath('/cpfs01/projects-HDD/cfff-4a8d9af84f66_HDD/public/ShiXiSheng/yzy/downscaling_precipitation/precip_dataset_new/train/preproc_ifs_radklim_2019-06.nc'), PosixPath('/cpfs01/projects-HDD/cfff-4a8d9af84f66_HDD/public/ShiXiSheng/yzy/downscaling_precipitation/precip_dataset_new/train/preproc_ifs_radklim_2019-07.nc'), PosixPath('/cpfs01/projects-HDD/cfff-4a8d9af84f66_HDD/public/ShiXiSheng/yzy/downscaling_precipitation/precip_dataset_new/train/preproc_ifs_radklim_2019-08.nc'), PosixPath('/cpfs01/projects-HDD/cfff-4a8d9af84f66_HDD/public/ShiXiSheng/yzy/downscaling_precipitation/precip_dataset_new/train/preproc_ifs_radklim_2019-09.nc'), PosixPath('/cpfs01/projects-HDD/cfff-4a8d9af84f66_HDD/public/ShiXiSheng/yzy/downscaling_precipitation/precip_dataset_new/train/preproc_ifs_radklim_2019-10.nc'), PosixPath('/cpfs01/projects-HDD/cfff-4a8d9af84f66_HDD/public/ShiXiSheng/yzy/downscaling_precipitation/precip_dataset_new/train/preproc_ifs_radklim_2019-11.nc'), PosixPath('/cpfs01/projects-HDD/cfff-4a8d9af84f66_HDD/public/ShiXiSheng/yzy/downscaling_precipitation/precip_dataset_new/train/preproc_ifs_radklim_2019-12.nc')]
Loading data from the file: [PosixPath('/cpfs01/projects-HDD/cfff-4a8d9af84f66_HDD/public/ShiXiSheng/yzy/downscaling_precipitation/precip_dataset_new/train/preproc_ifs_radklim_2016-01.nc'), PosixPath('/cpfs01/projects-HDD/cfff-4a8d9af84f66_HDD/public/ShiXiSheng/yzy/downscaling_precipitation/precip_dataset_new/train/preproc_ifs_radklim_2016-02.nc'), PosixPath('/cpfs01/projects-HDD/cfff-4a8d9af84f66_HDD/public/ShiXiSheng/yzy/downscaling_precipitation/precip_dataset_new/train/preproc_ifs_radklim_2016-03.nc'), PosixPath('/cpfs01/projects-HDD/cfff-4a8d9af84f66_HDD/public/ShiXiSheng/yzy/downscaling_precipitation/precip_dataset_new/train/preproc_ifs_radklim_2016-04.nc'), PosixPath('/cpfs01/projects-HDD/cfff-4a8d9af84f66_HDD/public/ShiXiSheng/yzy/downscaling_precipitation/precip_dataset_new/train/preproc_ifs_radklim_2016-05.nc'), PosixPath('/cpfs01/projects-HDD/cfff-4a8d9af84f66_HDD/public/ShiXiSheng/yzy/downscaling_precipitation/precip_dataset_new/train/preproc_ifs_radklim_2016-06.nc'), PosixPath('/cpfs01/projects-HDD/cfff-4a8d9af84f66_HDD/public/ShiXiSheng/yzy/downscaling_precipitation/precip_dataset_new/train/preproc_ifs_radklim_2016-07.nc'), PosixPath('/cpfs01/projects-HDD/cfff-4a8d9af84f66_HDD/public/ShiXiSheng/yzy/downscaling_precipitation/precip_dataset_new/train/preproc_ifs_radklim_2018-02.nc'), PosixPath('/cpfs01/projects-HDD/cfff-4a8d9af84f66_HDD/public/ShiXiSheng/yzy/downscaling_precipitation/precip_dataset_new/train/preproc_ifs_radklim_2018-03.nc'), PosixPath('/cpfs01/projects-HDD/cfff-4a8d9af84f66_HDD/public/ShiXiSheng/yzy/downscaling_precipitation/precip_dataset_new/train/preproc_ifs_radklim_2018-04.nc'), PosixPath('/cpfs01/projects-HDD/cfff-4a8d9af84f66_HDD/public/ShiXiSheng/yzy/downscaling_precipitation/precip_dataset_new/train/preproc_ifs_radklim_2018-05.nc'), PosixPath('/cpfs01/projects-HDD/cfff-4a8d9af84f66_HDD/public/ShiXiSheng/yzy/downscaling_precipitation/precip_dataset_new/train/preproc_ifs_radklim_2018-06.nc'), PosixPath('/cpfs01/projects-HDD/cfff-4a8d9af84f66_HDD/public/ShiXiSheng/yzy/downscaling_precipitation/precip_dataset_new/train/preproc_ifs_radklim_2018-07.nc'), PosixPath('/cpfs01/projects-HDD/cfff-4a8d9af84f66_HDD/public/ShiXiSheng/yzy/downscaling_precipitation/precip_dataset_new/train/preproc_ifs_radklim_2018-08.nc'), PosixPath('/cpfs01/projects-HDD/cfff-4a8d9af84f66_HDD/public/ShiXiSheng/yzy/downscaling_precipitation/precip_dataset_new/train/preproc_ifs_radklim_2018-09.nc'), PosixPath('/cpfs01/projects-HDD/cfff-4a8d9af84f66_HDD/public/ShiXiSheng/yzy/downscaling_precipitation/precip_dataset_new/train/preproc_ifs_radklim_2018-10.nc'), PosixPath('/cpfs01/projects-HDD/cfff-4a8d9af84f66_HDD/public/ShiXiSheng/yzy/downscaling_precipitation/precip_dataset_new/train/preproc_ifs_radklim_2018-11.nc'), PosixPath('/cpfs01/projects-HDD/cfff-4a8d9af84f66_HDD/public/ShiXiSheng/yzy/downscaling_precipitation/precip_dataset_new/train/preproc_ifs_radklim_2018-12.nc'), PosixPath('/cpfs01/projects-HDD/cfff-4a8d9af84f66_HDD/public/ShiXiSheng/yzy/downscaling_precipitation/precip_dataset_new/train/preproc_ifs_radklim_2019-01.nc'), PosixPath('/cpfs01/projects-HDD/cfff-4a8d9af84f66_HDD/public/ShiXiSheng/yzy/downscaling_precipitation/precip_dataset_new/train/preproc_ifs_radklim_2019-02.nc'), PosixPath('/cpfs01/projects-HDD/cfff-4a8d9af84f66_HDD/public/ShiXiSheng/yzy/downscaling_precipitation/precip_dataset_new/train/preproc_ifs_radklim_2019-03.nc'), PosixPath('/cpfs01/projects-HDD/cfff-4a8d9af84f66_HDD/public/ShiXiSheng/yzy/downscaling_precipitation/precip_dataset_new/train/preproc_ifs_radklim_2019-05.nc'), PosixPath('/cpfs01/projects-HDD/cfff-4a8d9af84f66_HDD/public/ShiXiSheng/yzy/downscaling_precipitation/precip_dataset_new/train/preproc_ifs_radklim_2019-06.nc'), PosixPath('/cpfs01/projects-HDD/cfff-4a8d9af84f66_HDD/public/ShiXiSheng/yzy/downscaling_precipitation/precip_dataset_new/train/preproc_ifs_radklim_2019-07.nc'), PosixPath('/cpfs01/projects-HDD/cfff-4a8d9af84f66_HDD/public/ShiXiSheng/yzy/downscaling_precipitation/precip_dataset_new/train/preproc_ifs_radklim_2019-08.nc'), PosixPath('/cpfs01/projects-HDD/cfff-4a8d9af84f66_HDD/public/ShiXiSheng/yzy/downscaling_precipitation/precip_dataset_new/train/preproc_ifs_radklim_2019-09.nc'), PosixPath('/cpfs01/projects-HDD/cfff-4a8d9af84f66_HDD/public/ShiXiSheng/yzy/downscaling_precipitation/precip_dataset_new/train/preproc_ifs_radklim_2019-10.nc'), PosixPath('/cpfs01/projects-HDD/cfff-4a8d9af84f66_HDD/public/ShiXiSheng/yzy/downscaling_precipitation/precip_dataset_new/train/preproc_ifs_radklim_2019-11.nc'), PosixPath('/cpfs01/projects-HDD/cfff-4a8d9af84f66_HDD/public/ShiXiSheng/yzy/downscaling_precipitation/precip_dataset_new/train/preproc_ifs_radklim_2019-12.nc')]
There is done
num_patches_images are 7 5
pre indexes are [4, 5, 9]
no nan idx 25397
There are No. 25397 patches out of 739865 without Nan Values 
Minimum value of tp in vars_in_patches(having log): 0.0
Maximum value of tp in vars_in_patches(having log): 8.18589973449707
Distribution of tp in different rainfall intervals:
-0.1 to 0.1: 25.75%
0.1 to 2: 71.33%
2 to 4: 2.50%
4 to 8: 0.37%
8 to 20: 0.04%
20 to 30: 0.00%
30 to inf: 0.00%
Distribution of tp in vars_out_orig_patches in different rainfall intervals:
-0.1 to 0.1: 60.60%
0.1 to 2: 34.94%
2 to 4: 3.47%
4 to 8: 0.89%
8 to 20: 0.11%
20 to 30: 0.00%
30 to inf: 0.00%
self.times_patches_list: tensor([[2016,    1,    2,    6],
        [2016,    1,    2,    7],
        [2016,    1,    2,    8],
        ...,
        [2019,   12,   30,    4],
        [2019,   12,   30,    4],
        [2019,   12,   30,    4]], device='cpu', dtype=torch.int32)
save stats
i tensor(-4.5178e-13, device='cpu')
save stats
i tensor(-2.1600e-16, device='cpu')
save stats
i tensor(82071.3359, device='cpu')
save stats
i tensor(1.6654, device='cpu')
save stats
i tensor(0., device='cpu')
save stats
i tensor(0., device='cpu')
save stats
i tensor(-1.8591e-09, device='cpu')
save stats
i tensor(-23.0063, device='cpu')
save stats
i tensor(-35.2889, device='cpu')
save stats
i tensor(0., device='cpu')
The statistic has been stored to the json file:  /cpfs01/projects-HDD/cfff-4a8d9af84f66_HDD/public/ShiXiSheng/yzy/downscaling_precipitation/precip_dataset_new/train/statistics.json
The total number of samples after filtering NaN and zeros values: 25397
Shuffling the index ....
idx_perm [11676 15961  6877 ...  7812 18002 16014]
K 值是多少让我看看： 0.008
self.prcp_indexes: [4, 5, 9]
Going to open the following files: /cpfs01/projects-HDD/cfff-4a8d9af84f66_HDD/public/ShiXiSheng/yzy/downscaling_precipitation/precip_dataset_new/val
Going to open the following files: [PosixPath('/cpfs01/projects-HDD/cfff-4a8d9af84f66_HDD/public/ShiXiSheng/yzy/downscaling_precipitation/precip_dataset_new/val/2017-01/preproc_ifs_radklim_2017-01.nc')]
Going to open the following files: [PosixPath('/cpfs01/projects-HDD/cfff-4a8d9af84f66_HDD/public/ShiXiSheng/yzy/downscaling_precipitation/precip_dataset_new/val/2017-01/preproc_ifs_radklim_2017-01.nc')]
Loading data from the file: [PosixPath('/cpfs01/projects-HDD/cfff-4a8d9af84f66_HDD/public/ShiXiSheng/yzy/downscaling_precipitation/precip_dataset_new/val/2017-01/preproc_ifs_radklim_2017-01.nc')]
There is done
num_patches_images are 7 5
pre indexes are [4, 5, 9]
no nan idx 1421
There are No. 1421 patches out of 26005 without Nan Values 
Minimum value of tp in vars_in_patches(having log): 0.0
Maximum value of tp in vars_in_patches(having log): 6.580108642578125
Distribution of tp in different rainfall intervals:
-0.1 to 0.1: 27.75%
0.1 to 2: 71.33%
2 to 4: 0.89%
4 to 8: 0.03%
8 to 20: 0.00%
20 to 30: 0.00%
30 to inf: 0.00%
Distribution of tp in vars_out_orig_patches in different rainfall intervals:
-0.1 to 0.1: 62.89%
0.1 to 2: 35.08%
2 to 4: 1.83%
4 to 8: 0.19%
8 to 20: 0.00%
20 to 30: 0.00%
30 to inf: 0.00%
self.times_patches_list: tensor([[2017,    1,    1,   17],
        [2017,    1,    1,   17],
        [2017,    1,    1,   18],
        ...,
        [2017,    2,    1,    0],
        [2017,    2,    1,    1],
        [2017,    2,    1,    2]], device='cpu', dtype=torch.int32)
Loading the stats file: /cpfs01/projects-HDD/cfff-4a8d9af84f66_HDD/public/ShiXiSheng/yzy/downscaling_precipitation/precip_dataset_new/train/statistics.json
The total number of samples after filtering NaN and zeros values: 1421
The model wgan is selected for training
i 0
i 1
i 2
i 3
i 4
i 5
i 6
i 0
i 0
i 0
Total trainalbe parameters of the generator: 3706049
Total trainalbe parameters of the critic: 1584641
 size of dataset 25397 batch size 24
 iterations 1058.2083333333333
++++++++++++++++++++++++++++++++
[Epoch 1/100] [Avg D loss: 3.552179] [Avg G loss: 1595.561844] [Avg Rec loss: 8.398797]
[Epoch 1/100] [D Val loss: 1.208821] [G loss: 914.574529] [Rec loss: 4.817077] [LR C: 0.000001] [LR G: 0.000010]
++++++++++++++++++++++++++++++++
++++++++++++++++++++++++++++++++
[Epoch 2/100] [Avg D loss: -0.866804] [Avg G loss: 1162.397350] [Avg Rec loss: 6.116908]
[Epoch 2/100] [D Val loss: 0.755718] [G loss: 749.288360] [Rec loss: 3.945970] [LR C: 0.000001] [LR G: 0.000010]
++++++++++++++++++++++++++++++++
++++++++++++++++++++++++++++++++
[Epoch 3/100] [Avg D loss: -1.990143] [Avg G loss: 915.545654] [Avg Rec loss: 4.814182]
[Epoch 3/100] [D Val loss: 1.173396] [G loss: 694.661549] [Rec loss: 3.659755] [LR C: 0.000001] [LR G: 0.000010]
++++++++++++++++++++++++++++++++
++++++++++++++++++++++++++++++++
[Epoch 4/100] [Avg D loss: -3.317587] [Avg G loss: 846.264065] [Avg Rec loss: 4.445887]
[Epoch 4/100] [D Val loss: 1.758556] [G loss: 672.227455] [Rec loss: 3.543569] [LR C: 0.000001] [LR G: 0.000010]
++++++++++++++++++++++++++++++++
++++++++++++++++++++++++++++++++
[Epoch 5/100] [Avg D loss: -4.768377] [Avg G loss: 775.877888] [Avg Rec loss: 4.071384]
[Epoch 5/100] [D Val loss: 2.093001] [G loss: 613.967554] [Rec loss: 3.236149] [LR C: 0.000001] [LR G: 0.000010]
++++++++++++++++++++++++++++++++
++++++++++++++++++++++++++++++++
[Epoch 6/100] [Avg D loss: -6.230409] [Avg G loss: 740.227256] [Avg Rec loss: 3.879491]
[Epoch 6/100] [D Val loss: 3.791499] [G loss: 676.003158] [Rec loss: 3.568804] [LR C: 0.000001] [LR G: 0.000010]
++++++++++++++++++++++++++++++++
++++++++++++++++++++++++++++++++
[Epoch 7/100] [Avg D loss: -7.614570] [Avg G loss: 738.705364] [Avg Rec loss: 3.867699]
[Epoch 7/100] [D Val loss: 3.604610] [G loss: 633.229190] [Rec loss: 3.340763] [LR C: 0.000001] [LR G: 0.000010]
++++++++++++++++++++++++++++++++
++++++++++++++++++++++++++++++++
[Epoch 8/100] [Avg D loss: -8.913672] [Avg G loss: 688.344835] [Avg Rec loss: 3.599011]
[Epoch 8/100] [D Val loss: 6.597629] [G loss: 677.145962] [Rec loss: 3.590539] [LR C: 0.000001] [LR G: 0.000010]
++++++++++++++++++++++++++++++++
++++++++++++++++++++++++++++++++
[Epoch 9/100] [Avg D loss: -10.303912] [Avg G loss: 699.440554] [Avg Rec loss: 3.653592]
[Epoch 9/100] [D Val loss: 3.622924] [G loss: 572.745233] [Rec loss: 3.019833] [LR C: 0.000001] [LR G: 0.000010]
++++++++++++++++++++++++++++++++
++++++++++++++++++++++++++++++++
[Epoch 10/100] [Avg D loss: -11.662969] [Avg G loss: 682.394938] [Avg Rec loss: 3.560328]
[Epoch 10/100] [D Val loss: 3.455705] [G loss: 546.420263] [Rec loss: 2.879051] [LR C: 0.000001] [LR G: 0.000010]
++++++++++++++++++++++++++++++++
++++++++++++++++++++++++++++++++
[Epoch 11/100] [Avg D loss: -13.112769] [Avg G loss: 671.100590] [Avg Rec loss: 3.496892]
[Epoch 11/100] [D Val loss: 9.684363] [G loss: 679.898818] [Rec loss: 3.613824] [LR C: 0.000001] [LR G: 0.000010]
++++++++++++++++++++++++++++++++
++++++++++++++++++++++++++++++++
[Epoch 12/100] [Avg D loss: -14.688343] [Avg G loss: 682.002311] [Avg Rec loss: 3.550360]
[Epoch 12/100] [D Val loss: 14.815260] [G loss: 837.306445] [Rec loss: 4.468236] [LR C: 0.000001] [LR G: 0.000010]
++++++++++++++++++++++++++++++++
++++++++++++++++++++++++++++++++
[Epoch 13/100] [Avg D loss: -16.248157] [Avg G loss: 645.594401] [Avg Rec loss: 3.354529]
[Epoch 13/100] [D Val loss: 11.075383] [G loss: 670.442826] [Rec loss: 3.568516] [LR C: 0.000001] [LR G: 0.000010]
++++++++++++++++++++++++++++++++
++++++++++++++++++++++++++++++++
[Epoch 14/100] [Avg D loss: -17.914862] [Avg G loss: 661.890719] [Avg Rec loss: 3.436497]
[Epoch 14/100] [D Val loss: 7.231063] [G loss: 558.580832] [Rec loss: 2.962907] [LR C: 0.000001] [LR G: 0.000010]
++++++++++++++++++++++++++++++++
++++++++++++++++++++++++++++++++
[Epoch 15/100] [Avg D loss: -19.601589] [Avg G loss: 649.249462] [Avg Rec loss: 3.365675]
[Epoch 15/100] [D Val loss: 11.490704] [G loss: 601.094283] [Rec loss: 3.206656] [LR C: 0.000001] [LR G: 0.000010]
++++++++++++++++++++++++++++++++
++++++++++++++++++++++++++++++++
[Epoch 16/100] [Avg D loss: -21.285694] [Avg G loss: 643.143972] [Avg Rec loss: 3.328970]
[Epoch 16/100] [D Val loss: 14.436321] [G loss: 618.949038] [Rec loss: 3.313899] [LR C: 0.000001] [LR G: 0.000010]
++++++++++++++++++++++++++++++++
++++++++++++++++++++++++++++++++
[Epoch 17/100] [Avg D loss: -23.100054] [Avg G loss: 658.179559] [Avg Rec loss: 3.403373]
[Epoch 17/100] [D Val loss: 13.643994] [G loss: 623.113493] [Rec loss: 3.325676] [LR C: 0.000001] [LR G: 0.000010]
++++++++++++++++++++++++++++++++
++++++++++++++++++++++++++++++++
[Epoch 18/100] [Avg D loss: -24.831438] [Avg G loss: 619.794113] [Avg Rec loss: 3.196487]
[Epoch 18/100] [D Val loss: 27.049916] [G loss: 718.655329] [Rec loss: 3.903703] [LR C: 0.000001] [LR G: 0.000010]
++++++++++++++++++++++++++++++++
++++++++++++++++++++++++++++++++
[Epoch 19/100] [Avg D loss: -26.689033] [Avg G loss: 640.640977] [Avg Rec loss: 3.302161]
[Epoch 19/100] [D Val loss: 24.037401] [G loss: 681.377732] [Rec loss: 3.686979] [LR C: 0.000001] [LR G: 0.000010]
++++++++++++++++++++++++++++++++
++++++++++++++++++++++++++++++++
[Epoch 20/100] [Avg D loss: -28.447802] [Avg G loss: 633.818544] [Avg Rec loss: 3.262192]
[Epoch 20/100] [D Val loss: 20.987981] [G loss: 646.456770] [Rec loss: 3.482490] [LR C: 0.000001] [LR G: 0.000010]
++++++++++++++++++++++++++++++++
++++++++++++++++++++++++++++++++
[Epoch 21/100] [Avg D loss: -30.332010] [Avg G loss: 628.196439] [Avg Rec loss: 3.227239]
[Epoch 21/100] [D Val loss: 27.336618] [G loss: 642.846743] [Rec loss: 3.501015] [LR C: 0.000001] [LR G: 0.000010]
++++++++++++++++++++++++++++++++
++++++++++++++++++++++++++++++++
[Epoch 22/100] [Avg D loss: -31.402800] [Avg G loss: 638.037416] [Avg Rec loss: 3.276516]
[Epoch 22/100] [D Val loss: 25.055161] [G loss: 606.737744] [Rec loss: 3.301285] [LR C: 0.000000] [LR G: 0.000001]
++++++++++++++++++++++++++++++++
++++++++++++++++++++++++++++++++
[Epoch 23/100] [Avg D loss: -31.540561] [Avg G loss: 605.181861] [Avg Rec loss: 3.102758]
[Epoch 23/100] [D Val loss: 31.400209] [G loss: 676.976603] [Rec loss: 3.697939] [LR C: 0.000000] [LR G: 0.000001]
++++++++++++++++++++++++++++++++
++++++++++++++++++++++++++++++++
[Epoch 24/100] [Avg D loss: -31.717495] [Avg G loss: 624.983416] [Avg Rec loss: 3.207556]
[Epoch 24/100] [D Val loss: 26.187749] [G loss: 619.797642] [Rec loss: 3.372873] [LR C: 0.000000] [LR G: 0.000001]
++++++++++++++++++++++++++++++++
++++++++++++++++++++++++++++++++
[Epoch 25/100] [Avg D loss: -31.922110] [Avg G loss: 614.005532] [Avg Rec loss: 3.149159]
[Epoch 25/100] [D Val loss: 27.928683] [G loss: 635.407901] [Rec loss: 3.463414] [LR C: 0.000000] [LR G: 0.000001]
++++++++++++++++++++++++++++++++
++++++++++++++++++++++++++++++++
[Epoch 26/100] [Avg D loss: -32.066645] [Avg G loss: 610.891724] [Avg Rec loss: 3.132147]
[Epoch 26/100] [D Val loss: 36.507787] [G loss: 678.515834] [Rec loss: 3.737412] [LR C: 0.000000] [LR G: 0.000001]
++++++++++++++++++++++++++++++++
++++++++++++++++++++++++++++++++
[Epoch 27/100] [Avg D loss: -32.297068] [Avg G loss: 632.186912] [Avg Rec loss: 3.243695]
[Epoch 27/100] [D Val loss: 27.594486] [G loss: 633.681415] [Rec loss: 3.449572] [LR C: 0.000000] [LR G: 0.000001]
++++++++++++++++++++++++++++++++
++++++++++++++++++++++++++++++++
[Epoch 28/100] [Avg D loss: -32.453076] [Avg G loss: 601.179285] [Avg Rec loss: 3.079361]
[Epoch 28/100] [D Val loss: 41.172291] [G loss: 694.257019] [Rec loss: 3.843908] [LR C: 0.000000] [LR G: 0.000001]
++++++++++++++++++++++++++++++++
++++++++++++++++++++++++++++++++
[Epoch 29/100] [Avg D loss: -32.634336] [Avg G loss: 621.375705] [Avg Rec loss: 3.186181]
[Epoch 29/100] [D Val loss: 28.328635] [G loss: 649.216356] [Rec loss: 3.532644] [LR C: 0.000000] [LR G: 0.000001]
++++++++++++++++++++++++++++++++
++++++++++++++++++++++++++++++++
[Epoch 30/100] [Avg D loss: -32.835403] [Avg G loss: 610.912823] [Avg Rec loss: 3.130595]
[Epoch 30/100] [D Val loss: 34.192214] [G loss: 652.481672] [Rec loss: 3.586497] [LR C: 0.000000] [LR G: 0.000001]
++++++++++++++++++++++++++++++++
++++++++++++++++++++++++++++++++
[Epoch 31/100] [Avg D loss: -32.994126] [Avg G loss: 609.217939] [Avg Rec loss: 3.121062]
[Epoch 31/100] [D Val loss: 37.442510] [G loss: 690.303857] [Rec loss: 3.798197] [LR C: 0.000000] [LR G: 0.000001]
++++++++++++++++++++++++++++++++
++++++++++++++++++++++++++++++++
[Epoch 32/100] [Avg D loss: -33.239978] [Avg G loss: 629.280856] [Avg Rec loss: 3.226060]
[Epoch 32/100] [D Val loss: 30.759680] [G loss: 639.056825] [Rec loss: 3.494574] [LR C: 0.000000] [LR G: 0.000001]
++++++++++++++++++++++++++++++++
++++++++++++++++++++++++++++++++
[Epoch 33/100] [Avg D loss: -33.358794] [Avg G loss: 599.216175] [Avg Rec loss: 3.066611]
[Epoch 33/100] [D Val loss: 39.622907] [G loss: 675.598247] [Rec loss: 3.737312] [LR C: 0.000000] [LR G: 0.000000]
++++++++++++++++++++++++++++++++
++++++++++++++++++++++++++++++++
[Epoch 34/100] [Avg D loss: -33.377168] [Avg G loss: 619.208684] [Avg Rec loss: 3.172835]
[Epoch 34/100] [D Val loss: 32.423733] [G loss: 644.370719] [Rec loss: 3.533428] [LR C: 0.000000] [LR G: 0.000000]
++++++++++++++++++++++++++++++++
++++++++++++++++++++++++++++++++
[Epoch 35/100] [Avg D loss: -33.385526] [Avg G loss: 608.849907] [Avg Rec loss: 3.118329]
[Epoch 35/100] [D Val loss: 31.466387] [G loss: 648.139661] [Rec loss: 3.545470] [LR C: 0.000000] [LR G: 0.000000]
++++++++++++++++++++++++++++++++
++++++++++++++++++++++++++++++++
[Epoch 36/100] [Avg D loss: -33.394909] [Avg G loss: 608.078798] [Avg Rec loss: 3.113948]
[Epoch 36/100] [D Val loss: 36.538549] [G loss: 676.039748] [Rec loss: 3.720597] [LR C: 0.000000] [LR G: 0.000000]
++++++++++++++++++++++++++++++++
++++++++++++++++++++++++++++++++
[Epoch 37/100] [Avg D loss: -33.400192] [Avg G loss: 625.645061] [Avg Rec loss: 3.206562]
[Epoch 37/100] [D Val loss: 32.747052] [G loss: 650.690867] [Rec loss: 3.565756] [LR C: 0.000000] [LR G: 0.000000]
++++++++++++++++++++++++++++++++
++++++++++++++++++++++++++++++++
[Epoch 38/100] [Avg D loss: -33.417327] [Avg G loss: 598.265648] [Avg Rec loss: 3.061537]
[Epoch 38/100] [D Val loss: 43.161209] [G loss: 686.545631] [Rec loss: 3.814006] [LR C: 0.000000] [LR G: 0.000000]
++++++++++++++++++++++++++++++++
++++++++++++++++++++++++++++++++
[Epoch 39/100] [Avg D loss: -33.430523] [Avg G loss: 618.511224] [Avg Rec loss: 3.169102]
[Epoch 39/100] [D Val loss: 33.954579] [G loss: 652.310548] [Rec loss: 3.582378] [LR C: 0.000000] [LR G: 0.000000]
++++++++++++++++++++++++++++++++
++++++++++++++++++++++++++++++++
[Epoch 40/100] [Avg D loss: -33.454738] [Avg G loss: 608.210634] [Avg Rec loss: 3.114855]
[Epoch 40/100] [D Val loss: 33.263553] [G loss: 653.957812] [Rec loss: 3.586639] [LR C: 0.000000] [LR G: 0.000000]
++++++++++++++++++++++++++++++++
++++++++++++++++++++++++++++++++
[Epoch 41/100] [Avg D loss: -33.459941] [Avg G loss: 607.435954] [Avg Rec loss: 3.110436]
[Epoch 41/100] [D Val loss: 37.544525] [G loss: 681.760252] [Rec loss: 3.754826] [LR C: 0.000000] [LR G: 0.000000]
++++++++++++++++++++++++++++++++
++++++++++++++++++++++++++++++++
[Epoch 42/100] [Avg D loss: -33.475372] [Avg G loss: 625.695037] [Avg Rec loss: 3.206682]
[Epoch 42/100] [D Val loss: 31.739535] [G loss: 656.722938] [Rec loss: 3.589088] [LR C: 0.000000] [LR G: 0.000000]
++++++++++++++++++++++++++++++++
++++++++++++++++++++++++++++++++
[Epoch 43/100] [Avg D loss: -33.497853] [Avg G loss: 597.860435] [Avg Rec loss: 3.059229]
[Epoch 43/100] [D Val loss: 40.352412] [G loss: 694.486352] [Rec loss: 3.837553] [LR C: 0.000000] [LR G: 0.000000]
++++++++++++++++++++++++++++++++
++++++++++++++++++++++++++++++++
[Epoch 44/100] [Avg D loss: -33.506453] [Avg G loss: 618.118219] [Avg Rec loss: 3.166878]
[Epoch 44/100] [D Val loss: 35.520720] [G loss: 653.965936] [Rec loss: 3.600229] [LR C: 0.000000] [LR G: 0.000000]
++++++++++++++++++++++++++++++++
++++++++++++++++++++++++++++++++
[Epoch 45/100] [Avg D loss: -33.524544] [Avg G loss: 607.878316] [Avg Rec loss: 3.112939]
[Epoch 45/100] [D Val loss: 33.713168] [G loss: 656.718319] [Rec loss: 3.602742] [LR C: 0.000000] [LR G: 0.000000]
++++++++++++++++++++++++++++++++
++++++++++++++++++++++++++++++++
[Epoch 46/100] [Avg D loss: -33.557408] [Avg G loss: 607.208255] [Avg Rec loss: 3.109016]
[Epoch 46/100] [D Val loss: 37.416403] [G loss: 683.070238] [Rec loss: 3.760597] [LR C: 0.000000] [LR G: 0.000000]
++++++++++++++++++++++++++++++++
++++++++++++++++++++++++++++++++
[Epoch 47/100] [Avg D loss: -33.577244] [Avg G loss: 625.356113] [Avg Rec loss: 3.204664]
[Epoch 47/100] [D Val loss: 37.549058] [G loss: 653.205471] [Rec loss: 3.608545] [LR C: 0.000000] [LR G: 0.000000]
++++++++++++++++++++++++++++++++
++++++++++++++++++++++++++++++++
[Epoch 48/100] [Avg D loss: -33.593542] [Avg G loss: 597.520857] [Avg Rec loss: 3.057183]
[Epoch 48/100] [D Val loss: 40.867211] [G loss: 694.620712] [Rec loss: 3.840323] [LR C: 0.000000] [LR G: 0.000000]
++++++++++++++++++++++++++++++++
++++++++++++++++++++++++++++++++
[Epoch 49/100] [Avg D loss: -33.619192] [Avg G loss: 618.097561] [Avg Rec loss: 3.166495]
[Epoch 49/100] [D Val loss: 33.841891] [G loss: 656.324801] [Rec loss: 3.601299] [LR C: 0.000000] [LR G: 0.000000]
++++++++++++++++++++++++++++++++
++++++++++++++++++++++++++++++++
[Epoch 50/100] [Avg D loss: -33.634457] [Avg G loss: 607.868897] [Avg Rec loss: 3.112620]
[Epoch 50/100] [D Val loss: 35.420218] [G loss: 654.857461] [Rec loss: 3.603536] [LR C: 0.000000] [LR G: 0.000000]
++++++++++++++++++++++++++++++++
++++++++++++++++++++++++++++++++
[Epoch 51/100] [Avg D loss: -33.659609] [Avg G loss: 607.203855] [Avg Rec loss: 3.108725]
[Epoch 51/100] [D Val loss: 43.410232] [G loss: 675.835299] [Rec loss: 3.761095] [LR C: 0.000000] [LR G: 0.000000]
++++++++++++++++++++++++++++++++
++++++++++++++++++++++++++++++++
[Epoch 52/100] [Avg D loss: -33.668066] [Avg G loss: 625.392387] [Avg Rec loss: 3.204593]
[Epoch 52/100] [D Val loss: 33.406556] [G loss: 658.586521] [Rec loss: 3.608866] [LR C: 0.000000] [LR G: 0.000000]
++++++++++++++++++++++++++++++++
++++++++++++++++++++++++++++++++
[Epoch 53/100] [Avg D loss: -33.687678] [Avg G loss: 597.555458] [Avg Rec loss: 3.057103]
[Epoch 53/100] [D Val loss: 45.910944] [G loss: 688.820297] [Rec loss: 3.841356] [LR C: 0.000000] [LR G: 0.000000]
++++++++++++++++++++++++++++++++
++++++++++++++++++++++++++++++++
[Epoch 54/100] [Avg D loss: -33.706970] [Avg G loss: 618.089235] [Avg Rec loss: 3.166184]
[Epoch 54/100] [D Val loss: 35.932551] [G loss: 653.869705] [Rec loss: 3.602183] [LR C: 0.000000] [LR G: 0.000000]
++++++++++++++++++++++++++++++++
++++++++++++++++++++++++++++++++
[Epoch 55/100] [Avg D loss: -33.744204] [Avg G loss: 607.872310] [Avg Rec loss: 3.112366]
[Epoch 55/100] [D Val loss: 32.439662] [G loss: 658.742231] [Rec loss: 3.603855] [LR C: 0.000000] [LR G: 0.000000]
++++++++++++++++++++++++++++++++
++++++++++++++++++++++++++++++++
[Epoch 56/100] [Avg D loss: -33.758167] [Avg G loss: 607.211456] [Avg Rec loss: 3.108495]
[Epoch 56/100] [D Val loss: 38.325028] [G loss: 682.216168] [Rec loss: 3.761163] [LR C: 0.000000] [LR G: 0.000000]
++++++++++++++++++++++++++++++++
++++++++++++++++++++++++++++++++
[Epoch 57/100] [Avg D loss: -33.775360] [Avg G loss: 625.434225] [Avg Rec loss: 3.204546]
[Epoch 57/100] [D Val loss: 38.413182] [G loss: 652.670505] [Rec loss: 3.609793] [LR C: 0.000000] [LR G: 0.000000]
++++++++++++++++++++++++++++++++
++++++++++++++++++++++++++++++++
[Epoch 58/100] [Avg D loss: -33.784128] [Avg G loss: 597.585179] [Avg Rec loss: 3.056993]
[Epoch 58/100] [D Val loss: 41.381765] [G loss: 694.493166] [Rec loss: 3.841902] [LR C: 0.000000] [LR G: 0.000000]
++++++++++++++++++++++++++++++++
++++++++++++++++++++++++++++++++
[Epoch 59/100] [Avg D loss: -33.808096] [Avg G loss: 618.088922] [Avg Rec loss: 3.165925]
[Epoch 59/100] [D Val loss: 36.807075] [G loss: 652.688870] [Rec loss: 3.602708] [LR C: 0.000000] [LR G: 0.000000]
++++++++++++++++++++++++++++++++
++++++++++++++++++++++++++++++++
[Epoch 60/100] [Avg D loss: -33.829986] [Avg G loss: 607.877588] [Avg Rec loss: 3.112141]
[Epoch 60/100] [D Val loss: 37.069667] [G loss: 652.893716] [Rec loss: 3.604837] [LR C: 0.000000] [LR G: 0.000000]
++++++++++++++++++++++++++++++++
++++++++++++++++++++++++++++++++
[Epoch 61/100] [Avg D loss: -33.858028] [Avg G loss: 607.218683] [Avg Rec loss: 3.108275]
[Epoch 61/100] [D Val loss: 36.256320] [G loss: 685.101598] [Rec loss: 3.762033] [LR C: 0.000000] [LR G: 0.000000]
++++++++++++++++++++++++++++++++
++++++++++++++++++++++++++++++++
[Epoch 62/100] [Avg D loss: -33.883042] [Avg G loss: 625.474273] [Avg Rec loss: 3.204488]
[Epoch 62/100] [D Val loss: 36.389486] [G loss: 655.098363] [Rec loss: 3.610137] [LR C: 0.000000] [LR G: 0.000000]
++++++++++++++++++++++++++++++++
++++++++++++++++++++++++++++++++
[Epoch 63/100] [Avg D loss: -33.901492] [Avg G loss: 597.612281] [Avg Rec loss: 3.056861]
[Epoch 63/100] [D Val loss: 43.388345] [G loss: 692.014897] [Rec loss: 3.841598] [LR C: 0.000000] [LR G: 0.000000]
++++++++++++++++++++++++++++++++
++++++++++++++++++++++++++++++++
[Epoch 64/100] [Avg D loss: -33.915266] [Avg G loss: 618.092631] [Avg Rec loss: 3.165677]
[Epoch 64/100] [D Val loss: 38.477465] [G loss: 650.702814] [Rec loss: 3.603184] [LR C: 0.000000] [LR G: 0.000000]
++++++++++++++++++++++++++++++++
++++++++++++++++++++++++++++++++
[Epoch 65/100] [Avg D loss: -33.931767] [Avg G loss: 607.885800] [Avg Rec loss: 3.111918]
[Epoch 65/100] [D Val loss: 37.391120] [G loss: 652.447949] [Rec loss: 3.604639] [LR C: 0.000000] [LR G: 0.000000]
++++++++++++++++++++++++++++++++
++++++++++++++++++++++++++++++++
[Epoch 66/100] [Avg D loss: -33.956485] [Avg G loss: 607.231128] [Avg Rec loss: 3.108077]
[Epoch 66/100] [D Val loss: 37.135283] [G loss: 684.025900] [Rec loss: 3.762039] [LR C: 0.000000] [LR G: 0.000000]
++++++++++++++++++++++++++++++++
++++++++++++++++++++++++++++++++
[Epoch 67/100] [Avg D loss: -33.977155] [Avg G loss: 625.511244] [Avg Rec loss: 3.204427]
[Epoch 67/100] [D Val loss: 36.804631] [G loss: 654.657036] [Rec loss: 3.610518] [LR C: 0.000000] [LR G: 0.000000]
++++++++++++++++++++++++++++++++
++++++++++++++++++++++++++++++++
[Epoch 68/100] [Avg D loss: -33.993676] [Avg G loss: 597.634814] [Avg Rec loss: 3.056725]
[Epoch 68/100] [D Val loss: 43.940753] [G loss: 691.417892] [Rec loss: 3.842582] [LR C: 0.000000] [LR G: 0.000000]
++++++++++++++++++++++++++++++++
++++++++++++++++++++++++++++++++
[Epoch 69/100] [Avg D loss: -34.007935] [Avg G loss: 618.098598] [Avg Rec loss: 3.165451]
[Epoch 69/100] [D Val loss: 36.093507] [G loss: 653.723468] [Rec loss: 3.603292] [LR C: 0.000000] [LR G: 0.000000]
++++++++++++++++++++++++++++++++
++++++++++++++++++++++++++++++++
[Epoch 70/100] [Avg D loss: -34.041089] [Avg G loss: 607.897399] [Avg Rec loss: 3.111712]
[Epoch 70/100] [D Val loss: 37.697749] [G loss: 652.383757] [Rec loss: 3.605210] [LR C: 0.000000] [LR G: 0.000000]
++++++++++++++++++++++++++++++++
++++++++++++++++++++++++++++++++
[Epoch 71/100] [Avg D loss: -34.054598] [Avg G loss: 607.244766] [Avg Rec loss: 3.107878]
[Epoch 71/100] [D Val loss: 39.868158] [G loss: 680.796810] [Rec loss: 3.762867] [LR C: 0.000000] [LR G: 0.000000]
++++++++++++++++++++++++++++++++
++++++++++++++++++++++++++++++++
[Epoch 72/100] [Avg D loss: -34.081969] [Avg G loss: 625.549540] [Avg Rec loss: 3.204361]
[Epoch 72/100] [D Val loss: 33.591615] [G loss: 659.148006] [Rec loss: 3.611298] [LR C: 0.000000] [LR G: 0.000000]
++++++++++++++++++++++++++++++++
++++++++++++++++++++++++++++++++
[Epoch 73/100] [Avg D loss: -34.093505] [Avg G loss: 597.657292] [Avg Rec loss: 3.056576]
[Epoch 73/100] [D Val loss: 41.778428] [G loss: 694.143302] [Rec loss: 3.842662] [LR C: 0.000000] [LR G: 0.000000]
++++++++++++++++++++++++++++++++
++++++++++++++++++++++++++++++++
[Epoch 74/100] [Avg D loss: -34.111211] [Avg G loss: 618.106447] [Avg Rec loss: 3.165232]
[Epoch 74/100] [D Val loss: 33.567269] [G loss: 657.512179] [Rec loss: 3.603826] [LR C: 0.000000] [LR G: 0.000000]
++++++++++++++++++++++++++++++++
++++++++++++++++++++++++++++++++
[Epoch 75/100] [Avg D loss: -34.129197] [Avg G loss: 607.908916] [Avg Rec loss: 3.111521]
[Epoch 75/100] [D Val loss: 36.306038] [G loss: 654.127543] [Rec loss: 3.605305] [LR C: 0.000000] [LR G: 0.000000]
++++++++++++++++++++++++++++++++
++++++++++++++++++++++++++++++++
[Epoch 76/100] [Avg D loss: -34.159229] [Avg G loss: 607.257038] [Avg Rec loss: 3.107687]
[Epoch 76/100] [D Val loss: 37.862310] [G loss: 683.506718] [Rec loss: 3.763316] [LR C: 0.000000] [LR G: 0.000000]
++++++++++++++++++++++++++++++++
++++++++++++++++++++++++++++++++
[Epoch 77/100] [Avg D loss: -34.171816] [Avg G loss: 625.586710] [Avg Rec loss: 3.204297]
[Epoch 77/100] [D Val loss: 36.301986] [G loss: 655.507070] [Rec loss: 3.611561] [LR C: 0.000000] [LR G: 0.000000]
++++++++++++++++++++++++++++++++
++++++++++++++++++++++++++++++++
[Epoch 78/100] [Avg D loss: -34.190377] [Avg G loss: 597.679902] [Avg Rec loss: 3.056424]
[Epoch 78/100] [D Val loss: 42.758501] [G loss: 693.247490] [Rec loss: 3.843581] [LR C: 0.000000] [LR G: 0.000000]
++++++++++++++++++++++++++++++++
++++++++++++++++++++++++++++++++
[Epoch 79/100] [Avg D loss: -34.211260] [Avg G loss: 618.116500] [Avg Rec loss: 3.165017]
[Epoch 79/100] [D Val loss: 32.743687] [G loss: 658.462055] [Rec loss: 3.604358] [LR C: 0.000000] [LR G: 0.000000]
++++++++++++++++++++++++++++++++
++++++++++++++++++++++++++++++++
[Epoch 80/100] [Avg D loss: -34.221638] [Avg G loss: 607.920778] [Avg Rec loss: 3.111319]
[Epoch 80/100] [D Val loss: 38.727440] [G loss: 651.358357] [Rec loss: 3.605921] [LR C: 0.000000] [LR G: 0.000000]
++++++++++++++++++++++++++++++++
++++++++++++++++++++++++++++++++
[Epoch 81/100] [Avg D loss: -34.258163] [Avg G loss: 607.273924] [Avg Rec loss: 3.107513]
[Epoch 81/100] [D Val loss: 41.964781] [G loss: 678.412391] [Rec loss: 3.763848] [LR C: 0.000000] [LR G: 0.000000]
++++++++++++++++++++++++++++++++
++++++++++++++++++++++++++++++++
[Epoch 82/100] [Avg D loss: -34.271854] [Avg G loss: 625.622862] [Avg Rec loss: 3.204230]
[Epoch 82/100] [D Val loss: 37.677226] [G loss: 654.293162] [Rec loss: 3.612228] [LR C: 0.000000] [LR G: 0.000000]
++++++++++++++++++++++++++++++++
++++++++++++++++++++++++++++++++
[Epoch 83/100] [Avg D loss: -34.281259] [Avg G loss: 597.701907] [Avg Rec loss: 3.056287]
[Epoch 83/100] [D Val loss: 49.552236] [G loss: 684.918962] [Rec loss: 3.844213] [LR C: 0.000000] [LR G: 0.000000]
++++++++++++++++++++++++++++++++
++++++++++++++++++++++++++++++++
[Epoch 84/100] [Avg D loss: -34.324859] [Avg G loss: 618.126201] [Avg Rec loss: 3.164813]
[Epoch 84/100] [D Val loss: 37.447897] [G loss: 653.031860] [Rec loss: 3.604950] [LR C: 0.000000] [LR G: 0.000000]
++++++++++++++++++++++++++++++++
++++++++++++++++++++++++++++++++
[Epoch 85/100] [Avg D loss: -34.342239] [Avg G loss: 607.935291] [Avg Rec loss: 3.111135]
[Epoch 85/100] [D Val loss: 34.313776] [G loss: 657.046952] [Rec loss: 3.606591] [LR C: 0.000000] [LR G: 0.000000]
++++++++++++++++++++++++++++++++
++++++++++++++++++++++++++++++++
[Epoch 86/100] [Avg D loss: -34.356730] [Avg G loss: 607.294084] [Avg Rec loss: 3.107347]
[Epoch 86/100] [D Val loss: 37.522366] [G loss: 684.035897] [Rec loss: 3.763294] [LR C: 0.000000] [LR G: 0.000000]
++++++++++++++++++++++++++++++++
++++++++++++++++++++++++++++++++
[Epoch 87/100] [Avg D loss: -34.364155] [Avg G loss: 625.656895] [Avg Rec loss: 3.204140]
[Epoch 87/100] [D Val loss: 36.636531] [G loss: 655.657718] [Rec loss: 3.612760] [LR C: 0.000000] [LR G: 0.000000]
++++++++++++++++++++++++++++++++
++++++++++++++++++++++++++++++++
[Epoch 88/100] [Avg D loss: -34.383839] [Avg G loss: 597.722913] [Avg Rec loss: 3.056130]
[Epoch 88/100] [D Val loss: 42.185288] [G loss: 694.015523] [Rec loss: 3.844683] [LR C: 0.000000] [LR G: 0.000000]
++++++++++++++++++++++++++++++++
++++++++++++++++++++++++++++++++
[Epoch 89/100] [Avg D loss: -34.415822] [Avg G loss: 618.138305] [Avg Rec loss: 3.164615]
[Epoch 89/100] [D Val loss: 36.270804] [G loss: 654.512407] [Rec loss: 3.604947] [LR C: 0.000000] [LR G: 0.000000]
++++++++++++++++++++++++++++++++
++++++++++++++++++++++++++++++++
[Epoch 90/100] [Avg D loss: -34.424232] [Avg G loss: 607.949116] [Avg Rec loss: 3.110953]
[Epoch 90/100] [D Val loss: 37.567715] [G loss: 653.130756] [Rec loss: 3.606785] [LR C: 0.000000] [LR G: 0.000000]
++++++++++++++++++++++++++++++++
++++++++++++++++++++++++++++++++
[Epoch 91/100] [Avg D loss: -34.451073] [Avg G loss: 607.310250] [Avg Rec loss: 3.107180]
[Epoch 91/100] [D Val loss: 42.619316] [G loss: 677.714178] [Rec loss: 3.763969] [LR C: 0.000000] [LR G: 0.000000]
++++++++++++++++++++++++++++++++
++++++++++++++++++++++++++++++++
[Epoch 92/100] [Avg D loss: -34.473651] [Avg G loss: 625.691207] [Avg Rec loss: 3.204064]
[Epoch 92/100] [D Val loss: 36.080297] [G loss: 656.545525] [Rec loss: 3.613032] [LR C: 0.000000] [LR G: 0.000000]
++++++++++++++++++++++++++++++++
++++++++++++++++++++++++++++++++
[Epoch 93/100] [Avg D loss: -34.497598] [Avg G loss: 597.745136] [Avg Rec loss: 3.055981]
[Epoch 93/100] [D Val loss: 43.708057] [G loss: 692.608860] [Rec loss: 3.845284] [LR C: 0.000000] [LR G: 0.000000]
++++++++++++++++++++++++++++++++
++++++++++++++++++++++++++++++++
[Epoch 94/100] [Avg D loss: -34.512291] [Avg G loss: 618.153179] [Avg Rec loss: 3.164423]
[Epoch 94/100] [D Val loss: 35.845119] [G loss: 655.174715] [Rec loss: 3.605478] [LR C: 0.000000] [LR G: 0.000000]
++++++++++++++++++++++++++++++++
++++++++++++++++++++++++++++++++
[Epoch 95/100] [Avg D loss: -34.534779] [Avg G loss: 607.965709] [Avg Rec loss: 3.110774]
[Epoch 95/100] [D Val loss: 36.068053] [G loss: 655.160752] [Rec loss: 3.607596] [LR C: 0.000000] [LR G: 0.000000]
++++++++++++++++++++++++++++++++
++++++++++++++++++++++++++++++++
[Epoch 96/100] [Avg D loss: -34.554954] [Avg G loss: 607.328955] [Avg Rec loss: 3.107013]
[Epoch 96/100] [D Val loss: 38.194909] [G loss: 683.333448] [Rec loss: 3.764471] [LR C: 0.000000] [LR G: 0.000000]
++++++++++++++++++++++++++++++++
++++++++++++++++++++++++++++++++
[Epoch 97/100] [Avg D loss: -34.571007] [Avg G loss: 625.726502] [Avg Rec loss: 3.203988]
[Epoch 97/100] [D Val loss: 31.674408] [G loss: 662.084178] [Rec loss: 3.613437] [LR C: 0.000000] [LR G: 0.000000]
++++++++++++++++++++++++++++++++
++++++++++++++++++++++++++++++++
[Epoch 98/100] [Avg D loss: -34.585040] [Avg G loss: 597.764849] [Avg Rec loss: 3.055829]
[Epoch 98/100] [D Val loss: 42.586865] [G loss: 694.122198] [Rec loss: 3.845432] [LR C: 0.000000] [LR G: 0.000000]
++++++++++++++++++++++++++++++++
++++++++++++++++++++++++++++++++
[Epoch 99/100] [Avg D loss: -34.621157] [Avg G loss: 618.161287] [Avg Rec loss: 3.164214]
[Epoch 99/100] [D Val loss: 46.999233] [G loss: 640.984283] [Rec loss: 3.606138] [LR C: 0.000000] [LR G: 0.000000]
++++++++++++++++++++++++++++++++
++++++++++++++++++++++++++++++++
[Epoch 100/100] [Avg D loss: -34.626505] [Avg G loss: 607.981972] [Avg Rec loss: 3.110603]
[Epoch 100/100] [D Val loss: 39.351144] [G loss: 651.095053] [Rec loss: 3.607498] [LR C: 0.000000] [LR G: 0.000000]
++++++++++++++++++++++++++++++++
wandb: Waiting for W&B process to finish... (success).
wandb: - 0.000 MB of 0.000 MB uploaded (0.000 MB deduped)
wandb: \ 0.000 MB of 0.000 MB uploaded (0.000 MB deduped)
wandb:                                                                                
wandb: You can sync this run to the cloud by running:
wandb: wandb sync /cpfs01/projects-HDD/cfff-4a8d9af84f66_HDD/public/ShiXiSheng/yzy/yzy_results/ex22_onestepwgan_cri5_190_weightmae_aheadtop_0.008/wandb/offline-run-20241113_161356-jiiyfpm3wgan
wandb: Find logs at: ./yzy_results/ex22_onestepwgan_cri5_190_weightmae_aheadtop_0.008/wandb/offline-run-20241113_161356-jiiyfpm3wgan/logs
/cpfs01/projects-HDD/cfff-4a8d9af84f66_HDD/yinzunyi/py3.9/lib/python3.9/site-packages/xarray/core/concat.py:527: FutureWarning: unique with argument that is not not a Series, Index, ExtensionArray, or np.ndarray is deprecated and will raise in a future version.
  common_dims = tuple(pd.unique([d for v in vars for d in v.dims]))
/cpfs01/projects-HDD/cfff-4a8d9af84f66_HDD/public/ShiXiSheng/yzy/precipitation_downscaling-bing_issue09_bias_correction/models/network_unet.py:217: UserWarning: nn.init.xavier_uniform is now deprecated in favor of nn.init.xavier_uniform_.
  torch.nn.init.xavier_uniform(self.output.weight)
wandb: Tracking run with wandb version 0.13.2
wandb: W&B syncing is set to `offline` in this directory.  
wandb: Run `wandb online` or set WANDB_MODE=online to enable cloud syncing.
/cpfs01/projects-HDD/cfff-4a8d9af84f66_HDD/public/ShiXiSheng/yzy/precipitation_downscaling-bing_issue09_bias_correction/train_scripts/wgan_train.py:33: UserWarning: To copy construct from a tensor, it is recommended to use sourceTensor.clone().detach() or sourceTensor.clone().detach().requires_grad_(True), rather than torch.tensor(sourceTensor).
  weights = torch.tensor(y_true,requires_grad=False) #
The patch size for prepitation is 16
K 值是多少让我看看： 0.008
self.prcp_indexes: [4, 5, 9]
Going to open the following files: /cpfs01/projects-HDD/cfff-4a8d9af84f66_HDD/public/ShiXiSheng/yzy/downscaling_precipitation/precip_dataset_new/train
Going to open the following files: [PosixPath('/cpfs01/projects-HDD/cfff-4a8d9af84f66_HDD/public/ShiXiSheng/yzy/downscaling_precipitation/precip_dataset_new/train/preproc_ifs_radklim_2016-01.nc'), PosixPath('/cpfs01/projects-HDD/cfff-4a8d9af84f66_HDD/public/ShiXiSheng/yzy/downscaling_precipitation/precip_dataset_new/train/preproc_ifs_radklim_2016-02.nc'), PosixPath('/cpfs01/projects-HDD/cfff-4a8d9af84f66_HDD/public/ShiXiSheng/yzy/downscaling_precipitation/precip_dataset_new/train/preproc_ifs_radklim_2016-03.nc'), PosixPath('/cpfs01/projects-HDD/cfff-4a8d9af84f66_HDD/public/ShiXiSheng/yzy/downscaling_precipitation/precip_dataset_new/train/preproc_ifs_radklim_2016-04.nc'), PosixPath('/cpfs01/projects-HDD/cfff-4a8d9af84f66_HDD/public/ShiXiSheng/yzy/downscaling_precipitation/precip_dataset_new/train/preproc_ifs_radklim_2016-05.nc'), PosixPath('/cpfs01/projects-HDD/cfff-4a8d9af84f66_HDD/public/ShiXiSheng/yzy/downscaling_precipitation/precip_dataset_new/train/preproc_ifs_radklim_2016-06.nc'), PosixPath('/cpfs01/projects-HDD/cfff-4a8d9af84f66_HDD/public/ShiXiSheng/yzy/downscaling_precipitation/precip_dataset_new/train/preproc_ifs_radklim_2016-07.nc'), PosixPath('/cpfs01/projects-HDD/cfff-4a8d9af84f66_HDD/public/ShiXiSheng/yzy/downscaling_precipitation/precip_dataset_new/train/preproc_ifs_radklim_2018-02.nc'), PosixPath('/cpfs01/projects-HDD/cfff-4a8d9af84f66_HDD/public/ShiXiSheng/yzy/downscaling_precipitation/precip_dataset_new/train/preproc_ifs_radklim_2018-03.nc'), PosixPath('/cpfs01/projects-HDD/cfff-4a8d9af84f66_HDD/public/ShiXiSheng/yzy/downscaling_precipitation/precip_dataset_new/train/preproc_ifs_radklim_2018-04.nc'), PosixPath('/cpfs01/projects-HDD/cfff-4a8d9af84f66_HDD/public/ShiXiSheng/yzy/downscaling_precipitation/precip_dataset_new/train/preproc_ifs_radklim_2018-05.nc'), PosixPath('/cpfs01/projects-HDD/cfff-4a8d9af84f66_HDD/public/ShiXiSheng/yzy/downscaling_precipitation/precip_dataset_new/train/preproc_ifs_radklim_2018-06.nc'), PosixPath('/cpfs01/projects-HDD/cfff-4a8d9af84f66_HDD/public/ShiXiSheng/yzy/downscaling_precipitation/precip_dataset_new/train/preproc_ifs_radklim_2018-07.nc'), PosixPath('/cpfs01/projects-HDD/cfff-4a8d9af84f66_HDD/public/ShiXiSheng/yzy/downscaling_precipitation/precip_dataset_new/train/preproc_ifs_radklim_2018-08.nc'), PosixPath('/cpfs01/projects-HDD/cfff-4a8d9af84f66_HDD/public/ShiXiSheng/yzy/downscaling_precipitation/precip_dataset_new/train/preproc_ifs_radklim_2018-09.nc'), PosixPath('/cpfs01/projects-HDD/cfff-4a8d9af84f66_HDD/public/ShiXiSheng/yzy/downscaling_precipitation/precip_dataset_new/train/preproc_ifs_radklim_2018-10.nc'), PosixPath('/cpfs01/projects-HDD/cfff-4a8d9af84f66_HDD/public/ShiXiSheng/yzy/downscaling_precipitation/precip_dataset_new/train/preproc_ifs_radklim_2018-11.nc'), PosixPath('/cpfs01/projects-HDD/cfff-4a8d9af84f66_HDD/public/ShiXiSheng/yzy/downscaling_precipitation/precip_dataset_new/train/preproc_ifs_radklim_2018-12.nc'), PosixPath('/cpfs01/projects-HDD/cfff-4a8d9af84f66_HDD/public/ShiXiSheng/yzy/downscaling_precipitation/precip_dataset_new/train/preproc_ifs_radklim_2019-01.nc'), PosixPath('/cpfs01/projects-HDD/cfff-4a8d9af84f66_HDD/public/ShiXiSheng/yzy/downscaling_precipitation/precip_dataset_new/train/preproc_ifs_radklim_2019-02.nc'), PosixPath('/cpfs01/projects-HDD/cfff-4a8d9af84f66_HDD/public/ShiXiSheng/yzy/downscaling_precipitation/precip_dataset_new/train/preproc_ifs_radklim_2019-03.nc'), PosixPath('/cpfs01/projects-HDD/cfff-4a8d9af84f66_HDD/public/ShiXiSheng/yzy/downscaling_precipitation/precip_dataset_new/train/preproc_ifs_radklim_2019-05.nc'), PosixPath('/cpfs01/projects-HDD/cfff-4a8d9af84f66_HDD/public/ShiXiSheng/yzy/downscaling_precipitation/precip_dataset_new/train/preproc_ifs_radklim_2019-06.nc'), PosixPath('/cpfs01/projects-HDD/cfff-4a8d9af84f66_HDD/public/ShiXiSheng/yzy/downscaling_precipitation/precip_dataset_new/train/preproc_ifs_radklim_2019-07.nc'), PosixPath('/cpfs01/projects-HDD/cfff-4a8d9af84f66_HDD/public/ShiXiSheng/yzy/downscaling_precipitation/precip_dataset_new/train/preproc_ifs_radklim_2019-08.nc'), PosixPath('/cpfs01/projects-HDD/cfff-4a8d9af84f66_HDD/public/ShiXiSheng/yzy/downscaling_precipitation/precip_dataset_new/train/preproc_ifs_radklim_2019-09.nc'), PosixPath('/cpfs01/projects-HDD/cfff-4a8d9af84f66_HDD/public/ShiXiSheng/yzy/downscaling_precipitation/precip_dataset_new/train/preproc_ifs_radklim_2019-10.nc'), PosixPath('/cpfs01/projects-HDD/cfff-4a8d9af84f66_HDD/public/ShiXiSheng/yzy/downscaling_precipitation/precip_dataset_new/train/preproc_ifs_radklim_2019-11.nc'), PosixPath('/cpfs01/projects-HDD/cfff-4a8d9af84f66_HDD/public/ShiXiSheng/yzy/downscaling_precipitation/precip_dataset_new/train/preproc_ifs_radklim_2019-12.nc')]
Going to open the following files: [PosixPath('/cpfs01/projects-HDD/cfff-4a8d9af84f66_HDD/public/ShiXiSheng/yzy/downscaling_precipitation/precip_dataset_new/train/preproc_ifs_radklim_2016-01.nc'), PosixPath('/cpfs01/projects-HDD/cfff-4a8d9af84f66_HDD/public/ShiXiSheng/yzy/downscaling_precipitation/precip_dataset_new/train/preproc_ifs_radklim_2016-02.nc'), PosixPath('/cpfs01/projects-HDD/cfff-4a8d9af84f66_HDD/public/ShiXiSheng/yzy/downscaling_precipitation/precip_dataset_new/train/preproc_ifs_radklim_2016-03.nc'), PosixPath('/cpfs01/projects-HDD/cfff-4a8d9af84f66_HDD/public/ShiXiSheng/yzy/downscaling_precipitation/precip_dataset_new/train/preproc_ifs_radklim_2016-04.nc'), PosixPath('/cpfs01/projects-HDD/cfff-4a8d9af84f66_HDD/public/ShiXiSheng/yzy/downscaling_precipitation/precip_dataset_new/train/preproc_ifs_radklim_2016-05.nc'), PosixPath('/cpfs01/projects-HDD/cfff-4a8d9af84f66_HDD/public/ShiXiSheng/yzy/downscaling_precipitation/precip_dataset_new/train/preproc_ifs_radklim_2016-06.nc'), PosixPath('/cpfs01/projects-HDD/cfff-4a8d9af84f66_HDD/public/ShiXiSheng/yzy/downscaling_precipitation/precip_dataset_new/train/preproc_ifs_radklim_2016-07.nc'), PosixPath('/cpfs01/projects-HDD/cfff-4a8d9af84f66_HDD/public/ShiXiSheng/yzy/downscaling_precipitation/precip_dataset_new/train/preproc_ifs_radklim_2018-02.nc'), PosixPath('/cpfs01/projects-HDD/cfff-4a8d9af84f66_HDD/public/ShiXiSheng/yzy/downscaling_precipitation/precip_dataset_new/train/preproc_ifs_radklim_2018-03.nc'), PosixPath('/cpfs01/projects-HDD/cfff-4a8d9af84f66_HDD/public/ShiXiSheng/yzy/downscaling_precipitation/precip_dataset_new/train/preproc_ifs_radklim_2018-04.nc'), PosixPath('/cpfs01/projects-HDD/cfff-4a8d9af84f66_HDD/public/ShiXiSheng/yzy/downscaling_precipitation/precip_dataset_new/train/preproc_ifs_radklim_2018-05.nc'), PosixPath('/cpfs01/projects-HDD/cfff-4a8d9af84f66_HDD/public/ShiXiSheng/yzy/downscaling_precipitation/precip_dataset_new/train/preproc_ifs_radklim_2018-06.nc'), PosixPath('/cpfs01/projects-HDD/cfff-4a8d9af84f66_HDD/public/ShiXiSheng/yzy/downscaling_precipitation/precip_dataset_new/train/preproc_ifs_radklim_2018-07.nc'), PosixPath('/cpfs01/projects-HDD/cfff-4a8d9af84f66_HDD/public/ShiXiSheng/yzy/downscaling_precipitation/precip_dataset_new/train/preproc_ifs_radklim_2018-08.nc'), PosixPath('/cpfs01/projects-HDD/cfff-4a8d9af84f66_HDD/public/ShiXiSheng/yzy/downscaling_precipitation/precip_dataset_new/train/preproc_ifs_radklim_2018-09.nc'), PosixPath('/cpfs01/projects-HDD/cfff-4a8d9af84f66_HDD/public/ShiXiSheng/yzy/downscaling_precipitation/precip_dataset_new/train/preproc_ifs_radklim_2018-10.nc'), PosixPath('/cpfs01/projects-HDD/cfff-4a8d9af84f66_HDD/public/ShiXiSheng/yzy/downscaling_precipitation/precip_dataset_new/train/preproc_ifs_radklim_2018-11.nc'), PosixPath('/cpfs01/projects-HDD/cfff-4a8d9af84f66_HDD/public/ShiXiSheng/yzy/downscaling_precipitation/precip_dataset_new/train/preproc_ifs_radklim_2018-12.nc'), PosixPath('/cpfs01/projects-HDD/cfff-4a8d9af84f66_HDD/public/ShiXiSheng/yzy/downscaling_precipitation/precip_dataset_new/train/preproc_ifs_radklim_2019-01.nc'), PosixPath('/cpfs01/projects-HDD/cfff-4a8d9af84f66_HDD/public/ShiXiSheng/yzy/downscaling_precipitation/precip_dataset_new/train/preproc_ifs_radklim_2019-02.nc'), PosixPath('/cpfs01/projects-HDD/cfff-4a8d9af84f66_HDD/public/ShiXiSheng/yzy/downscaling_precipitation/precip_dataset_new/train/preproc_ifs_radklim_2019-03.nc'), PosixPath('/cpfs01/projects-HDD/cfff-4a8d9af84f66_HDD/public/ShiXiSheng/yzy/downscaling_precipitation/precip_dataset_new/train/preproc_ifs_radklim_2019-05.nc'), PosixPath('/cpfs01/projects-HDD/cfff-4a8d9af84f66_HDD/public/ShiXiSheng/yzy/downscaling_precipitation/precip_dataset_new/train/preproc_ifs_radklim_2019-06.nc'), PosixPath('/cpfs01/projects-HDD/cfff-4a8d9af84f66_HDD/public/ShiXiSheng/yzy/downscaling_precipitation/precip_dataset_new/train/preproc_ifs_radklim_2019-07.nc'), PosixPath('/cpfs01/projects-HDD/cfff-4a8d9af84f66_HDD/public/ShiXiSheng/yzy/downscaling_precipitation/precip_dataset_new/train/preproc_ifs_radklim_2019-08.nc'), PosixPath('/cpfs01/projects-HDD/cfff-4a8d9af84f66_HDD/public/ShiXiSheng/yzy/downscaling_precipitation/precip_dataset_new/train/preproc_ifs_radklim_2019-09.nc'), PosixPath('/cpfs01/projects-HDD/cfff-4a8d9af84f66_HDD/public/ShiXiSheng/yzy/downscaling_precipitation/precip_dataset_new/train/preproc_ifs_radklim_2019-10.nc'), PosixPath('/cpfs01/projects-HDD/cfff-4a8d9af84f66_HDD/public/ShiXiSheng/yzy/downscaling_precipitation/precip_dataset_new/train/preproc_ifs_radklim_2019-11.nc'), PosixPath('/cpfs01/projects-HDD/cfff-4a8d9af84f66_HDD/public/ShiXiSheng/yzy/downscaling_precipitation/precip_dataset_new/train/preproc_ifs_radklim_2019-12.nc')]
Loading data from the file: [PosixPath('/cpfs01/projects-HDD/cfff-4a8d9af84f66_HDD/public/ShiXiSheng/yzy/downscaling_precipitation/precip_dataset_new/train/preproc_ifs_radklim_2016-01.nc'), PosixPath('/cpfs01/projects-HDD/cfff-4a8d9af84f66_HDD/public/ShiXiSheng/yzy/downscaling_precipitation/precip_dataset_new/train/preproc_ifs_radklim_2016-02.nc'), PosixPath('/cpfs01/projects-HDD/cfff-4a8d9af84f66_HDD/public/ShiXiSheng/yzy/downscaling_precipitation/precip_dataset_new/train/preproc_ifs_radklim_2016-03.nc'), PosixPath('/cpfs01/projects-HDD/cfff-4a8d9af84f66_HDD/public/ShiXiSheng/yzy/downscaling_precipitation/precip_dataset_new/train/preproc_ifs_radklim_2016-04.nc'), PosixPath('/cpfs01/projects-HDD/cfff-4a8d9af84f66_HDD/public/ShiXiSheng/yzy/downscaling_precipitation/precip_dataset_new/train/preproc_ifs_radklim_2016-05.nc'), PosixPath('/cpfs01/projects-HDD/cfff-4a8d9af84f66_HDD/public/ShiXiSheng/yzy/downscaling_precipitation/precip_dataset_new/train/preproc_ifs_radklim_2016-06.nc'), PosixPath('/cpfs01/projects-HDD/cfff-4a8d9af84f66_HDD/public/ShiXiSheng/yzy/downscaling_precipitation/precip_dataset_new/train/preproc_ifs_radklim_2016-07.nc'), PosixPath('/cpfs01/projects-HDD/cfff-4a8d9af84f66_HDD/public/ShiXiSheng/yzy/downscaling_precipitation/precip_dataset_new/train/preproc_ifs_radklim_2018-02.nc'), PosixPath('/cpfs01/projects-HDD/cfff-4a8d9af84f66_HDD/public/ShiXiSheng/yzy/downscaling_precipitation/precip_dataset_new/train/preproc_ifs_radklim_2018-03.nc'), PosixPath('/cpfs01/projects-HDD/cfff-4a8d9af84f66_HDD/public/ShiXiSheng/yzy/downscaling_precipitation/precip_dataset_new/train/preproc_ifs_radklim_2018-04.nc'), PosixPath('/cpfs01/projects-HDD/cfff-4a8d9af84f66_HDD/public/ShiXiSheng/yzy/downscaling_precipitation/precip_dataset_new/train/preproc_ifs_radklim_2018-05.nc'), PosixPath('/cpfs01/projects-HDD/cfff-4a8d9af84f66_HDD/public/ShiXiSheng/yzy/downscaling_precipitation/precip_dataset_new/train/preproc_ifs_radklim_2018-06.nc'), PosixPath('/cpfs01/projects-HDD/cfff-4a8d9af84f66_HDD/public/ShiXiSheng/yzy/downscaling_precipitation/precip_dataset_new/train/preproc_ifs_radklim_2018-07.nc'), PosixPath('/cpfs01/projects-HDD/cfff-4a8d9af84f66_HDD/public/ShiXiSheng/yzy/downscaling_precipitation/precip_dataset_new/train/preproc_ifs_radklim_2018-08.nc'), PosixPath('/cpfs01/projects-HDD/cfff-4a8d9af84f66_HDD/public/ShiXiSheng/yzy/downscaling_precipitation/precip_dataset_new/train/preproc_ifs_radklim_2018-09.nc'), PosixPath('/cpfs01/projects-HDD/cfff-4a8d9af84f66_HDD/public/ShiXiSheng/yzy/downscaling_precipitation/precip_dataset_new/train/preproc_ifs_radklim_2018-10.nc'), PosixPath('/cpfs01/projects-HDD/cfff-4a8d9af84f66_HDD/public/ShiXiSheng/yzy/downscaling_precipitation/precip_dataset_new/train/preproc_ifs_radklim_2018-11.nc'), PosixPath('/cpfs01/projects-HDD/cfff-4a8d9af84f66_HDD/public/ShiXiSheng/yzy/downscaling_precipitation/precip_dataset_new/train/preproc_ifs_radklim_2018-12.nc'), PosixPath('/cpfs01/projects-HDD/cfff-4a8d9af84f66_HDD/public/ShiXiSheng/yzy/downscaling_precipitation/precip_dataset_new/train/preproc_ifs_radklim_2019-01.nc'), PosixPath('/cpfs01/projects-HDD/cfff-4a8d9af84f66_HDD/public/ShiXiSheng/yzy/downscaling_precipitation/precip_dataset_new/train/preproc_ifs_radklim_2019-02.nc'), PosixPath('/cpfs01/projects-HDD/cfff-4a8d9af84f66_HDD/public/ShiXiSheng/yzy/downscaling_precipitation/precip_dataset_new/train/preproc_ifs_radklim_2019-03.nc'), PosixPath('/cpfs01/projects-HDD/cfff-4a8d9af84f66_HDD/public/ShiXiSheng/yzy/downscaling_precipitation/precip_dataset_new/train/preproc_ifs_radklim_2019-05.nc'), PosixPath('/cpfs01/projects-HDD/cfff-4a8d9af84f66_HDD/public/ShiXiSheng/yzy/downscaling_precipitation/precip_dataset_new/train/preproc_ifs_radklim_2019-06.nc'), PosixPath('/cpfs01/projects-HDD/cfff-4a8d9af84f66_HDD/public/ShiXiSheng/yzy/downscaling_precipitation/precip_dataset_new/train/preproc_ifs_radklim_2019-07.nc'), PosixPath('/cpfs01/projects-HDD/cfff-4a8d9af84f66_HDD/public/ShiXiSheng/yzy/downscaling_precipitation/precip_dataset_new/train/preproc_ifs_radklim_2019-08.nc'), PosixPath('/cpfs01/projects-HDD/cfff-4a8d9af84f66_HDD/public/ShiXiSheng/yzy/downscaling_precipitation/precip_dataset_new/train/preproc_ifs_radklim_2019-09.nc'), PosixPath('/cpfs01/projects-HDD/cfff-4a8d9af84f66_HDD/public/ShiXiSheng/yzy/downscaling_precipitation/precip_dataset_new/train/preproc_ifs_radklim_2019-10.nc'), PosixPath('/cpfs01/projects-HDD/cfff-4a8d9af84f66_HDD/public/ShiXiSheng/yzy/downscaling_precipitation/precip_dataset_new/train/preproc_ifs_radklim_2019-11.nc'), PosixPath('/cpfs01/projects-HDD/cfff-4a8d9af84f66_HDD/public/ShiXiSheng/yzy/downscaling_precipitation/precip_dataset_new/train/preproc_ifs_radklim_2019-12.nc')]
There is done
num_patches_images are 7 5
pre indexes are [4, 5, 9]
no nan idx 25397
There are No. 25397 patches out of 739865 without Nan Values 
Minimum value of tp in vars_in_patches(having log): 0.0
Maximum value of tp in vars_in_patches(having log): 8.18589973449707
Distribution of tp in different rainfall intervals:
-0.1 to 0.1: 25.75%
0.1 to 2: 71.33%
2 to 4: 2.50%
4 to 8: 0.37%
8 to 20: 0.04%
20 to 30: 0.00%
30 to inf: 0.00%
Distribution of tp in vars_out_orig_patches in different rainfall intervals:
-0.1 to 0.1: 60.60%
0.1 to 2: 34.94%
2 to 4: 3.47%
4 to 8: 0.89%
8 to 20: 0.11%
20 to 30: 0.00%
30 to inf: 0.00%
self.times_patches_list: tensor([[2016,    1,    2,    6],
        [2016,    1,    2,    7],
        [2016,    1,    2,    8],
        ...,
        [2019,   12,   30,    4],
        [2019,   12,   30,    4],
        [2019,   12,   30,    4]], device='cpu', dtype=torch.int32)
save stats
i tensor(-4.5178e-13, device='cpu')
save stats
i tensor(-2.1600e-16, device='cpu')
save stats
i tensor(82071.3359, device='cpu')
save stats
i tensor(1.6654, device='cpu')
save stats
i tensor(0., device='cpu')
save stats
i tensor(0., device='cpu')
save stats
i tensor(-1.8591e-09, device='cpu')
save stats
i tensor(-23.0063, device='cpu')
save stats
i tensor(-35.2889, device='cpu')
save stats
i tensor(0., device='cpu')
The statistic has been stored to the json file:  /cpfs01/projects-HDD/cfff-4a8d9af84f66_HDD/public/ShiXiSheng/yzy/downscaling_precipitation/precip_dataset_new/train/statistics.json
The total number of samples after filtering NaN and zeros values: 25397
Shuffling the index ....
idx_perm [11676 15961  6877 ...  7812 18002 16014]
K 值是多少让我看看： 0.008
self.prcp_indexes: [4, 5, 9]
Going to open the following files: /cpfs01/projects-HDD/cfff-4a8d9af84f66_HDD/public/ShiXiSheng/yzy/downscaling_precipitation/precip_dataset_new/val
Going to open the following files: [PosixPath('/cpfs01/projects-HDD/cfff-4a8d9af84f66_HDD/public/ShiXiSheng/yzy/downscaling_precipitation/precip_dataset_new/val/2017-01/preproc_ifs_radklim_2017-01.nc')]
Going to open the following files: [PosixPath('/cpfs01/projects-HDD/cfff-4a8d9af84f66_HDD/public/ShiXiSheng/yzy/downscaling_precipitation/precip_dataset_new/val/2017-01/preproc_ifs_radklim_2017-01.nc')]
Loading data from the file: [PosixPath('/cpfs01/projects-HDD/cfff-4a8d9af84f66_HDD/public/ShiXiSheng/yzy/downscaling_precipitation/precip_dataset_new/val/2017-01/preproc_ifs_radklim_2017-01.nc')]
There is done
num_patches_images are 7 5
pre indexes are [4, 5, 9]
no nan idx 1421
There are No. 1421 patches out of 26005 without Nan Values 
Minimum value of tp in vars_in_patches(having log): 0.0
Maximum value of tp in vars_in_patches(having log): 6.580108642578125
Distribution of tp in different rainfall intervals:
-0.1 to 0.1: 27.75%
0.1 to 2: 71.33%
2 to 4: 0.89%
4 to 8: 0.03%
8 to 20: 0.00%
20 to 30: 0.00%
30 to inf: 0.00%
Distribution of tp in vars_out_orig_patches in different rainfall intervals:
-0.1 to 0.1: 62.89%
0.1 to 2: 35.08%
2 to 4: 1.83%
4 to 8: 0.19%
8 to 20: 0.00%
20 to 30: 0.00%
30 to inf: 0.00%
self.times_patches_list: tensor([[2017,    1,    1,   17],
        [2017,    1,    1,   17],
        [2017,    1,    1,   18],
        ...,
        [2017,    2,    1,    0],
        [2017,    2,    1,    1],
        [2017,    2,    1,    2]], device='cpu', dtype=torch.int32)
Loading the stats file: /cpfs01/projects-HDD/cfff-4a8d9af84f66_HDD/public/ShiXiSheng/yzy/downscaling_precipitation/precip_dataset_new/train/statistics.json
The total number of samples after filtering NaN and zeros values: 1421
The model wgan is selected for training
i 0
i 1
i 2
i 3
i 4
i 5
i 6
i 0
i 0
i 0
Total trainalbe parameters of the generator: 3706049
Total trainalbe parameters of the critic: 1584641
 size of dataset 25397 batch size 24
 iterations 1058.2083333333333
++++++++++++++++++++++++++++++++
[Epoch 1/100] [Avg D loss: 6.798122] [Avg G loss: 1528.314752] [Avg Rec loss: 8.398899]
[Epoch 1/100] [D Val loss: 2.075554] [G loss: 876.638238] [Rec loss: 4.816567] [LR C: 0.000001] [LR G: 0.000010]
++++++++++++++++++++++++++++++++
++++++++++++++++++++++++++++++++
[Epoch 2/100] [Avg D loss: 0.614620] [Avg G loss: 1113.067244] [Avg Rec loss: 6.117514]
[Epoch 2/100] [D Val loss: 2.339776] [G loss: 718.649957] [Rec loss: 3.947101] [LR C: 0.000001] [LR G: 0.000010]
++++++++++++++++++++++++++++++++
++++++++++++++++++++++++++++++++
[Epoch 3/100] [Avg D loss: -0.142111] [Avg G loss: 876.063883] [Avg Rec loss: 4.814977]
[Epoch 3/100] [D Val loss: 1.058346] [G loss: 666.013089] [Rec loss: 3.660252] [LR C: 0.000001] [LR G: 0.000010]
++++++++++++++++++++++++++++++++
++++++++++++++++++++++++++++++++
[Epoch 4/100] [Avg D loss: -0.728691] [Avg G loss: 808.991104] [Avg Rec loss: 4.446103]
[Epoch 4/100] [D Val loss: 2.036647] [G loss: 642.551028] [Rec loss: 3.536388] [LR C: 0.000001] [LR G: 0.000010]
++++++++++++++++++++++++++++++++
++++++++++++++++++++++++++++++++
[Epoch 5/100] [Avg D loss: -1.394682] [Avg G loss: 741.742275] [Avg Rec loss: 4.076690]
[Epoch 5/100] [D Val loss: 2.886177] [G loss: 589.823531] [Rec loss: 3.250745] [LR C: 0.000001] [LR G: 0.000010]
++++++++++++++++++++++++++++++++
++++++++++++++++++++++++++++++++
[Epoch 6/100] [Avg D loss: -2.206060] [Avg G loss: 706.915060] [Avg Rec loss: 3.885573]
[Epoch 6/100] [D Val loss: 5.143264] [G loss: 653.499174] [Rec loss: 3.612519] [LR C: 0.000001] [LR G: 0.000010]
++++++++++++++++++++++++++++++++
++++++++++++++++++++++++++++++++
[Epoch 7/100] [Avg D loss: -3.067734] [Avg G loss: 705.415204] [Avg Rec loss: 3.877370]
[Epoch 7/100] [D Val loss: 8.159122] [G loss: 737.810951] [Rec loss: 4.090849] [LR C: 0.000001] [LR G: 0.000010]
++++++++++++++++++++++++++++++++
++++++++++++++++++++++++++++++++
[Epoch 8/100] [Avg D loss: -3.902503] [Avg G loss: 663.590011] [Avg Rec loss: 3.647211]
[Epoch 8/100] [D Val loss: 17.922970] [G loss: 845.000477] [Rec loss: 4.735278] [LR C: 0.000001] [LR G: 0.000010]
++++++++++++++++++++++++++++++++
++++++++++++++++++++++++++++++++
[Epoch 9/100] [Avg D loss: -4.843259] [Avg G loss: 671.608515] [Avg Rec loss: 3.690777]
[Epoch 9/100] [D Val loss: 10.456452] [G loss: 641.007844] [Rec loss: 3.569986] [LR C: 0.000001] [LR G: 0.000010]
++++++++++++++++++++++++++++++++
++++++++++++++++++++++++++++++++
[Epoch 10/100] [Avg D loss: -5.851636] [Avg G loss: 644.340395] [Avg Rec loss: 3.540209]
[Epoch 10/100] [D Val loss: 13.844118] [G loss: 641.676171] [Rec loss: 3.591898] [LR C: 0.000001] [LR G: 0.000010]
++++++++++++++++++++++++++++++++
++++++++++++++++++++++++++++++++
[Epoch 11/100] [Avg D loss: -6.964131] [Avg G loss: 637.830249] [Avg Rec loss: 3.503078]
[Epoch 11/100] [D Val loss: 15.154422] [G loss: 627.882811] [Rec loss: 3.523636] [LR C: 0.000001] [LR G: 0.000010]
++++++++++++++++++++++++++++++++
++++++++++++++++++++++++++++++++
[Epoch 12/100] [Avg D loss: -8.161020] [Avg G loss: 644.915383] [Avg Rec loss: 3.540797]
[Epoch 12/100] [D Val loss: 17.993169] [G loss: 610.683499] [Rec loss: 3.445770] [LR C: 0.000001] [LR G: 0.000010]
++++++++++++++++++++++++++++++++
++++++++++++++++++++++++++++++++
[Epoch 13/100] [Avg D loss: -9.379721] [Avg G loss: 607.975560] [Avg Rec loss: 3.336139]
[Epoch 13/100] [D Val loss: 30.944881] [G loss: 755.523888] [Rec loss: 4.310745] [LR C: 0.000001] [LR G: 0.000010]
++++++++++++++++++++++++++++++++
++++++++++++++++++++++++++++++++
[Epoch 14/100] [Avg D loss: -10.649679] [Avg G loss: 627.148751] [Avg Rec loss: 3.440637]
[Epoch 14/100] [D Val loss: 16.523702] [G loss: 553.408686] [Rec loss: 3.124968] [LR C: 0.000001] [LR G: 0.000010]
++++++++++++++++++++++++++++++++
++++++++++++++++++++++++++++++++
[Epoch 15/100] [Avg D loss: -12.023202] [Avg G loss: 612.256404] [Avg Rec loss: 3.356843]
[Epoch 15/100] [D Val loss: 26.879316] [G loss: 608.867651] [Rec loss: 3.484432] [LR C: 0.000001] [LR G: 0.000010]
++++++++++++++++++++++++++++++++
++++++++++++++++++++++++++++++++
[Epoch 16/100] [Avg D loss: -13.462820] [Avg G loss: 607.786893] [Avg Rec loss: 3.329428]
[Epoch 16/100] [D Val loss: 37.186476] [G loss: 664.638748] [Rec loss: 3.847704] [LR C: 0.000001] [LR G: 0.000010]
++++++++++++++++++++++++++++++++
++++++++++++++++++++++++++++++++
[Epoch 17/100] [Avg D loss: -14.935731] [Avg G loss: 618.748115] [Avg Rec loss: 3.387415]
[Epoch 17/100] [D Val loss: 26.885850] [G loss: 604.658277] [Rec loss: 3.454622] [LR C: 0.000001] [LR G: 0.000010]
++++++++++++++++++++++++++++++++
++++++++++++++++++++++++++++++++
[Epoch 18/100] [Avg D loss: -16.403814] [Avg G loss: 584.268766] [Avg Rec loss: 3.194878]
[Epoch 18/100] [D Val loss: 29.917189] [G loss: 594.033227] [Rec loss: 3.413345] [LR C: 0.000001] [LR G: 0.000010]
++++++++++++++++++++++++++++++++
++++++++++++++++++++++++++++++++
[Epoch 19/100] [Avg D loss: -17.958391] [Avg G loss: 603.734237] [Avg Rec loss: 3.300141]
[Epoch 19/100] [D Val loss: 31.574743] [G loss: 572.946214] [Rec loss: 3.308070] [LR C: 0.000001] [LR G: 0.000010]
++++++++++++++++++++++++++++++++
++++++++++++++++++++++++++++++++
[Epoch 20/100] [Avg D loss: -19.520008] [Avg G loss: 599.336008] [Avg Rec loss: 3.273517]
[Epoch 20/100] [D Val loss: 18.078944] [G loss: 486.230388] [Rec loss: 2.753969] [LR C: 0.000001] [LR G: 0.000010]
++++++++++++++++++++++++++++++++
++++++++++++++++++++++++++++++++
[Epoch 21/100] [Avg D loss: -21.180788] [Avg G loss: 590.612297] [Avg Rec loss: 3.221872]
[Epoch 21/100] [D Val loss: 47.052703] [G loss: 568.163934] [Rec loss: 3.365029] [LR C: 0.000001] [LR G: 0.000010]
++++++++++++++++++++++++++++++++
++++++++++++++++++++++++++++++++
[Epoch 22/100] [Avg D loss: -22.921628] [Avg G loss: 602.495179] [Avg Rec loss: 3.284325]
[Epoch 22/100] [D Val loss: 62.757900] [G loss: 605.406512] [Rec loss: 3.655571] [LR C: 0.000001] [LR G: 0.000010]
++++++++++++++++++++++++++++++++
++++++++++++++++++++++++++++++++
[Epoch 23/100] [Avg D loss: -24.525133] [Avg G loss: 570.707406] [Avg Rec loss: 3.105506]
[Epoch 23/100] [D Val loss: 55.773664] [G loss: 587.986402] [Rec loss: 3.514627] [LR C: 0.000001] [LR G: 0.000010]
++++++++++++++++++++++++++++++++
++++++++++++++++++++++++++++++++
[Epoch 24/100] [Avg D loss: -26.259167] [Avg G loss: 590.196910] [Avg Rec loss: 3.210746]
[Epoch 24/100] [D Val loss: 49.112651] [G loss: 535.173968] [Rec loss: 3.191279] [LR C: 0.000001] [LR G: 0.000010]
++++++++++++++++++++++++++++++++
++++++++++++++++++++++++++++++++
[Epoch 25/100] [Avg D loss: -28.048905] [Avg G loss: 582.182825] [Avg Rec loss: 3.163775]
[Epoch 25/100] [D Val loss: 43.470240] [G loss: 503.671847] [Rec loss: 2.982702] [LR C: 0.000001] [LR G: 0.000010]
++++++++++++++++++++++++++++++++
++++++++++++++++++++++++++++++++
[Epoch 26/100] [Avg D loss: -29.770254] [Avg G loss: 578.317635] [Avg Rec loss: 3.138582]
[Epoch 26/100] [D Val loss: 59.308207] [G loss: 536.103060] [Rec loss: 3.242286] [LR C: 0.000001] [LR G: 0.000010]
++++++++++++++++++++++++++++++++
++++++++++++++++++++++++++++++++
[Epoch 27/100] [Avg D loss: -31.639570] [Avg G loss: 591.750229] [Avg Rec loss: 3.209388]
[Epoch 27/100] [D Val loss: 55.956560] [G loss: 518.650498] [Rec loss: 3.127864] [LR C: 0.000001] [LR G: 0.000010]
++++++++++++++++++++++++++++++++
++++++++++++++++++++++++++++++++
[Epoch 28/100] [Avg D loss: -33.253151] [Avg G loss: 562.767483] [Avg Rec loss: 3.046287]
[Epoch 28/100] [D Val loss: 68.951761] [G loss: 517.286638] [Rec loss: 3.193571] [LR C: 0.000001] [LR G: 0.000010]
++++++++++++++++++++++++++++++++
++++++++++++++++++++++++++++++++
[Epoch 29/100] [Avg D loss: -35.131181] [Avg G loss: 582.401907] [Avg Rec loss: 3.152276]
[Epoch 29/100] [D Val loss: 68.184503] [G loss: 503.022534] [Rec loss: 3.107185] [LR C: 0.000001] [LR G: 0.000010]
++++++++++++++++++++++++++++++++
++++++++++++++++++++++++++++++++
[Epoch 30/100] [Avg D loss: -36.938563] [Avg G loss: 573.503944] [Avg Rec loss: 3.100305]
[Epoch 30/100] [D Val loss: 44.451248] [G loss: 454.707317] [Rec loss: 2.711097] [LR C: 0.000001] [LR G: 0.000010]
++++++++++++++++++++++++++++++++
++++++++++++++++++++++++++++++++
[Epoch 31/100] [Avg D loss: -38.573969] [Avg G loss: 571.778641] [Avg Rec loss: 3.086873]
[Epoch 31/100] [D Val loss: 61.028462] [G loss: 469.364637] [Rec loss: 2.876939] [LR C: 0.000001] [LR G: 0.000010]
++++++++++++++++++++++++++++++++
++++++++++++++++++++++++++++++++
[Epoch 32/100] [Avg D loss: -40.625702] [Avg G loss: 584.610471] [Avg Rec loss: 3.155282]
[Epoch 32/100] [D Val loss: 93.576290] [G loss: 495.726047] [Rec loss: 3.201093] [LR C: 0.000001] [LR G: 0.000010]
++++++++++++++++++++++++++++++++
++++++++++++++++++++++++++++++++
[Epoch 33/100] [Avg D loss: -41.489701] [Avg G loss: 556.837861] [Avg Rec loss: 3.000509]
[Epoch 33/100] [D Val loss: 113.895541] [G loss: 457.055579] [Rec loss: 3.107367] [LR C: 0.000001] [LR G: 0.000010]
++++++++++++++++++++++++++++++++
++++++++++++++++++++++++++++++++
[Epoch 34/100] [Avg D loss: -41.528418] [Avg G loss: 576.710806] [Avg Rec loss: 3.112200]
[Epoch 34/100] [D Val loss: 58.371313] [G loss: 398.969839] [Rec loss: 2.509080] [LR C: 0.000001] [LR G: 0.000010]
++++++++++++++++++++++++++++++++
++++++++++++++++++++++++++++++++
[Epoch 35/100] [Avg D loss: -6.354769] [Avg G loss: 547.156755] [Avg Rec loss: 3.114866]
[Epoch 35/100] [D Val loss: 19.256143] [G loss: 386.334532] [Rec loss: 2.334363] [LR C: 0.000001] [LR G: 0.000010]
++++++++++++++++++++++++++++++++
++++++++++++++++++++++++++++++++
[Epoch 36/100] [Avg D loss: -8.926376] [Avg G loss: 545.553743] [Avg Rec loss: 3.083735]
[Epoch 36/100] [D Val loss: 29.343999] [G loss: 378.416101] [Rec loss: 2.331461] [LR C: 0.000001] [LR G: 0.000010]
++++++++++++++++++++++++++++++++
++++++++++++++++++++++++++++++++
[Epoch 37/100] [Avg D loss: -12.509043] [Avg G loss: 559.484772] [Avg Rec loss: 3.146860]
[Epoch 37/100] [D Val loss: 23.939930] [G loss: 381.069802] [Rec loss: 2.324968] [LR C: 0.000001] [LR G: 0.000010]
++++++++++++++++++++++++++++++++
++++++++++++++++++++++++++++++++
[Epoch 38/100] [Avg D loss: -13.707609] [Avg G loss: 529.087035] [Avg Rec loss: 2.977350]
[Epoch 38/100] [D Val loss: 22.938762] [G loss: 385.999330] [Rec loss: 2.359496] [LR C: 0.000001] [LR G: 0.000010]
++++++++++++++++++++++++++++++++
++++++++++++++++++++++++++++++++
[Epoch 39/100] [Avg D loss: -16.711673] [Avg G loss: 550.141785] [Avg Rec loss: 3.083958]
[Epoch 39/100] [D Val loss: 20.240826] [G loss: 375.563320] [Rec loss: 2.278257] [LR C: 0.000001] [LR G: 0.000010]
++++++++++++++++++++++++++++++++
++++++++++++++++++++++++++++++++
[Epoch 40/100] [Avg D loss: -18.362563] [Avg G loss: 539.147485] [Avg Rec loss: 3.021138]
[Epoch 40/100] [D Val loss: 16.747788] [G loss: 374.279032] [Rec loss: 2.256829] [LR C: 0.000001] [LR G: 0.000010]
++++++++++++++++++++++++++++++++
++++++++++++++++++++++++++++++++
[Epoch 41/100] [Avg D loss: -19.582521] [Avg G loss: 539.229309] [Avg Rec loss: 3.016517]
[Epoch 41/100] [D Val loss: 27.436517] [G loss: 369.739969] [Rec loss: 2.279414] [LR C: 0.000001] [LR G: 0.000010]
++++++++++++++++++++++++++++++++
++++++++++++++++++++++++++++++++
[Epoch 42/100] [Avg D loss: -23.058333] [Avg G loss: 552.927628] [Avg Rec loss: 3.077395]
[Epoch 42/100] [D Val loss: 26.609051] [G loss: 373.368325] [Rec loss: 2.290435] [LR C: 0.000001] [LR G: 0.000010]
++++++++++++++++++++++++++++++++
++++++++++++++++++++++++++++++++
[Epoch 43/100] [Avg D loss: -21.955192] [Avg G loss: 525.694711] [Avg Rec loss: 2.931463]
[Epoch 43/100] [D Val loss: 28.616976] [G loss: 376.342228] [Rec loss: 2.329412] [LR C: 0.000001] [LR G: 0.000010]
++++++++++++++++++++++++++++++++
++++++++++++++++++++++++++++++++
[Epoch 44/100] [Avg D loss: -23.240949] [Avg G loss: 546.576382] [Avg Rec loss: 3.045916]
[Epoch 44/100] [D Val loss: 25.205876] [G loss: 366.632528] [Rec loss: 2.241791] [LR C: 0.000001] [LR G: 0.000010]
++++++++++++++++++++++++++++++++
++++++++++++++++++++++++++++++++
[Epoch 45/100] [Avg D loss: -22.711678] [Avg G loss: 535.853627] [Avg Rec loss: 2.992249]
[Epoch 45/100] [D Val loss: 16.154826] [G loss: 373.641029] [Rec loss: 2.263458] [LR C: 0.000001] [LR G: 0.000010]
++++++++++++++++++++++++++++++++
++++++++++++++++++++++++++++++++
[Epoch 46/100] [Avg D loss: -21.746593] [Avg G loss: 535.503275] [Avg Rec loss: 2.997036]
[Epoch 46/100] [D Val loss: 21.157650] [G loss: 368.163956] [Rec loss: 2.246681] [LR C: 0.000001] [LR G: 0.000010]
++++++++++++++++++++++++++++++++
++++++++++++++++++++++++++++++++
[Epoch 47/100] [Avg D loss: -24.524062] [Avg G loss: 545.358967] [Avg Rec loss: 3.048590]
[Epoch 47/100] [D Val loss: 18.566101] [G loss: 374.300159] [Rec loss: 2.286980] [LR C: 0.000001] [LR G: 0.000010]
++++++++++++++++++++++++++++++++
++++++++++++++++++++++++++++++++
[Epoch 48/100] [Avg D loss: -20.558644] [Avg G loss: 516.736971] [Avg Rec loss: 2.909506]
[Epoch 48/100] [D Val loss: 13.504448] [G loss: 377.513473] [Rec loss: 2.304571] [LR C: 0.000001] [LR G: 0.000010]
++++++++++++++++++++++++++++++++
++++++++++++++++++++++++++++++++
[Epoch 49/100] [Avg D loss: -23.018250] [Avg G loss: 537.050492] [Avg Rec loss: 3.015815]
[Epoch 49/100] [D Val loss: 10.573097] [G loss: 367.065369] [Rec loss: 2.221092] [LR C: 0.000001] [LR G: 0.000010]
++++++++++++++++++++++++++++++++
++++++++++++++++++++++++++++++++
[Epoch 50/100] [Avg D loss: -22.930558] [Avg G loss: 527.058009] [Avg Rec loss: 2.965835]
[Epoch 50/100] [D Val loss: 5.622937] [G loss: 371.030119] [Rec loss: 2.246610] [LR C: 0.000001] [LR G: 0.000010]
++++++++++++++++++++++++++++++++
++++++++++++++++++++++++++++++++
[Epoch 51/100] [Avg D loss: -22.306824] [Avg G loss: 526.526308] [Avg Rec loss: 2.964674]
[Epoch 51/100] [D Val loss: 10.441705] [G loss: 366.057798] [Rec loss: 2.223624] [LR C: 0.000001] [LR G: 0.000010]
++++++++++++++++++++++++++++++++
++++++++++++++++++++++++++++++++
[Epoch 52/100] [Avg D loss: -23.988056] [Avg G loss: 536.632690] [Avg Rec loss: 3.022494]
[Epoch 52/100] [D Val loss: 11.204484] [G loss: 370.250374] [Rec loss: 2.258085] [LR C: 0.000001] [LR G: 0.000010]
++++++++++++++++++++++++++++++++
++++++++++++++++++++++++++++++++
[Epoch 53/100] [Avg D loss: -20.447384] [Avg G loss: 510.069083] [Avg Rec loss: 2.888426]
[Epoch 53/100] [D Val loss: 10.105640] [G loss: 373.741675] [Rec loss: 2.298571] [LR C: 0.000001] [LR G: 0.000010]
++++++++++++++++++++++++++++++++
++++++++++++++++++++++++++++++++
[Epoch 54/100] [Avg D loss: -24.030468] [Avg G loss: 530.540925] [Avg Rec loss: 2.991907]
[Epoch 54/100] [D Val loss: 9.272614] [G loss: 363.843458] [Rec loss: 2.213784] [LR C: 0.000001] [LR G: 0.000010]
++++++++++++++++++++++++++++++++
++++++++++++++++++++++++++++++++
[Epoch 55/100] [Avg D loss: -23.967708] [Avg G loss: 521.758607] [Avg Rec loss: 2.948170]
[Epoch 55/100] [D Val loss: 4.998846] [G loss: 366.568824] [Rec loss: 2.228699] [LR C: 0.000001] [LR G: 0.000010]
++++++++++++++++++++++++++++++++
++++++++++++++++++++++++++++++++
[Epoch 56/100] [Avg D loss: -21.544891] [Avg G loss: 520.040801] [Avg Rec loss: 2.945771]
[Epoch 56/100] [D Val loss: 8.124753] [G loss: 365.397148] [Rec loss: 2.223164] [LR C: 0.000001] [LR G: 0.000010]
++++++++++++++++++++++++++++++++
++++++++++++++++++++++++++++++++
[Epoch 57/100] [Avg D loss: -23.247629] [Avg G loss: 531.780761] [Avg Rec loss: 3.007685]
[Epoch 57/100] [D Val loss: 15.649995] [G loss: 362.597612] [Rec loss: 2.241990] [LR C: 0.000001] [LR G: 0.000010]
++++++++++++++++++++++++++++++++
++++++++++++++++++++++++++++++++
[Epoch 58/100] [Avg D loss: -21.081200] [Avg G loss: 504.440141] [Avg Rec loss: 2.867386]
[Epoch 58/100] [D Val loss: 9.566824] [G loss: 370.272956] [Rec loss: 2.290665] [LR C: 0.000001] [LR G: 0.000010]
++++++++++++++++++++++++++++++++
++++++++++++++++++++++++++++++++
[Epoch 59/100] [Avg D loss: -23.547250] [Avg G loss: 523.572020] [Avg Rec loss: 2.968019]
[Epoch 59/100] [D Val loss: 8.877108] [G loss: 360.450759] [Rec loss: 2.209172] [LR C: 0.000001] [LR G: 0.000010]
++++++++++++++++++++++++++++++++
++++++++++++++++++++++++++++++++
[Epoch 60/100] [Avg D loss: -24.126941] [Avg G loss: 516.426154] [Avg Rec loss: 2.929552]
[Epoch 60/100] [D Val loss: 4.072227] [G loss: 364.671555] [Rec loss: 2.226738] [LR C: 0.000001] [LR G: 0.000010]
++++++++++++++++++++++++++++++++
++++++++++++++++++++++++++++++++
[Epoch 61/100] [Avg D loss: -24.859806] [Avg G loss: 515.497668] [Avg Rec loss: 2.921386]
[Epoch 61/100] [D Val loss: 5.331293] [G loss: 364.162448] [Rec loss: 2.208599] [LR C: 0.000001] [LR G: 0.000010]
++++++++++++++++++++++++++++++++
++++++++++++++++++++++++++++++++
[Epoch 62/100] [Avg D loss: -28.926777] [Avg G loss: 525.908558] [Avg Rec loss: 2.972967]
[Epoch 62/100] [D Val loss: 6.322950] [G loss: 362.088787] [Rec loss: 2.220408] [LR C: 0.000001] [LR G: 0.000010]
++++++++++++++++++++++++++++++++
++++++++++++++++++++++++++++++++
[Epoch 63/100] [Avg D loss: -25.928820] [Avg G loss: 499.279109] [Avg Rec loss: 2.837473]
[Epoch 63/100] [D Val loss: 6.687167] [G loss: 368.143463] [Rec loss: 2.271510] [LR C: 0.000001] [LR G: 0.000010]
++++++++++++++++++++++++++++++++
++++++++++++++++++++++++++++++++
[Epoch 64/100] [Avg D loss: -27.056196] [Avg G loss: 518.438703] [Avg Rec loss: 2.937753]
[Epoch 64/100] [D Val loss: 5.991130] [G loss: 358.616678] [Rec loss: 2.196826] [LR C: 0.000001] [LR G: 0.000010]
++++++++++++++++++++++++++++++++
++++++++++++++++++++++++++++++++
[Epoch 65/100] [Avg D loss: -27.358587] [Avg G loss: 513.004212] [Avg Rec loss: 2.906901]
[Epoch 65/100] [D Val loss: 3.729410] [G loss: 362.158952] [Rec loss: 2.216199] [LR C: 0.000001] [LR G: 0.000010]
++++++++++++++++++++++++++++++++
++++++++++++++++++++++++++++++++
[Epoch 66/100] [Avg D loss: -28.814609] [Avg G loss: 512.448404] [Avg Rec loss: 2.898682]
[Epoch 66/100] [D Val loss: 3.073532] [G loss: 363.428401] [Rec loss: 2.203797] [LR C: 0.000001] [LR G: 0.000010]
++++++++++++++++++++++++++++++++
++++++++++++++++++++++++++++++++
[Epoch 67/100] [Avg D loss: -31.910481] [Avg G loss: 522.923544] [Avg Rec loss: 2.955829]
[Epoch 67/100] [D Val loss: 4.928233] [G loss: 361.324106] [Rec loss: 2.214545] [LR C: 0.000001] [LR G: 0.000010]
++++++++++++++++++++++++++++++++
++++++++++++++++++++++++++++++++
[Epoch 68/100] [Avg D loss: -24.961997] [Avg G loss: 497.696087] [Avg Rec loss: 2.837320]
[Epoch 68/100] [D Val loss: 3.416292] [G loss: 374.353121] [Rec loss: 2.281918] [LR C: 0.000001] [LR G: 0.000010]
++++++++++++++++++++++++++++++++
++++++++++++++++++++++++++++++++
[Epoch 69/100] [Avg D loss: -27.622620] [Avg G loss: 516.696004] [Avg Rec loss: 2.932228]
[Epoch 69/100] [D Val loss: 5.517899] [G loss: 360.957811] [Rec loss: 2.213210] [LR C: 0.000001] [LR G: 0.000010]
++++++++++++++++++++++++++++++++
++++++++++++++++++++++++++++++++
[Epoch 70/100] [Avg D loss: -29.728513] [Avg G loss: 510.095467] [Avg Rec loss: 2.894178]
[Epoch 70/100] [D Val loss: 1.482744] [G loss: 361.840533] [Rec loss: 2.213259] [LR C: 0.000001] [LR G: 0.000010]
++++++++++++++++++++++++++++++++
++++++++++++++++++++++++++++++++
[Epoch 71/100] [Avg D loss: -29.573154] [Avg G loss: 508.238906] [Avg Rec loss: 2.881703]
[Epoch 71/100] [D Val loss: 2.793799] [G loss: 362.136017] [Rec loss: 2.197038] [LR C: 0.000001] [LR G: 0.000010]
++++++++++++++++++++++++++++++++
++++++++++++++++++++++++++++++++
[Epoch 72/100] [Avg D loss: -33.461561] [Avg G loss: 520.257025] [Avg Rec loss: 2.943440]
[Epoch 72/100] [D Val loss: 7.628621] [G loss: 360.427415] [Rec loss: 2.221327] [LR C: 0.000001] [LR G: 0.000010]
++++++++++++++++++++++++++++++++
++++++++++++++++++++++++++++++++
[Epoch 73/100] [Avg D loss: -29.617398] [Avg G loss: 493.952166] [Avg Rec loss: 2.812921]
[Epoch 73/100] [D Val loss: 8.713574] [G loss: 368.029025] [Rec loss: 2.283236] [LR C: 0.000001] [LR G: 0.000010]
++++++++++++++++++++++++++++++++
++++++++++++++++++++++++++++++++
[Epoch 74/100] [Avg D loss: -30.466624] [Avg G loss: 512.982533] [Avg Rec loss: 2.911432]
[Epoch 74/100] [D Val loss: 6.788464] [G loss: 358.464980] [Rec loss: 2.212328] [LR C: 0.000001] [LR G: 0.000010]
++++++++++++++++++++++++++++++++
++++++++++++++++++++++++++++++++
[Epoch 75/100] [Avg D loss: -31.029191] [Avg G loss: 507.103440] [Avg Rec loss: 2.880650]
[Epoch 75/100] [D Val loss: 4.188309] [G loss: 360.901666] [Rec loss: 2.224991] [LR C: 0.000001] [LR G: 0.000010]
++++++++++++++++++++++++++++++++
++++++++++++++++++++++++++++++++
[Epoch 76/100] [Avg D loss: -29.882030] [Avg G loss: 505.168031] [Avg Rec loss: 2.873448]
[Epoch 76/100] [D Val loss: 5.863624] [G loss: 360.509702] [Rec loss: 2.228460] [LR C: 0.000000] [LR G: 0.000001]
++++++++++++++++++++++++++++++++
++++++++++++++++++++++++++++++++
[Epoch 77/100] [Avg D loss: -31.603767] [Avg G loss: 515.412188] [Avg Rec loss: 2.927233]
[Epoch 77/100] [D Val loss: 6.431825] [G loss: 358.494930] [Rec loss: 2.219465] [LR C: 0.000000] [LR G: 0.000001]
++++++++++++++++++++++++++++++++
++++++++++++++++++++++++++++++++
[Epoch 78/100] [Avg D loss: -27.729960] [Avg G loss: 488.343063] [Avg Rec loss: 2.793367]
[Epoch 78/100] [D Val loss: 6.052112] [G loss: 361.137223] [Rec loss: 2.235483] [LR C: 0.000000] [LR G: 0.000001]
++++++++++++++++++++++++++++++++
++++++++++++++++++++++++++++++++
[Epoch 79/100] [Avg D loss: -26.791626] [Avg G loss: 501.958770] [Avg Rec loss: 2.870411]
[Epoch 79/100] [D Val loss: 5.166795] [G loss: 361.964473] [Rec loss: 2.221170] [LR C: 0.000000] [LR G: 0.000001]
++++++++++++++++++++++++++++++++
++++++++++++++++++++++++++++++++
[Epoch 80/100] [Avg D loss: -26.277539] [Avg G loss: 491.273332] [Avg Rec loss: 2.812305]
[Epoch 80/100] [D Val loss: 4.205744] [G loss: 363.608265] [Rec loss: 2.232543] [LR C: 0.000000] [LR G: 0.000001]
++++++++++++++++++++++++++++++++
++++++++++++++++++++++++++++++++
[Epoch 81/100] [Avg D loss: -24.461369] [Avg G loss: 502.024373] [Avg Rec loss: 2.870202]
[Epoch 81/100] [D Val loss: 8.064702] [G loss: 362.804724] [Rec loss: 2.244692] [LR C: 0.000000] [LR G: 0.000001]
++++++++++++++++++++++++++++++++
++++++++++++++++++++++++++++++++
[Epoch 82/100] [Avg D loss: -28.651122] [Avg G loss: 513.569274] [Avg Rec loss: 2.921181]
[Epoch 82/100] [D Val loss: 8.058901] [G loss: 362.047820] [Rec loss: 2.234021] [LR C: 0.000000] [LR G: 0.000001]
++++++++++++++++++++++++++++++++
++++++++++++++++++++++++++++++++
[Epoch 83/100] [Avg D loss: -25.147219] [Avg G loss: 486.010121] [Avg Rec loss: 2.784757]
[Epoch 83/100] [D Val loss: 8.008691] [G loss: 363.954718] [Rec loss: 2.251326] [LR C: 0.000000] [LR G: 0.000001]
++++++++++++++++++++++++++++++++
++++++++++++++++++++++++++++++++
[Epoch 84/100] [Avg D loss: -24.600855] [Avg G loss: 500.627626] [Avg Rec loss: 2.866527]
[Epoch 84/100] [D Val loss: 7.480219] [G loss: 362.593097] [Rec loss: 2.234777] [LR C: 0.000000] [LR G: 0.000001]
++++++++++++++++++++++++++++++++
++++++++++++++++++++++++++++++++
[Epoch 85/100] [Avg D loss: -24.497621] [Avg G loss: 492.062621] [Avg Rec loss: 2.818493]
[Epoch 85/100] [D Val loss: 5.796993] [G loss: 366.838508] [Rec loss: 2.244095] [LR C: 0.000000] [LR G: 0.000001]
++++++++++++++++++++++++++++++++
++++++++++++++++++++++++++++++++
[Epoch 86/100] [Avg D loss: -22.992676] [Avg G loss: 501.314514] [Avg Rec loss: 2.867941]
[Epoch 86/100] [D Val loss: 9.244917] [G loss: 364.936999] [Rec loss: 2.252731] [LR C: 0.000000] [LR G: 0.000001]
++++++++++++++++++++++++++++++++
++++++++++++++++++++++++++++++++
[Epoch 87/100] [Avg D loss: -26.240546] [Avg G loss: 514.689697] [Avg Rec loss: 2.933184]
[Epoch 87/100] [D Val loss: 8.272564] [G loss: 365.217908] [Rec loss: 2.240222] [LR C: 0.000000] [LR G: 0.000000]
++++++++++++++++++++++++++++++++
++++++++++++++++++++++++++++++++
[Epoch 88/100] [Avg D loss: -26.607690] [Avg G loss: 486.848938] [Avg Rec loss: 2.775271]
[Epoch 88/100] [D Val loss: 8.169758] [G loss: 363.631014] [Rec loss: 2.239185] [LR C: 0.000000] [LR G: 0.000000]
++++++++++++++++++++++++++++++++
++++++++++++++++++++++++++++++++
[Epoch 89/100] [Avg D loss: -25.858884] [Avg G loss: 500.341686] [Avg Rec loss: 2.855232]
[Epoch 89/100] [D Val loss: 7.852728] [G loss: 364.742686] [Rec loss: 2.239983] [LR C: 0.000000] [LR G: 0.000000]
++++++++++++++++++++++++++++++++
++++++++++++++++++++++++++++++++
[Epoch 90/100] [Avg D loss: -25.781370] [Avg G loss: 491.339686] [Avg Rec loss: 2.807954]
[Epoch 90/100] [D Val loss: 7.987620] [G loss: 364.854128] [Rec loss: 2.250235] [LR C: 0.000000] [LR G: 0.000000]
++++++++++++++++++++++++++++++++
++++++++++++++++++++++++++++++++
[Epoch 91/100] [Avg D loss: -24.624264] [Avg G loss: 496.804444] [Avg Rec loss: 2.837252]
[Epoch 91/100] [D Val loss: 7.701565] [G loss: 366.156737] [Rec loss: 2.251490] [LR C: 0.000000] [LR G: 0.000000]
++++++++++++++++++++++++++++++++
++++++++++++++++++++++++++++++++
[Epoch 92/100] [Avg D loss: -25.545075] [Avg G loss: 513.383531] [Avg Rec loss: 2.931592]
[Epoch 92/100] [D Val loss: 7.904189] [G loss: 363.761019] [Rec loss: 2.240460] [LR C: 0.000000] [LR G: 0.000000]
++++++++++++++++++++++++++++++++
++++++++++++++++++++++++++++++++
[Epoch 93/100] [Avg D loss: -25.726520] [Avg G loss: 485.918852] [Avg Rec loss: 2.774612]
[Epoch 93/100] [D Val loss: 7.663169] [G loss: 363.612065] [Rec loss: 2.239821] [LR C: 0.000000] [LR G: 0.000000]
++++++++++++++++++++++++++++++++
++++++++++++++++++++++++++++++++
[Epoch 94/100] [Avg D loss: -25.262929] [Avg G loss: 499.294880] [Avg Rec loss: 2.853684]
[Epoch 94/100] [D Val loss: 7.896640] [G loss: 363.691177] [Rec loss: 2.240829] [LR C: 0.000000] [LR G: 0.000000]
++++++++++++++++++++++++++++++++
++++++++++++++++++++++++++++++++
[Epoch 95/100] [Avg D loss: -25.004052] [Avg G loss: 490.933388] [Avg Rec loss: 2.808501]
[Epoch 95/100] [D Val loss: 8.057627] [G loss: 364.961592] [Rec loss: 2.251145] [LR C: 0.000000] [LR G: 0.000000]
++++++++++++++++++++++++++++++++
++++++++++++++++++++++++++++++++
[Epoch 96/100] [Avg D loss: -24.210732] [Avg G loss: 497.255233] [Avg Rec loss: 2.841534]
[Epoch 96/100] [D Val loss: 7.765131] [G loss: 365.337954] [Rec loss: 2.251918] [LR C: 0.000000] [LR G: 0.000000]
++++++++++++++++++++++++++++++++
++++++++++++++++++++++++++++++++
[Epoch 97/100] [Avg D loss: -25.094652] [Avg G loss: 512.760256] [Avg Rec loss: 2.930320]
[Epoch 97/100] [D Val loss: 7.344804] [G loss: 365.479666] [Rec loss: 2.241286] [LR C: 0.000000] [LR G: 0.000000]
++++++++++++++++++++++++++++++++
++++++++++++++++++++++++++++++++
[Epoch 98/100] [Avg D loss: -25.595473] [Avg G loss: 485.675469] [Avg Rec loss: 2.774165]
[Epoch 98/100] [D Val loss: 7.592756] [G loss: 362.795841] [Rec loss: 2.234839] [LR C: 0.000000] [LR G: 0.000000]
++++++++++++++++++++++++++++++++
++++++++++++++++++++++++++++++++
[Epoch 99/100] [Avg D loss: -25.577700] [Avg G loss: 498.657709] [Avg Rec loss: 2.848917]
[Epoch 99/100] [D Val loss: 7.676764] [G loss: 363.705343] [Rec loss: 2.237733] [LR C: 0.000000] [LR G: 0.000000]
++++++++++++++++++++++++++++++++
++++++++++++++++++++++++++++++++
[Epoch 100/100] [Avg D loss: -25.512555] [Avg G loss: 490.889345] [Avg Rec loss: 2.805962]
[Epoch 100/100] [D Val loss: 8.553412] [G loss: 364.849404] [Rec loss: 2.249622] [LR C: 0.000000] [LR G: 0.000000]
++++++++++++++++++++++++++++++++
wandb: Waiting for W&B process to finish... (success).
wandb: - 0.000 MB of 0.000 MB uploaded (0.000 MB deduped)
wandb: \ 0.000 MB of 0.000 MB uploaded (0.000 MB deduped)
wandb:                                                                                
wandb: You can sync this run to the cloud by running:
wandb: wandb sync /cpfs01/projects-HDD/cfff-4a8d9af84f66_HDD/public/ShiXiSheng/yzy/yzy_results/ex23_onestepwgan_cri5_182_weightmae_aheadtop_0.008/wandb/offline-run-20241114_072445-m4y3jghawgan
wandb: Find logs at: ./yzy_results/ex23_onestepwgan_cri5_182_weightmae_aheadtop_0.008/wandb/offline-run-20241114_072445-m4y3jghawgan/logs
/cpfs01/projects-HDD/cfff-4a8d9af84f66_HDD/yinzunyi/py3.9/lib/python3.9/site-packages/xarray/core/concat.py:527: FutureWarning: unique with argument that is not not a Series, Index, ExtensionArray, or np.ndarray is deprecated and will raise in a future version.
  common_dims = tuple(pd.unique([d for v in vars for d in v.dims]))
/cpfs01/projects-HDD/cfff-4a8d9af84f66_HDD/public/ShiXiSheng/yzy/precipitation_downscaling-bing_issue09_bias_correction/models/network_unet.py:217: UserWarning: nn.init.xavier_uniform is now deprecated in favor of nn.init.xavier_uniform_.
  torch.nn.init.xavier_uniform(self.output.weight)
wandb: Tracking run with wandb version 0.13.2
wandb: W&B syncing is set to `offline` in this directory.  
wandb: Run `wandb online` or set WANDB_MODE=online to enable cloud syncing.
/cpfs01/projects-HDD/cfff-4a8d9af84f66_HDD/public/ShiXiSheng/yzy/precipitation_downscaling-bing_issue09_bias_correction/train_scripts/wgan_train.py:33: UserWarning: To copy construct from a tensor, it is recommended to use sourceTensor.clone().detach() or sourceTensor.clone().detach().requires_grad_(True), rather than torch.tensor(sourceTensor).
  weights = torch.tensor(y_true,requires_grad=False) #
The patch size for prepitation is 16
K 值是多少让我看看： 0.008
self.prcp_indexes: [4, 5, 9]
Going to open the following files: /cpfs01/projects-HDD/cfff-4a8d9af84f66_HDD/public/ShiXiSheng/yzy/downscaling_precipitation/precip_dataset_new/train
Going to open the following files: [PosixPath('/cpfs01/projects-HDD/cfff-4a8d9af84f66_HDD/public/ShiXiSheng/yzy/downscaling_precipitation/precip_dataset_new/train/preproc_ifs_radklim_2016-01.nc'), PosixPath('/cpfs01/projects-HDD/cfff-4a8d9af84f66_HDD/public/ShiXiSheng/yzy/downscaling_precipitation/precip_dataset_new/train/preproc_ifs_radklim_2016-02.nc'), PosixPath('/cpfs01/projects-HDD/cfff-4a8d9af84f66_HDD/public/ShiXiSheng/yzy/downscaling_precipitation/precip_dataset_new/train/preproc_ifs_radklim_2016-03.nc'), PosixPath('/cpfs01/projects-HDD/cfff-4a8d9af84f66_HDD/public/ShiXiSheng/yzy/downscaling_precipitation/precip_dataset_new/train/preproc_ifs_radklim_2016-04.nc'), PosixPath('/cpfs01/projects-HDD/cfff-4a8d9af84f66_HDD/public/ShiXiSheng/yzy/downscaling_precipitation/precip_dataset_new/train/preproc_ifs_radklim_2016-05.nc'), PosixPath('/cpfs01/projects-HDD/cfff-4a8d9af84f66_HDD/public/ShiXiSheng/yzy/downscaling_precipitation/precip_dataset_new/train/preproc_ifs_radklim_2016-06.nc'), PosixPath('/cpfs01/projects-HDD/cfff-4a8d9af84f66_HDD/public/ShiXiSheng/yzy/downscaling_precipitation/precip_dataset_new/train/preproc_ifs_radklim_2016-07.nc'), PosixPath('/cpfs01/projects-HDD/cfff-4a8d9af84f66_HDD/public/ShiXiSheng/yzy/downscaling_precipitation/precip_dataset_new/train/preproc_ifs_radklim_2018-02.nc'), PosixPath('/cpfs01/projects-HDD/cfff-4a8d9af84f66_HDD/public/ShiXiSheng/yzy/downscaling_precipitation/precip_dataset_new/train/preproc_ifs_radklim_2018-03.nc'), PosixPath('/cpfs01/projects-HDD/cfff-4a8d9af84f66_HDD/public/ShiXiSheng/yzy/downscaling_precipitation/precip_dataset_new/train/preproc_ifs_radklim_2018-04.nc'), PosixPath('/cpfs01/projects-HDD/cfff-4a8d9af84f66_HDD/public/ShiXiSheng/yzy/downscaling_precipitation/precip_dataset_new/train/preproc_ifs_radklim_2018-05.nc'), PosixPath('/cpfs01/projects-HDD/cfff-4a8d9af84f66_HDD/public/ShiXiSheng/yzy/downscaling_precipitation/precip_dataset_new/train/preproc_ifs_radklim_2018-06.nc'), PosixPath('/cpfs01/projects-HDD/cfff-4a8d9af84f66_HDD/public/ShiXiSheng/yzy/downscaling_precipitation/precip_dataset_new/train/preproc_ifs_radklim_2018-07.nc'), PosixPath('/cpfs01/projects-HDD/cfff-4a8d9af84f66_HDD/public/ShiXiSheng/yzy/downscaling_precipitation/precip_dataset_new/train/preproc_ifs_radklim_2018-08.nc'), PosixPath('/cpfs01/projects-HDD/cfff-4a8d9af84f66_HDD/public/ShiXiSheng/yzy/downscaling_precipitation/precip_dataset_new/train/preproc_ifs_radklim_2018-09.nc'), PosixPath('/cpfs01/projects-HDD/cfff-4a8d9af84f66_HDD/public/ShiXiSheng/yzy/downscaling_precipitation/precip_dataset_new/train/preproc_ifs_radklim_2018-10.nc'), PosixPath('/cpfs01/projects-HDD/cfff-4a8d9af84f66_HDD/public/ShiXiSheng/yzy/downscaling_precipitation/precip_dataset_new/train/preproc_ifs_radklim_2018-11.nc'), PosixPath('/cpfs01/projects-HDD/cfff-4a8d9af84f66_HDD/public/ShiXiSheng/yzy/downscaling_precipitation/precip_dataset_new/train/preproc_ifs_radklim_2018-12.nc'), PosixPath('/cpfs01/projects-HDD/cfff-4a8d9af84f66_HDD/public/ShiXiSheng/yzy/downscaling_precipitation/precip_dataset_new/train/preproc_ifs_radklim_2019-01.nc'), PosixPath('/cpfs01/projects-HDD/cfff-4a8d9af84f66_HDD/public/ShiXiSheng/yzy/downscaling_precipitation/precip_dataset_new/train/preproc_ifs_radklim_2019-02.nc'), PosixPath('/cpfs01/projects-HDD/cfff-4a8d9af84f66_HDD/public/ShiXiSheng/yzy/downscaling_precipitation/precip_dataset_new/train/preproc_ifs_radklim_2019-03.nc'), PosixPath('/cpfs01/projects-HDD/cfff-4a8d9af84f66_HDD/public/ShiXiSheng/yzy/downscaling_precipitation/precip_dataset_new/train/preproc_ifs_radklim_2019-05.nc'), PosixPath('/cpfs01/projects-HDD/cfff-4a8d9af84f66_HDD/public/ShiXiSheng/yzy/downscaling_precipitation/precip_dataset_new/train/preproc_ifs_radklim_2019-06.nc'), PosixPath('/cpfs01/projects-HDD/cfff-4a8d9af84f66_HDD/public/ShiXiSheng/yzy/downscaling_precipitation/precip_dataset_new/train/preproc_ifs_radklim_2019-07.nc'), PosixPath('/cpfs01/projects-HDD/cfff-4a8d9af84f66_HDD/public/ShiXiSheng/yzy/downscaling_precipitation/precip_dataset_new/train/preproc_ifs_radklim_2019-08.nc'), PosixPath('/cpfs01/projects-HDD/cfff-4a8d9af84f66_HDD/public/ShiXiSheng/yzy/downscaling_precipitation/precip_dataset_new/train/preproc_ifs_radklim_2019-09.nc'), PosixPath('/cpfs01/projects-HDD/cfff-4a8d9af84f66_HDD/public/ShiXiSheng/yzy/downscaling_precipitation/precip_dataset_new/train/preproc_ifs_radklim_2019-10.nc'), PosixPath('/cpfs01/projects-HDD/cfff-4a8d9af84f66_HDD/public/ShiXiSheng/yzy/downscaling_precipitation/precip_dataset_new/train/preproc_ifs_radklim_2019-11.nc'), PosixPath('/cpfs01/projects-HDD/cfff-4a8d9af84f66_HDD/public/ShiXiSheng/yzy/downscaling_precipitation/precip_dataset_new/train/preproc_ifs_radklim_2019-12.nc')]
Going to open the following files: [PosixPath('/cpfs01/projects-HDD/cfff-4a8d9af84f66_HDD/public/ShiXiSheng/yzy/downscaling_precipitation/precip_dataset_new/train/preproc_ifs_radklim_2016-01.nc'), PosixPath('/cpfs01/projects-HDD/cfff-4a8d9af84f66_HDD/public/ShiXiSheng/yzy/downscaling_precipitation/precip_dataset_new/train/preproc_ifs_radklim_2016-02.nc'), PosixPath('/cpfs01/projects-HDD/cfff-4a8d9af84f66_HDD/public/ShiXiSheng/yzy/downscaling_precipitation/precip_dataset_new/train/preproc_ifs_radklim_2016-03.nc'), PosixPath('/cpfs01/projects-HDD/cfff-4a8d9af84f66_HDD/public/ShiXiSheng/yzy/downscaling_precipitation/precip_dataset_new/train/preproc_ifs_radklim_2016-04.nc'), PosixPath('/cpfs01/projects-HDD/cfff-4a8d9af84f66_HDD/public/ShiXiSheng/yzy/downscaling_precipitation/precip_dataset_new/train/preproc_ifs_radklim_2016-05.nc'), PosixPath('/cpfs01/projects-HDD/cfff-4a8d9af84f66_HDD/public/ShiXiSheng/yzy/downscaling_precipitation/precip_dataset_new/train/preproc_ifs_radklim_2016-06.nc'), PosixPath('/cpfs01/projects-HDD/cfff-4a8d9af84f66_HDD/public/ShiXiSheng/yzy/downscaling_precipitation/precip_dataset_new/train/preproc_ifs_radklim_2016-07.nc'), PosixPath('/cpfs01/projects-HDD/cfff-4a8d9af84f66_HDD/public/ShiXiSheng/yzy/downscaling_precipitation/precip_dataset_new/train/preproc_ifs_radklim_2018-02.nc'), PosixPath('/cpfs01/projects-HDD/cfff-4a8d9af84f66_HDD/public/ShiXiSheng/yzy/downscaling_precipitation/precip_dataset_new/train/preproc_ifs_radklim_2018-03.nc'), PosixPath('/cpfs01/projects-HDD/cfff-4a8d9af84f66_HDD/public/ShiXiSheng/yzy/downscaling_precipitation/precip_dataset_new/train/preproc_ifs_radklim_2018-04.nc'), PosixPath('/cpfs01/projects-HDD/cfff-4a8d9af84f66_HDD/public/ShiXiSheng/yzy/downscaling_precipitation/precip_dataset_new/train/preproc_ifs_radklim_2018-05.nc'), PosixPath('/cpfs01/projects-HDD/cfff-4a8d9af84f66_HDD/public/ShiXiSheng/yzy/downscaling_precipitation/precip_dataset_new/train/preproc_ifs_radklim_2018-06.nc'), PosixPath('/cpfs01/projects-HDD/cfff-4a8d9af84f66_HDD/public/ShiXiSheng/yzy/downscaling_precipitation/precip_dataset_new/train/preproc_ifs_radklim_2018-07.nc'), PosixPath('/cpfs01/projects-HDD/cfff-4a8d9af84f66_HDD/public/ShiXiSheng/yzy/downscaling_precipitation/precip_dataset_new/train/preproc_ifs_radklim_2018-08.nc'), PosixPath('/cpfs01/projects-HDD/cfff-4a8d9af84f66_HDD/public/ShiXiSheng/yzy/downscaling_precipitation/precip_dataset_new/train/preproc_ifs_radklim_2018-09.nc'), PosixPath('/cpfs01/projects-HDD/cfff-4a8d9af84f66_HDD/public/ShiXiSheng/yzy/downscaling_precipitation/precip_dataset_new/train/preproc_ifs_radklim_2018-10.nc'), PosixPath('/cpfs01/projects-HDD/cfff-4a8d9af84f66_HDD/public/ShiXiSheng/yzy/downscaling_precipitation/precip_dataset_new/train/preproc_ifs_radklim_2018-11.nc'), PosixPath('/cpfs01/projects-HDD/cfff-4a8d9af84f66_HDD/public/ShiXiSheng/yzy/downscaling_precipitation/precip_dataset_new/train/preproc_ifs_radklim_2018-12.nc'), PosixPath('/cpfs01/projects-HDD/cfff-4a8d9af84f66_HDD/public/ShiXiSheng/yzy/downscaling_precipitation/precip_dataset_new/train/preproc_ifs_radklim_2019-01.nc'), PosixPath('/cpfs01/projects-HDD/cfff-4a8d9af84f66_HDD/public/ShiXiSheng/yzy/downscaling_precipitation/precip_dataset_new/train/preproc_ifs_radklim_2019-02.nc'), PosixPath('/cpfs01/projects-HDD/cfff-4a8d9af84f66_HDD/public/ShiXiSheng/yzy/downscaling_precipitation/precip_dataset_new/train/preproc_ifs_radklim_2019-03.nc'), PosixPath('/cpfs01/projects-HDD/cfff-4a8d9af84f66_HDD/public/ShiXiSheng/yzy/downscaling_precipitation/precip_dataset_new/train/preproc_ifs_radklim_2019-05.nc'), PosixPath('/cpfs01/projects-HDD/cfff-4a8d9af84f66_HDD/public/ShiXiSheng/yzy/downscaling_precipitation/precip_dataset_new/train/preproc_ifs_radklim_2019-06.nc'), PosixPath('/cpfs01/projects-HDD/cfff-4a8d9af84f66_HDD/public/ShiXiSheng/yzy/downscaling_precipitation/precip_dataset_new/train/preproc_ifs_radklim_2019-07.nc'), PosixPath('/cpfs01/projects-HDD/cfff-4a8d9af84f66_HDD/public/ShiXiSheng/yzy/downscaling_precipitation/precip_dataset_new/train/preproc_ifs_radklim_2019-08.nc'), PosixPath('/cpfs01/projects-HDD/cfff-4a8d9af84f66_HDD/public/ShiXiSheng/yzy/downscaling_precipitation/precip_dataset_new/train/preproc_ifs_radklim_2019-09.nc'), PosixPath('/cpfs01/projects-HDD/cfff-4a8d9af84f66_HDD/public/ShiXiSheng/yzy/downscaling_precipitation/precip_dataset_new/train/preproc_ifs_radklim_2019-10.nc'), PosixPath('/cpfs01/projects-HDD/cfff-4a8d9af84f66_HDD/public/ShiXiSheng/yzy/downscaling_precipitation/precip_dataset_new/train/preproc_ifs_radklim_2019-11.nc'), PosixPath('/cpfs01/projects-HDD/cfff-4a8d9af84f66_HDD/public/ShiXiSheng/yzy/downscaling_precipitation/precip_dataset_new/train/preproc_ifs_radklim_2019-12.nc')]
Loading data from the file: [PosixPath('/cpfs01/projects-HDD/cfff-4a8d9af84f66_HDD/public/ShiXiSheng/yzy/downscaling_precipitation/precip_dataset_new/train/preproc_ifs_radklim_2016-01.nc'), PosixPath('/cpfs01/projects-HDD/cfff-4a8d9af84f66_HDD/public/ShiXiSheng/yzy/downscaling_precipitation/precip_dataset_new/train/preproc_ifs_radklim_2016-02.nc'), PosixPath('/cpfs01/projects-HDD/cfff-4a8d9af84f66_HDD/public/ShiXiSheng/yzy/downscaling_precipitation/precip_dataset_new/train/preproc_ifs_radklim_2016-03.nc'), PosixPath('/cpfs01/projects-HDD/cfff-4a8d9af84f66_HDD/public/ShiXiSheng/yzy/downscaling_precipitation/precip_dataset_new/train/preproc_ifs_radklim_2016-04.nc'), PosixPath('/cpfs01/projects-HDD/cfff-4a8d9af84f66_HDD/public/ShiXiSheng/yzy/downscaling_precipitation/precip_dataset_new/train/preproc_ifs_radklim_2016-05.nc'), PosixPath('/cpfs01/projects-HDD/cfff-4a8d9af84f66_HDD/public/ShiXiSheng/yzy/downscaling_precipitation/precip_dataset_new/train/preproc_ifs_radklim_2016-06.nc'), PosixPath('/cpfs01/projects-HDD/cfff-4a8d9af84f66_HDD/public/ShiXiSheng/yzy/downscaling_precipitation/precip_dataset_new/train/preproc_ifs_radklim_2016-07.nc'), PosixPath('/cpfs01/projects-HDD/cfff-4a8d9af84f66_HDD/public/ShiXiSheng/yzy/downscaling_precipitation/precip_dataset_new/train/preproc_ifs_radklim_2018-02.nc'), PosixPath('/cpfs01/projects-HDD/cfff-4a8d9af84f66_HDD/public/ShiXiSheng/yzy/downscaling_precipitation/precip_dataset_new/train/preproc_ifs_radklim_2018-03.nc'), PosixPath('/cpfs01/projects-HDD/cfff-4a8d9af84f66_HDD/public/ShiXiSheng/yzy/downscaling_precipitation/precip_dataset_new/train/preproc_ifs_radklim_2018-04.nc'), PosixPath('/cpfs01/projects-HDD/cfff-4a8d9af84f66_HDD/public/ShiXiSheng/yzy/downscaling_precipitation/precip_dataset_new/train/preproc_ifs_radklim_2018-05.nc'), PosixPath('/cpfs01/projects-HDD/cfff-4a8d9af84f66_HDD/public/ShiXiSheng/yzy/downscaling_precipitation/precip_dataset_new/train/preproc_ifs_radklim_2018-06.nc'), PosixPath('/cpfs01/projects-HDD/cfff-4a8d9af84f66_HDD/public/ShiXiSheng/yzy/downscaling_precipitation/precip_dataset_new/train/preproc_ifs_radklim_2018-07.nc'), PosixPath('/cpfs01/projects-HDD/cfff-4a8d9af84f66_HDD/public/ShiXiSheng/yzy/downscaling_precipitation/precip_dataset_new/train/preproc_ifs_radklim_2018-08.nc'), PosixPath('/cpfs01/projects-HDD/cfff-4a8d9af84f66_HDD/public/ShiXiSheng/yzy/downscaling_precipitation/precip_dataset_new/train/preproc_ifs_radklim_2018-09.nc'), PosixPath('/cpfs01/projects-HDD/cfff-4a8d9af84f66_HDD/public/ShiXiSheng/yzy/downscaling_precipitation/precip_dataset_new/train/preproc_ifs_radklim_2018-10.nc'), PosixPath('/cpfs01/projects-HDD/cfff-4a8d9af84f66_HDD/public/ShiXiSheng/yzy/downscaling_precipitation/precip_dataset_new/train/preproc_ifs_radklim_2018-11.nc'), PosixPath('/cpfs01/projects-HDD/cfff-4a8d9af84f66_HDD/public/ShiXiSheng/yzy/downscaling_precipitation/precip_dataset_new/train/preproc_ifs_radklim_2018-12.nc'), PosixPath('/cpfs01/projects-HDD/cfff-4a8d9af84f66_HDD/public/ShiXiSheng/yzy/downscaling_precipitation/precip_dataset_new/train/preproc_ifs_radklim_2019-01.nc'), PosixPath('/cpfs01/projects-HDD/cfff-4a8d9af84f66_HDD/public/ShiXiSheng/yzy/downscaling_precipitation/precip_dataset_new/train/preproc_ifs_radklim_2019-02.nc'), PosixPath('/cpfs01/projects-HDD/cfff-4a8d9af84f66_HDD/public/ShiXiSheng/yzy/downscaling_precipitation/precip_dataset_new/train/preproc_ifs_radklim_2019-03.nc'), PosixPath('/cpfs01/projects-HDD/cfff-4a8d9af84f66_HDD/public/ShiXiSheng/yzy/downscaling_precipitation/precip_dataset_new/train/preproc_ifs_radklim_2019-05.nc'), PosixPath('/cpfs01/projects-HDD/cfff-4a8d9af84f66_HDD/public/ShiXiSheng/yzy/downscaling_precipitation/precip_dataset_new/train/preproc_ifs_radklim_2019-06.nc'), PosixPath('/cpfs01/projects-HDD/cfff-4a8d9af84f66_HDD/public/ShiXiSheng/yzy/downscaling_precipitation/precip_dataset_new/train/preproc_ifs_radklim_2019-07.nc'), PosixPath('/cpfs01/projects-HDD/cfff-4a8d9af84f66_HDD/public/ShiXiSheng/yzy/downscaling_precipitation/precip_dataset_new/train/preproc_ifs_radklim_2019-08.nc'), PosixPath('/cpfs01/projects-HDD/cfff-4a8d9af84f66_HDD/public/ShiXiSheng/yzy/downscaling_precipitation/precip_dataset_new/train/preproc_ifs_radklim_2019-09.nc'), PosixPath('/cpfs01/projects-HDD/cfff-4a8d9af84f66_HDD/public/ShiXiSheng/yzy/downscaling_precipitation/precip_dataset_new/train/preproc_ifs_radklim_2019-10.nc'), PosixPath('/cpfs01/projects-HDD/cfff-4a8d9af84f66_HDD/public/ShiXiSheng/yzy/downscaling_precipitation/precip_dataset_new/train/preproc_ifs_radklim_2019-11.nc'), PosixPath('/cpfs01/projects-HDD/cfff-4a8d9af84f66_HDD/public/ShiXiSheng/yzy/downscaling_precipitation/precip_dataset_new/train/preproc_ifs_radklim_2019-12.nc')]
There is done
num_patches_images are 7 5
pre indexes are [4, 5, 9]
no nan idx 25397
There are No. 25397 patches out of 739865 without Nan Values 
Minimum value of tp in vars_in_patches(having log): 0.0
Maximum value of tp in vars_in_patches(having log): 8.18589973449707
Distribution of tp in different rainfall intervals:
-0.1 to 0.1: 25.75%
0.1 to 2: 71.33%
2 to 4: 2.50%
4 to 8: 0.37%
8 to 20: 0.04%
20 to 30: 0.00%
30 to inf: 0.00%
Distribution of tp in vars_out_orig_patches in different rainfall intervals:
-0.1 to 0.1: 60.60%
0.1 to 2: 34.94%
2 to 4: 3.47%
4 to 8: 0.89%
8 to 20: 0.11%
20 to 30: 0.00%
30 to inf: 0.00%
self.times_patches_list: tensor([[2016,    1,    2,    6],
        [2016,    1,    2,    7],
        [2016,    1,    2,    8],
        ...,
        [2019,   12,   30,    4],
        [2019,   12,   30,    4],
        [2019,   12,   30,    4]], device='cpu', dtype=torch.int32)
save stats
i tensor(-4.5178e-13, device='cpu')
save stats
i tensor(-2.1600e-16, device='cpu')
save stats
i tensor(82071.3359, device='cpu')
save stats
i tensor(1.6654, device='cpu')
save stats
i tensor(0., device='cpu')
save stats
i tensor(0., device='cpu')
save stats
i tensor(-1.8591e-09, device='cpu')
save stats
i tensor(-23.0063, device='cpu')
save stats
i tensor(-35.2889, device='cpu')
save stats
i tensor(0., device='cpu')
The statistic has been stored to the json file:  /cpfs01/projects-HDD/cfff-4a8d9af84f66_HDD/public/ShiXiSheng/yzy/downscaling_precipitation/precip_dataset_new/train/statistics.json
The total number of samples after filtering NaN and zeros values: 25397
Shuffling the index ....
idx_perm [11676 15961  6877 ...  7812 18002 16014]
K 值是多少让我看看： 0.008
self.prcp_indexes: [4, 5, 9]
Going to open the following files: /cpfs01/projects-HDD/cfff-4a8d9af84f66_HDD/public/ShiXiSheng/yzy/downscaling_precipitation/precip_dataset_new/val
Going to open the following files: [PosixPath('/cpfs01/projects-HDD/cfff-4a8d9af84f66_HDD/public/ShiXiSheng/yzy/downscaling_precipitation/precip_dataset_new/val/2017-01/preproc_ifs_radklim_2017-01.nc')]
Going to open the following files: [PosixPath('/cpfs01/projects-HDD/cfff-4a8d9af84f66_HDD/public/ShiXiSheng/yzy/downscaling_precipitation/precip_dataset_new/val/2017-01/preproc_ifs_radklim_2017-01.nc')]
Loading data from the file: [PosixPath('/cpfs01/projects-HDD/cfff-4a8d9af84f66_HDD/public/ShiXiSheng/yzy/downscaling_precipitation/precip_dataset_new/val/2017-01/preproc_ifs_radklim_2017-01.nc')]
There is done
num_patches_images are 7 5
pre indexes are [4, 5, 9]
no nan idx 1421
There are No. 1421 patches out of 26005 without Nan Values 
Minimum value of tp in vars_in_patches(having log): 0.0
Maximum value of tp in vars_in_patches(having log): 6.580108642578125
Distribution of tp in different rainfall intervals:
-0.1 to 0.1: 27.75%
0.1 to 2: 71.33%
2 to 4: 0.89%
4 to 8: 0.03%
8 to 20: 0.00%
20 to 30: 0.00%
30 to inf: 0.00%
Distribution of tp in vars_out_orig_patches in different rainfall intervals:
-0.1 to 0.1: 62.89%
0.1 to 2: 35.08%
2 to 4: 1.83%
4 to 8: 0.19%
8 to 20: 0.00%
20 to 30: 0.00%
30 to inf: 0.00%
self.times_patches_list: tensor([[2017,    1,    1,   17],
        [2017,    1,    1,   17],
        [2017,    1,    1,   18],
        ...,
        [2017,    2,    1,    0],
        [2017,    2,    1,    1],
        [2017,    2,    1,    2]], device='cpu', dtype=torch.int32)
Loading the stats file: /cpfs01/projects-HDD/cfff-4a8d9af84f66_HDD/public/ShiXiSheng/yzy/downscaling_precipitation/precip_dataset_new/train/statistics.json
The total number of samples after filtering NaN and zeros values: 1421
The model wgan is selected for training
i 0
i 1
i 2
i 3
i 4
i 5
i 6
i 0
i 0
i 0
Total trainalbe parameters of the generator: 3706049
Total trainalbe parameters of the critic: 1584641
 size of dataset 25397 batch size 24
 iterations 1058.2083333333333
++++++++++++++++++++++++++++++++
[Epoch 1/120] [Avg D loss: 7.228747] [Avg G loss: 1553.462196] [Avg Rec loss: 8.398705]
[Epoch 1/120] [D Val loss: 4.077990] [G loss: 891.144709] [Rec loss: 4.816752] [LR C: 0.000001] [LR G: 0.000010]
++++++++++++++++++++++++++++++++
++++++++++++++++++++++++++++++++
[Epoch 2/120] [Avg D loss: 1.123231] [Avg G loss: 1131.295816] [Avg Rec loss: 6.117019]
[Epoch 2/120] [D Val loss: 2.690345] [G loss: 730.125338] [Rec loss: 3.944564] [LR C: 0.000001] [LR G: 0.000010]
++++++++++++++++++++++++++++++++
++++++++++++++++++++++++++++++++
[Epoch 3/120] [Avg D loss: -0.016149] [Avg G loss: 890.244718] [Avg Rec loss: 4.813857]
[Epoch 3/120] [D Val loss: 1.006029] [G loss: 676.876250] [Rec loss: 3.658936] [LR C: 0.000001] [LR G: 0.000010]
++++++++++++++++++++++++++++++++
++++++++++++++++++++++++++++++++
[Epoch 4/120] [Avg D loss: -0.550930] [Avg G loss: 822.039106] [Avg Rec loss: 4.444784]
[Epoch 4/120] [D Val loss: 2.431683] [G loss: 653.580926] [Rec loss: 3.537725] [LR C: 0.000001] [LR G: 0.000010]
++++++++++++++++++++++++++++++++
++++++++++++++++++++++++++++++++
[Epoch 5/120] [Avg D loss: -1.114754] [Avg G loss: 753.369526] [Avg Rec loss: 4.073500]
[Epoch 5/120] [D Val loss: 3.389683] [G loss: 600.580610] [Rec loss: 3.254370] [LR C: 0.000001] [LR G: 0.000010]
++++++++++++++++++++++++++++++++
++++++++++++++++++++++++++++++++
[Epoch 6/120] [Avg D loss: -1.810450] [Avg G loss: 718.161852] [Avg Rec loss: 3.883557]
[Epoch 6/120] [D Val loss: 5.016134] [G loss: 664.640818] [Rec loss: 3.610584] [LR C: 0.000001] [LR G: 0.000010]
++++++++++++++++++++++++++++++++
++++++++++++++++++++++++++++++++
[Epoch 7/120] [Avg D loss: -2.579468] [Avg G loss: 716.874106] [Avg Rec loss: 3.876907]
[Epoch 7/120] [D Val loss: 7.658044] [G loss: 764.416623] [Rec loss: 4.164346] [LR C: 0.000001] [LR G: 0.000010]
++++++++++++++++++++++++++++++++
++++++++++++++++++++++++++++++++
[Epoch 8/120] [Avg D loss: -3.344994] [Avg G loss: 672.076773] [Avg Rec loss: 3.634692]
[Epoch 8/120] [D Val loss: 10.836960] [G loss: 704.782238] [Rec loss: 3.860541] [LR C: 0.000001] [LR G: 0.000010]
++++++++++++++++++++++++++++++++
++++++++++++++++++++++++++++++++
[Epoch 9/120] [Avg D loss: -4.198482] [Avg G loss: 677.324689] [Avg Rec loss: 3.662827]
[Epoch 9/120] [D Val loss: 7.603071] [G loss: 596.395158] [Rec loss: 3.254594] [LR C: 0.000001] [LR G: 0.000010]
++++++++++++++++++++++++++++++++
++++++++++++++++++++++++++++++++
[Epoch 10/120] [Avg D loss: -5.063152] [Avg G loss: 656.618469] [Avg Rec loss: 3.550472]
[Epoch 10/120] [D Val loss: 11.428091] [G loss: 629.886565] [Rec loss: 3.456549] [LR C: 0.000001] [LR G: 0.000010]
++++++++++++++++++++++++++++++++
++++++++++++++++++++++++++++++++
[Epoch 11/120] [Avg D loss: -6.044774] [Avg G loss: 647.156496] [Avg Rec loss: 3.498308]
[Epoch 11/120] [D Val loss: 27.457745] [G loss: 849.032807] [Rec loss: 4.728042] [LR C: 0.000001] [LR G: 0.000010]
++++++++++++++++++++++++++++++++
++++++++++++++++++++++++++++++++
[Epoch 12/120] [Avg D loss: -7.101213] [Avg G loss: 655.521064] [Avg Rec loss: 3.542591]
[Epoch 12/120] [D Val loss: 17.805274] [G loss: 637.096521] [Rec loss: 3.530561] [LR C: 0.000001] [LR G: 0.000010]
++++++++++++++++++++++++++++++++
++++++++++++++++++++++++++++++++
[Epoch 13/120] [Avg D loss: -8.199054] [Avg G loss: 618.149465] [Avg Rec loss: 3.339514]
[Epoch 13/120] [D Val loss: 35.176920] [G loss: 821.680574] [Rec loss: 4.622163] [LR C: 0.000001] [LR G: 0.000010]
++++++++++++++++++++++++++++++++
++++++++++++++++++++++++++++++++
[Epoch 14/120] [Avg D loss: -9.371682] [Avg G loss: 634.881258] [Avg Rec loss: 3.429567]
[Epoch 14/120] [D Val loss: 18.018254] [G loss: 581.492553] [Rec loss: 3.232852] [LR C: 0.000001] [LR G: 0.000010]
++++++++++++++++++++++++++++++++
++++++++++++++++++++++++++++++++
[Epoch 15/120] [Avg D loss: -10.643048] [Avg G loss: 624.803616] [Avg Rec loss: 3.374211]
[Epoch 15/120] [D Val loss: 19.794183] [G loss: 573.962069] [Rec loss: 3.200813] [LR C: 0.000001] [LR G: 0.000010]
++++++++++++++++++++++++++++++++
++++++++++++++++++++++++++++++++
[Epoch 16/120] [Avg D loss: -11.966196] [Avg G loss: 616.971778] [Avg Rec loss: 3.330126]
[Epoch 16/120] [D Val loss: 51.886801] [G loss: 782.219192] [Rec loss: 4.500307] [LR C: 0.000001] [LR G: 0.000010]
++++++++++++++++++++++++++++++++
++++++++++++++++++++++++++++++++
[Epoch 17/120] [Avg D loss: -13.326066] [Avg G loss: 632.622704] [Avg Rec loss: 3.413426]
[Epoch 17/120] [D Val loss: 25.014207] [G loss: 609.413168] [Rec loss: 3.415628] [LR C: 0.000001] [LR G: 0.000010]
++++++++++++++++++++++++++++++++
++++++++++++++++++++++++++++++++
[Epoch 18/120] [Avg D loss: -14.730077] [Avg G loss: 593.103730] [Avg Rec loss: 3.197202]
[Epoch 18/120] [D Val loss: 61.687954] [G loss: 803.313101] [Rec loss: 4.664137] [LR C: 0.000001] [LR G: 0.000010]
++++++++++++++++++++++++++++++++
++++++++++++++++++++++++++++++++
[Epoch 19/120] [Avg D loss: -16.193031] [Avg G loss: 614.797084] [Avg Rec loss: 3.313328]
[Epoch 19/120] [D Val loss: 22.350717] [G loss: 534.792813] [Rec loss: 3.002503] [LR C: 0.000001] [LR G: 0.000010]
++++++++++++++++++++++++++++++++
++++++++++++++++++++++++++++++++
[Epoch 20/120] [Avg D loss: -17.659711] [Avg G loss: 602.575329] [Avg Rec loss: 3.245129]
[Epoch 20/120] [D Val loss: 37.563146] [G loss: 583.849101] [Rec loss: 3.346231] [LR C: 0.000001] [LR G: 0.000010]
++++++++++++++++++++++++++++++++
++++++++++++++++++++++++++++++++
[Epoch 21/120] [Avg D loss: -19.233650] [Avg G loss: 597.016077] [Avg Rec loss: 3.211710]
[Epoch 21/120] [D Val loss: 78.949303] [G loss: 729.988017] [Rec loss: 4.358531] [LR C: 0.000001] [LR G: 0.000010]
++++++++++++++++++++++++++++++++
++++++++++++++++++++++++++++++++
[Epoch 22/120] [Avg D loss: -20.760676] [Avg G loss: 614.321463] [Avg Rec loss: 3.303816]
[Epoch 22/120] [D Val loss: 37.492322] [G loss: 539.269392] [Rec loss: 3.106157] [LR C: 0.000001] [LR G: 0.000010]
++++++++++++++++++++++++++++++++
++++++++++++++++++++++++++++++++
[Epoch 23/120] [Avg D loss: -22.326578] [Avg G loss: 579.118490] [Avg Rec loss: 3.109955]
[Epoch 23/120] [D Val loss: 63.615821] [G loss: 621.648640] [Rec loss: 3.686704] [LR C: 0.000001] [LR G: 0.000010]
++++++++++++++++++++++++++++++++
++++++++++++++++++++++++++++++++
[Epoch 24/120] [Avg D loss: -23.916263] [Avg G loss: 597.496617] [Avg Rec loss: 3.207418]
[Epoch 24/120] [D Val loss: 78.645787] [G loss: 611.186174] [Rec loss: 3.715486] [LR C: 0.000001] [LR G: 0.000010]
++++++++++++++++++++++++++++++++
++++++++++++++++++++++++++++++++
[Epoch 25/120] [Avg D loss: -25.599779] [Avg G loss: 589.938819] [Avg Rec loss: 3.164476]
[Epoch 25/120] [D Val loss: 49.196153] [G loss: 523.496026] [Rec loss: 3.077426] [LR C: 0.000001] [LR G: 0.000010]
++++++++++++++++++++++++++++++++
++++++++++++++++++++++++++++++++
[Epoch 26/120] [Avg D loss: -27.202198] [Avg G loss: 585.221558] [Avg Rec loss: 3.135646]
[Epoch 26/120] [D Val loss: 81.008055] [G loss: 585.591569] [Rec loss: 3.580031] [LR C: 0.000001] [LR G: 0.000010]
++++++++++++++++++++++++++++++++
++++++++++++++++++++++++++++++++
[Epoch 27/120] [Avg D loss: -29.009359] [Avg G loss: 599.573070] [Avg Rec loss: 3.210623]
[Epoch 27/120] [D Val loss: 70.248939] [G loss: 553.135800] [Rec loss: 3.345968] [LR C: 0.000001] [LR G: 0.000010]
++++++++++++++++++++++++++++++++
++++++++++++++++++++++++++++++++
[Epoch 28/120] [Avg D loss: -30.522676] [Avg G loss: 570.127632] [Avg Rec loss: 3.048457]
[Epoch 28/120] [D Val loss: 119.769367] [G loss: 599.206684] [Rec loss: 3.862235] [LR C: 0.000001] [LR G: 0.000010]
++++++++++++++++++++++++++++++++
++++++++++++++++++++++++++++++++
[Epoch 29/120] [Avg D loss: -32.251137] [Avg G loss: 588.633496] [Avg Rec loss: 3.146399]
[Epoch 29/120] [D Val loss: 89.316838] [G loss: 545.827526] [Rec loss: 3.403540] [LR C: 0.000001] [LR G: 0.000010]
++++++++++++++++++++++++++++++++
++++++++++++++++++++++++++++++++
[Epoch 30/120] [Avg D loss: -33.983774] [Avg G loss: 579.706194] [Avg Rec loss: 3.095855]
[Epoch 30/120] [D Val loss: 63.689016] [G loss: 479.863395] [Rec loss: 2.910175] [LR C: 0.000001] [LR G: 0.000010]
++++++++++++++++++++++++++++++++
++++++++++++++++++++++++++++++++
[Epoch 31/120] [Avg D loss: -35.554499] [Avg G loss: 577.479626] [Avg Rec loss: 3.080329]
[Epoch 31/120] [D Val loss: 89.998296] [G loss: 509.478168] [Rec loss: 3.206320] [LR C: 0.000001] [LR G: 0.000010]
++++++++++++++++++++++++++++++++
++++++++++++++++++++++++++++++++
[Epoch 32/120] [Avg D loss: -37.532183] [Avg G loss: 591.828374] [Avg Rec loss: 3.156141]
[Epoch 32/120] [D Val loss: 80.639448] [G loss: 485.624091] [Rec loss: 3.028361] [LR C: 0.000001] [LR G: 0.000010]
++++++++++++++++++++++++++++++++
++++++++++++++++++++++++++++++++
[Epoch 33/120] [Avg D loss: -38.422125] [Avg G loss: 563.615017] [Avg Rec loss: 3.001627]
[Epoch 33/120] [D Val loss: 147.508815] [G loss: 478.796970] [Rec loss: 3.358338] [LR C: 0.000001] [LR G: 0.000010]
++++++++++++++++++++++++++++++++
++++++++++++++++++++++++++++++++
[Epoch 34/120] [Avg D loss: -38.791714] [Avg G loss: 582.492055] [Avg Rec loss: 3.105261]
[Epoch 34/120] [D Val loss: 83.770553] [G loss: 421.639660] [Rec loss: 2.712175] [LR C: 0.000001] [LR G: 0.000010]
++++++++++++++++++++++++++++++++
++++++++++++++++++++++++++++++++
[Epoch 35/120] [Avg D loss: -9.482455] [Avg G loss: 557.901880] [Avg Rec loss: 3.105028]
[Epoch 35/120] [D Val loss: 21.282281] [G loss: 388.611775] [Rec loss: 2.331894] [LR C: 0.000001] [LR G: 0.000010]
++++++++++++++++++++++++++++++++
++++++++++++++++++++++++++++++++
[Epoch 36/120] [Avg D loss: -6.983072] [Avg G loss: 552.537640] [Avg Rec loss: 3.080016]
[Epoch 36/120] [D Val loss: 36.302204] [G loss: 388.153122] [Rec loss: 2.380070] [LR C: 0.000001] [LR G: 0.000010]
++++++++++++++++++++++++++++++++
++++++++++++++++++++++++++++++++
[Epoch 37/120] [Avg D loss: -10.574159] [Avg G loss: 568.582785] [Avg Rec loss: 3.148128]
[Epoch 37/120] [D Val loss: 25.873721] [G loss: 391.794586] [Rec loss: 2.344547] [LR C: 0.000001] [LR G: 0.000010]
++++++++++++++++++++++++++++++++
++++++++++++++++++++++++++++++++
[Epoch 38/120] [Avg D loss: -11.202646] [Avg G loss: 538.455180] [Avg Rec loss: 2.981524]
[Epoch 38/120] [D Val loss: 30.687018] [G loss: 397.564464] [Rec loss: 2.416079] [LR C: 0.000001] [LR G: 0.000010]
++++++++++++++++++++++++++++++++
++++++++++++++++++++++++++++++++
[Epoch 39/120] [Avg D loss: -13.250974] [Avg G loss: 557.093680] [Avg Rec loss: 3.076243]
[Epoch 39/120] [D Val loss: 25.480825] [G loss: 389.022310] [Rec loss: 2.334298] [LR C: 0.000001] [LR G: 0.000010]
++++++++++++++++++++++++++++++++
++++++++++++++++++++++++++++++++
[Epoch 40/120] [Avg D loss: -14.393902] [Avg G loss: 547.455533] [Avg Rec loss: 3.023990]
[Epoch 40/120] [D Val loss: 18.712583] [G loss: 383.114777] [Rec loss: 2.281785] [LR C: 0.000001] [LR G: 0.000010]
++++++++++++++++++++++++++++++++
++++++++++++++++++++++++++++++++
[Epoch 41/120] [Avg D loss: -15.341721] [Avg G loss: 544.726754] [Avg Rec loss: 3.010664]
[Epoch 41/120] [D Val loss: 31.033502] [G loss: 380.850895] [Rec loss: 2.333869] [LR C: 0.000001] [LR G: 0.000010]
++++++++++++++++++++++++++++++++
++++++++++++++++++++++++++++++++
[Epoch 42/120] [Avg D loss: -17.910064] [Avg G loss: 557.593076] [Avg Rec loss: 3.076694]
[Epoch 42/120] [D Val loss: 21.347578] [G loss: 380.742803] [Rec loss: 2.294850] [LR C: 0.000001] [LR G: 0.000010]
++++++++++++++++++++++++++++++++
++++++++++++++++++++++++++++++++
[Epoch 43/120] [Avg D loss: -17.714818] [Avg G loss: 529.106750] [Avg Rec loss: 2.926937]
[Epoch 43/120] [D Val loss: 29.012544] [G loss: 385.308175] [Rec loss: 2.376872] [LR C: 0.000001] [LR G: 0.000010]
++++++++++++++++++++++++++++++++
++++++++++++++++++++++++++++++++
[Epoch 44/120] [Avg D loss: -19.639283] [Avg G loss: 547.654667] [Avg Rec loss: 3.025240]
[Epoch 44/120] [D Val loss: 22.605231] [G loss: 376.023651] [Rec loss: 2.278646] [LR C: 0.000001] [LR G: 0.000010]
++++++++++++++++++++++++++++++++
++++++++++++++++++++++++++++++++
[Epoch 45/120] [Avg D loss: -20.480600] [Avg G loss: 538.970823] [Avg Rec loss: 2.978399]
[Epoch 45/120] [D Val loss: 15.713413] [G loss: 371.831654] [Rec loss: 2.238232] [LR C: 0.000001] [LR G: 0.000010]
++++++++++++++++++++++++++++++++
++++++++++++++++++++++++++++++++
[Epoch 46/120] [Avg D loss: -20.672003] [Avg G loss: 536.483596] [Avg Rec loss: 2.967667]
[Epoch 46/120] [D Val loss: 29.219970] [G loss: 372.931825] [Rec loss: 2.299703] [LR C: 0.000001] [LR G: 0.000010]
++++++++++++++++++++++++++++++++
++++++++++++++++++++++++++++++++
[Epoch 47/120] [Avg D loss: -23.113764] [Avg G loss: 548.902648] [Avg Rec loss: 3.031330]
[Epoch 47/120] [D Val loss: 22.731696] [G loss: 371.842502] [Rec loss: 2.273960] [LR C: 0.000001] [LR G: 0.000010]
++++++++++++++++++++++++++++++++
++++++++++++++++++++++++++++++++
[Epoch 48/120] [Avg D loss: -21.913855] [Avg G loss: 521.156612] [Avg Rec loss: 2.887957]
[Epoch 48/120] [D Val loss: 27.214694] [G loss: 374.006536] [Rec loss: 2.325253] [LR C: 0.000001] [LR G: 0.000010]
++++++++++++++++++++++++++++++++
++++++++++++++++++++++++++++++++
[Epoch 49/120] [Avg D loss: -23.823422] [Avg G loss: 540.076267] [Avg Rec loss: 2.987884]
[Epoch 49/120] [D Val loss: 22.834375] [G loss: 365.006834] [Rec loss: 2.235222] [LR C: 0.000001] [LR G: 0.000010]
++++++++++++++++++++++++++++++++
++++++++++++++++++++++++++++++++
[Epoch 50/120] [Avg D loss: -24.070423] [Avg G loss: 532.283656] [Avg Rec loss: 2.946702]
[Epoch 50/120] [D Val loss: 14.733263] [G loss: 365.840996] [Rec loss: 2.216839] [LR C: 0.000001] [LR G: 0.000010]
++++++++++++++++++++++++++++++++
++++++++++++++++++++++++++++++++
[Epoch 51/120] [Avg D loss: -22.836666] [Avg G loss: 530.035069] [Avg Rec loss: 2.940515]
[Epoch 51/120] [D Val loss: 26.478569] [G loss: 365.005251] [Rec loss: 2.262523] [LR C: 0.000001] [LR G: 0.000010]
++++++++++++++++++++++++++++++++
++++++++++++++++++++++++++++++++
[Epoch 52/120] [Avg D loss: -23.866858] [Avg G loss: 542.074185] [Avg Rec loss: 3.005559]
[Epoch 52/120] [D Val loss: 19.553682] [G loss: 369.540400] [Rec loss: 2.257676] [LR C: 0.000001] [LR G: 0.000010]
++++++++++++++++++++++++++++++++
++++++++++++++++++++++++++++++++
[Epoch 53/120] [Avg D loss: -19.103832] [Avg G loss: 516.113081] [Avg Rec loss: 2.878919]
[Epoch 53/120] [D Val loss: 22.527925] [G loss: 371.236433] [Rec loss: 2.305412] [LR C: 0.000001] [LR G: 0.000010]
++++++++++++++++++++++++++++++++
++++++++++++++++++++++++++++++++
[Epoch 54/120] [Avg D loss: -23.148536] [Avg G loss: 534.793663] [Avg Rec loss: 2.972615]
[Epoch 54/120] [D Val loss: 23.035138] [G loss: 361.722207] [Rec loss: 2.225177] [LR C: 0.000001] [LR G: 0.000010]
++++++++++++++++++++++++++++++++
++++++++++++++++++++++++++++++++
[Epoch 55/120] [Avg D loss: -24.040056] [Avg G loss: 527.210152] [Avg Rec loss: 2.932336]
[Epoch 55/120] [D Val loss: 14.244744] [G loss: 365.319810] [Rec loss: 2.218141] [LR C: 0.000001] [LR G: 0.000010]
++++++++++++++++++++++++++++++++
++++++++++++++++++++++++++++++++
[Epoch 56/120] [Avg D loss: -23.769257] [Avg G loss: 524.032717] [Avg Rec loss: 2.918275]
[Epoch 56/120] [D Val loss: 22.720289] [G loss: 364.569992] [Rec loss: 2.236517] [LR C: 0.000001] [LR G: 0.000010]
++++++++++++++++++++++++++++++++
++++++++++++++++++++++++++++++++
[Epoch 57/120] [Avg D loss: -27.392752] [Avg G loss: 536.009321] [Avg Rec loss: 2.976656]
[Epoch 57/120] [D Val loss: 14.248572] [G loss: 367.688332] [Rec loss: 2.223865] [LR C: 0.000001] [LR G: 0.000010]
++++++++++++++++++++++++++++++++
++++++++++++++++++++++++++++++++
[Epoch 58/120] [Avg D loss: -24.356535] [Avg G loss: 509.218144] [Avg Rec loss: 2.844183]
[Epoch 58/120] [D Val loss: 17.520768] [G loss: 368.650145] [Rec loss: 2.272100] [LR C: 0.000001] [LR G: 0.000010]
++++++++++++++++++++++++++++++++
++++++++++++++++++++++++++++++++
[Epoch 59/120] [Avg D loss: -26.390420] [Avg G loss: 526.985502] [Avg Rec loss: 2.937292]
[Epoch 59/120] [D Val loss: 14.883289] [G loss: 362.645608] [Rec loss: 2.201900] [LR C: 0.000001] [LR G: 0.000010]
++++++++++++++++++++++++++++++++
++++++++++++++++++++++++++++++++
[Epoch 60/120] [Avg D loss: -26.430050] [Avg G loss: 521.211708] [Avg Rec loss: 2.907014]
[Epoch 60/120] [D Val loss: 9.655201] [G loss: 365.204565] [Rec loss: 2.206183] [LR C: 0.000001] [LR G: 0.000010]
++++++++++++++++++++++++++++++++
++++++++++++++++++++++++++++++++
[Epoch 61/120] [Avg D loss: -25.019012] [Avg G loss: 517.796506] [Avg Rec loss: 2.893547]
[Epoch 61/120] [D Val loss: 17.464696] [G loss: 364.675891] [Rec loss: 2.217526] [LR C: 0.000001] [LR G: 0.000010]
++++++++++++++++++++++++++++++++
++++++++++++++++++++++++++++++++
[Epoch 62/120] [Avg D loss: -28.196930] [Avg G loss: 531.544015] [Avg Rec loss: 2.960953]
[Epoch 62/120] [D Val loss: 15.382447] [G loss: 364.463626] [Rec loss: 2.216750] [LR C: 0.000001] [LR G: 0.000010]
++++++++++++++++++++++++++++++++
++++++++++++++++++++++++++++++++
[Epoch 63/120] [Avg D loss: -26.103255] [Avg G loss: 505.637746] [Avg Rec loss: 2.828304]
[Epoch 63/120] [D Val loss: 19.822165] [G loss: 363.707292] [Rec loss: 2.250818] [LR C: 0.000001] [LR G: 0.000010]
++++++++++++++++++++++++++++++++
++++++++++++++++++++++++++++++++
[Epoch 64/120] [Avg D loss: -29.062696] [Avg G loss: 522.224071] [Avg Rec loss: 2.912881]
[Epoch 64/120] [D Val loss: 17.150751] [G loss: 358.390806] [Rec loss: 2.192573] [LR C: 0.000001] [LR G: 0.000010]
++++++++++++++++++++++++++++++++
++++++++++++++++++++++++++++++++
[Epoch 65/120] [Avg D loss: -29.847151] [Avg G loss: 517.048510] [Avg Rec loss: 2.884374]
[Epoch 65/120] [D Val loss: 10.495869] [G loss: 361.833656] [Rec loss: 2.195579] [LR C: 0.000001] [LR G: 0.000010]
++++++++++++++++++++++++++++++++
++++++++++++++++++++++++++++++++
[Epoch 66/120] [Avg D loss: -29.811257] [Avg G loss: 513.073307] [Avg Rec loss: 2.865517]
[Epoch 66/120] [D Val loss: 16.698606] [G loss: 359.364417] [Rec loss: 2.193953] [LR C: 0.000001] [LR G: 0.000010]
++++++++++++++++++++++++++++++++
++++++++++++++++++++++++++++++++
[Epoch 67/120] [Avg D loss: -32.830389] [Avg G loss: 526.609284] [Avg Rec loss: 2.934141]
[Epoch 67/120] [D Val loss: 12.876235] [G loss: 363.416336] [Rec loss: 2.204316] [LR C: 0.000001] [LR G: 0.000010]
++++++++++++++++++++++++++++++++
++++++++++++++++++++++++++++++++
[Epoch 68/120] [Avg D loss: -29.859863] [Avg G loss: 501.405600] [Avg Rec loss: 2.807635]
[Epoch 68/120] [D Val loss: 15.036659] [G loss: 364.956198] [Rec loss: 2.233194] [LR C: 0.000001] [LR G: 0.000010]
++++++++++++++++++++++++++++++++
++++++++++++++++++++++++++++++++
[Epoch 69/120] [Avg D loss: -31.467658] [Avg G loss: 518.530649] [Avg Rec loss: 2.897220]
[Epoch 69/120] [D Val loss: 12.818611] [G loss: 359.320284] [Rec loss: 2.190116] [LR C: 0.000001] [LR G: 0.000010]
++++++++++++++++++++++++++++++++
++++++++++++++++++++++++++++++++
[Epoch 70/120] [Avg D loss: -31.577320] [Avg G loss: 512.967497] [Avg Rec loss: 2.867824]
[Epoch 70/120] [D Val loss: 11.126575] [G loss: 361.928055] [Rec loss: 2.210576] [LR C: 0.000001] [LR G: 0.000010]
++++++++++++++++++++++++++++++++
++++++++++++++++++++++++++++++++
[Epoch 71/120] [Avg D loss: -29.047817] [Avg G loss: 509.726886] [Avg Rec loss: 2.857577]
[Epoch 71/120] [D Val loss: 21.301697] [G loss: 359.376598] [Rec loss: 2.226643] [LR C: 0.000001] [LR G: 0.000010]
++++++++++++++++++++++++++++++++
++++++++++++++++++++++++++++++++
[Epoch 72/120] [Avg D loss: -31.662115] [Avg G loss: 524.537369] [Avg Rec loss: 2.931297]
[Epoch 72/120] [D Val loss: 16.218644] [G loss: 366.028335] [Rec loss: 2.233407] [LR C: 0.000001] [LR G: 0.000010]
++++++++++++++++++++++++++++++++
++++++++++++++++++++++++++++++++
[Epoch 73/120] [Avg D loss: -27.538475] [Avg G loss: 499.479039] [Avg Rec loss: 2.806311]
[Epoch 73/120] [D Val loss: 18.918497] [G loss: 367.414487] [Rec loss: 2.259656] [LR C: 0.000001] [LR G: 0.000010]
++++++++++++++++++++++++++++++++
++++++++++++++++++++++++++++++++
[Epoch 74/120] [Avg D loss: -30.133880] [Avg G loss: 516.179790] [Avg Rec loss: 2.888142]
[Epoch 74/120] [D Val loss: 18.868274] [G loss: 358.330772] [Rec loss: 2.204577] [LR C: 0.000001] [LR G: 0.000010]
++++++++++++++++++++++++++++++++
++++++++++++++++++++++++++++++++
[Epoch 75/120] [Avg D loss: -31.380514] [Avg G loss: 511.012303] [Avg Rec loss: 2.858948]
[Epoch 75/120] [D Val loss: 15.708861] [G loss: 360.169305] [Rec loss: 2.221809] [LR C: 0.000001] [LR G: 0.000010]
++++++++++++++++++++++++++++++++
++++++++++++++++++++++++++++++++
[Epoch 76/120] [Avg D loss: -31.326602] [Avg G loss: 506.671011] [Avg Rec loss: 2.836812]
[Epoch 76/120] [D Val loss: 23.222047] [G loss: 357.433944] [Rec loss: 2.218423] [LR C: 0.000001] [LR G: 0.000010]
++++++++++++++++++++++++++++++++
++++++++++++++++++++++++++++++++
[Epoch 77/120] [Avg D loss: -35.013958] [Avg G loss: 522.114200] [Avg Rec loss: 2.914028]
[Epoch 77/120] [D Val loss: 17.902562] [G loss: 360.713453] [Rec loss: 2.217261] [LR C: 0.000001] [LR G: 0.000010]
++++++++++++++++++++++++++++++++
++++++++++++++++++++++++++++++++
[Epoch 78/120] [Avg D loss: -30.486266] [Avg G loss: 496.714871] [Avg Rec loss: 2.789072]
[Epoch 78/120] [D Val loss: 22.696637] [G loss: 365.691599] [Rec loss: 2.275763] [LR C: 0.000001] [LR G: 0.000010]
++++++++++++++++++++++++++++++++
++++++++++++++++++++++++++++++++
[Epoch 79/120] [Avg D loss: -31.998034] [Avg G loss: 513.348625] [Avg Rec loss: 2.872159]
[Epoch 79/120] [D Val loss: 22.287330] [G loss: 359.413764] [Rec loss: 2.226442] [LR C: 0.000001] [LR G: 0.000010]
++++++++++++++++++++++++++++++++
++++++++++++++++++++++++++++++++
[Epoch 80/120] [Avg D loss: -33.158840] [Avg G loss: 508.530213] [Avg Rec loss: 2.846065]
[Epoch 80/120] [D Val loss: 22.064034] [G loss: 359.838684] [Rec loss: 2.256214] [LR C: 0.000001] [LR G: 0.000010]
++++++++++++++++++++++++++++++++
++++++++++++++++++++++++++++++++
[Epoch 81/120] [Avg D loss: -32.369153] [Avg G loss: 505.107926] [Avg Rec loss: 2.833054]
[Epoch 81/120] [D Val loss: 29.872037] [G loss: 359.165001] [Rec loss: 2.288843] [LR C: 0.000000] [LR G: 0.000001]
++++++++++++++++++++++++++++++++
++++++++++++++++++++++++++++++++
[Epoch 82/120] [Avg D loss: -34.687248] [Avg G loss: 517.977855] [Avg Rec loss: 2.896747]
[Epoch 82/120] [D Val loss: 27.870765] [G loss: 359.760116] [Rec loss: 2.273285] [LR C: 0.000000] [LR G: 0.000001]
++++++++++++++++++++++++++++++++
++++++++++++++++++++++++++++++++
[Epoch 83/120] [Avg D loss: -31.426662] [Avg G loss: 489.322115] [Avg Rec loss: 2.751591]
[Epoch 83/120] [D Val loss: 29.154495] [G loss: 363.931520] [Rec loss: 2.309651] [LR C: 0.000000] [LR G: 0.000001]
++++++++++++++++++++++++++++++++
++++++++++++++++++++++++++++++++
[Epoch 84/120] [Avg D loss: -30.735866] [Avg G loss: 500.884274] [Avg Rec loss: 2.816570]
[Epoch 84/120] [D Val loss: 30.042147] [G loss: 360.818395] [Rec loss: 2.294272] [LR C: 0.000000] [LR G: 0.000001]
++++++++++++++++++++++++++++++++
++++++++++++++++++++++++++++++++
[Epoch 85/120] [Avg D loss: -30.190315] [Avg G loss: 491.852748] [Avg Rec loss: 2.768839]
[Epoch 85/120] [D Val loss: 31.331187] [G loss: 365.266361] [Rec loss: 2.325615] [LR C: 0.000000] [LR G: 0.000001]
++++++++++++++++++++++++++++++++
++++++++++++++++++++++++++++++++
[Epoch 86/120] [Avg D loss: -28.598951] [Avg G loss: 501.320724] [Avg Rec loss: 2.820528]
[Epoch 86/120] [D Val loss: 32.720477] [G loss: 365.348888] [Rec loss: 2.330974] [LR C: 0.000000] [LR G: 0.000001]
++++++++++++++++++++++++++++++++
++++++++++++++++++++++++++++++++
[Epoch 87/120] [Avg D loss: -32.776997] [Avg G loss: 515.099946] [Avg Rec loss: 2.881885]
[Epoch 87/120] [D Val loss: 31.516103] [G loss: 364.327061] [Rec loss: 2.306060] [LR C: 0.000000] [LR G: 0.000001]
++++++++++++++++++++++++++++++++
++++++++++++++++++++++++++++++++
[Epoch 88/120] [Avg D loss: -30.040746] [Avg G loss: 486.540381] [Avg Rec loss: 2.736818]
[Epoch 88/120] [D Val loss: 34.572043] [G loss: 366.287604] [Rec loss: 2.351286] [LR C: 0.000000] [LR G: 0.000001]
++++++++++++++++++++++++++++++++
++++++++++++++++++++++++++++++++
[Epoch 89/120] [Avg D loss: -29.172861] [Avg G loss: 499.288889] [Avg Rec loss: 2.808403]
[Epoch 89/120] [D Val loss: 34.243151] [G loss: 366.701988] [Rec loss: 2.335289] [LR C: 0.000000] [LR G: 0.000001]
++++++++++++++++++++++++++++++++
++++++++++++++++++++++++++++++++
[Epoch 90/120] [Avg D loss: -28.957546] [Avg G loss: 492.537253] [Avg Rec loss: 2.773366]
[Epoch 90/120] [D Val loss: 36.389162] [G loss: 368.115094] [Rec loss: 2.372870] [LR C: 0.000000] [LR G: 0.000001]
++++++++++++++++++++++++++++++++
++++++++++++++++++++++++++++++++
[Epoch 91/120] [Avg D loss: -27.110375] [Avg G loss: 500.581588] [Avg Rec loss: 2.817203]
[Epoch 91/120] [D Val loss: 37.501120] [G loss: 374.148143] [Rec loss: 2.391782] [LR C: 0.000000] [LR G: 0.000001]
++++++++++++++++++++++++++++++++
++++++++++++++++++++++++++++++++
[Epoch 92/120] [Avg D loss: -29.703568] [Avg G loss: 516.171298] [Avg Rec loss: 2.896436]
[Epoch 92/120] [D Val loss: 39.685767] [G loss: 371.990520] [Rec loss: 2.392824] [LR C: 0.000000] [LR G: 0.000000]
++++++++++++++++++++++++++++++++
++++++++++++++++++++++++++++++++
[Epoch 93/120] [Avg D loss: -29.976127] [Avg G loss: 487.726145] [Avg Rec loss: 2.733224]
[Epoch 93/120] [D Val loss: 41.000315] [G loss: 372.361535] [Rec loss: 2.406877] [LR C: 0.000000] [LR G: 0.000000]
++++++++++++++++++++++++++++++++
++++++++++++++++++++++++++++++++
[Epoch 94/120] [Avg D loss: -29.497421] [Avg G loss: 499.368486] [Avg Rec loss: 2.802265]
[Epoch 94/120] [D Val loss: 39.729321] [G loss: 372.036381] [Rec loss: 2.398487] [LR C: 0.000000] [LR G: 0.000000]
++++++++++++++++++++++++++++++++
++++++++++++++++++++++++++++++++
[Epoch 95/120] [Avg D loss: -29.204302] [Avg G loss: 492.504600] [Avg Rec loss: 2.766467]
[Epoch 95/120] [D Val loss: 39.297942] [G loss: 373.697047] [Rec loss: 2.406654] [LR C: 0.000000] [LR G: 0.000000]
++++++++++++++++++++++++++++++++
++++++++++++++++++++++++++++++++
[Epoch 96/120] [Avg D loss: -28.355953] [Avg G loss: 496.275688] [Avg Rec loss: 2.787757]
[Epoch 96/120] [D Val loss: 37.723974] [G loss: 374.055879] [Rec loss: 2.399175] [LR C: 0.000000] [LR G: 0.000000]
++++++++++++++++++++++++++++++++
++++++++++++++++++++++++++++++++
[Epoch 97/120] [Avg D loss: -29.041429] [Avg G loss: 515.269157] [Avg Rec loss: 2.894728]
[Epoch 97/120] [D Val loss: 38.861051] [G loss: 376.372142] [Rec loss: 2.402073] [LR C: 0.000000] [LR G: 0.000000]
++++++++++++++++++++++++++++++++
++++++++++++++++++++++++++++++++
[Epoch 98/120] [Avg D loss: -29.385853] [Avg G loss: 486.691937] [Avg Rec loss: 2.731642]
[Epoch 98/120] [D Val loss: 41.961857] [G loss: 372.438270] [Rec loss: 2.417871] [LR C: 0.000000] [LR G: 0.000000]
++++++++++++++++++++++++++++++++
++++++++++++++++++++++++++++++++
[Epoch 99/120] [Avg D loss: -28.656334] [Avg G loss: 498.317640] [Avg Rec loss: 2.800622]
[Epoch 99/120] [D Val loss: 41.080779] [G loss: 372.521711] [Rec loss: 2.409807] [LR C: 0.000000] [LR G: 0.000000]
++++++++++++++++++++++++++++++++
++++++++++++++++++++++++++++++++
[Epoch 100/120] [Avg D loss: -28.779013] [Avg G loss: 492.176483] [Avg Rec loss: 2.766884]
[Epoch 100/120] [D Val loss: 40.759264] [G loss: 374.901130] [Rec loss: 2.418155] [LR C: 0.000000] [LR G: 0.000000]
++++++++++++++++++++++++++++++++
++++++++++++++++++++++++++++++++
[Epoch 101/120] [Avg D loss: -28.007461] [Avg G loss: 496.553296] [Avg Rec loss: 2.792083]
[Epoch 101/120] [D Val loss: 38.587023] [G loss: 374.950765] [Rec loss: 2.410909] [LR C: 0.000000] [LR G: 0.000000]
++++++++++++++++++++++++++++++++
++++++++++++++++++++++++++++++++
[Epoch 102/120] [Avg D loss: -28.575936] [Avg G loss: 514.845424] [Avg Rec loss: 2.894274]
[Epoch 102/120] [D Val loss: 40.375852] [G loss: 377.725175] [Rec loss: 2.415682] [LR C: 0.000000] [LR G: 0.000000]
++++++++++++++++++++++++++++++++
++++++++++++++++++++++++++++++++
[Epoch 103/120] [Avg D loss: -29.267306] [Avg G loss: 486.478900] [Avg Rec loss: 2.730963]
[Epoch 103/120] [D Val loss: 42.527338] [G loss: 373.276652] [Rec loss: 2.421551] [LR C: 0.000000] [LR G: 0.000000]
++++++++++++++++++++++++++++++++
++++++++++++++++++++++++++++++++
[Epoch 104/120] [Avg D loss: -29.025604] [Avg G loss: 497.948528] [Avg Rec loss: 2.795790]
[Epoch 104/120] [D Val loss: 41.608701] [G loss: 373.635453] [Rec loss: 2.414375] [LR C: 0.000000] [LR G: 0.000000]
++++++++++++++++++++++++++++++++
++++++++++++++++++++++++++++++++
[Epoch 105/120] [Avg D loss: -29.082404] [Avg G loss: 492.181056] [Avg Rec loss: 2.765630]
[Epoch 105/120] [D Val loss: 40.953783] [G loss: 375.646103] [Rec loss: 2.420814] [LR C: 0.000000] [LR G: 0.000000]
++++++++++++++++++++++++++++++++
++++++++++++++++++++++++++++++++
[Epoch 106/120] [Avg D loss: -28.911022] [Avg G loss: 496.593267] [Avg Rec loss: 2.786565]
[Epoch 106/120] [D Val loss: 38.321214] [G loss: 376.230716] [Rec loss: 2.409415] [LR C: 0.000000] [LR G: 0.000000]
++++++++++++++++++++++++++++++++
++++++++++++++++++++++++++++++++
[Epoch 107/120] [Avg D loss: -29.064908] [Avg G loss: 513.759562] [Avg Rec loss: 2.886495]
[Epoch 107/120] [D Val loss: 41.835606] [G loss: 375.061801] [Rec loss: 2.417232] [LR C: 0.000000] [LR G: 0.000000]
++++++++++++++++++++++++++++++++
++++++++++++++++++++++++++++++++
[Epoch 108/120] [Avg D loss: -29.158102] [Avg G loss: 486.468686] [Avg Rec loss: 2.731534]
[Epoch 108/120] [D Val loss: 43.721537] [G loss: 373.875230] [Rec loss: 2.423769] [LR C: 0.000000] [LR G: 0.000000]
++++++++++++++++++++++++++++++++
++++++++++++++++++++++++++++++++
[Epoch 109/120] [Avg D loss: -28.842611] [Avg G loss: 497.911135] [Avg Rec loss: 2.796293]
[Epoch 109/120] [D Val loss: 41.662471] [G loss: 373.593137] [Rec loss: 2.416429] [LR C: 0.000000] [LR G: 0.000000]
++++++++++++++++++++++++++++++++
++++++++++++++++++++++++++++++++
[Epoch 110/120] [Avg D loss: -29.026108] [Avg G loss: 492.176509] [Avg Rec loss: 2.766126]
[Epoch 110/120] [D Val loss: 41.169058] [G loss: 374.663638] [Rec loss: 2.422708] [LR C: 0.000000] [LR G: 0.000000]
++++++++++++++++++++++++++++++++
++++++++++++++++++++++++++++++++
[Epoch 111/120] [Avg D loss: -28.906050] [Avg G loss: 496.773209] [Avg Rec loss: 2.787262]
[Epoch 111/120] [D Val loss: 39.454214] [G loss: 374.768784] [Rec loss: 2.411174] [LR C: 0.000000] [LR G: 0.000000]
++++++++++++++++++++++++++++++++
++++++++++++++++++++++++++++++++
[Epoch 112/120] [Avg D loss: -28.898919] [Avg G loss: 513.926110] [Avg Rec loss: 2.887411]
[Epoch 112/120] [D Val loss: 41.703338] [G loss: 375.434078] [Rec loss: 2.418889] [LR C: 0.000000] [LR G: 0.000000]
++++++++++++++++++++++++++++++++
++++++++++++++++++++++++++++++++
[Epoch 113/120] [Avg D loss: -28.947765] [Avg G loss: 486.479836] [Avg Rec loss: 2.731883]
[Epoch 113/120] [D Val loss: 43.880230] [G loss: 373.868587] [Rec loss: 2.425520] [LR C: 0.000000] [LR G: 0.000000]
++++++++++++++++++++++++++++++++
++++++++++++++++++++++++++++++++
[Epoch 114/120] [Avg D loss: -29.001178] [Avg G loss: 498.042634] [Avg Rec loss: 2.796614]
[Epoch 114/120] [D Val loss: 42.311408] [G loss: 374.320002] [Rec loss: 2.417923] [LR C: 0.000000] [LR G: 0.000000]
++++++++++++++++++++++++++++++++
++++++++++++++++++++++++++++++++
[Epoch 115/120] [Avg D loss: -28.834678] [Avg G loss: 492.326660] [Avg Rec loss: 2.766410]
[Epoch 115/120] [D Val loss: 41.066824] [G loss: 376.306758] [Rec loss: 2.424141] [LR C: 0.000000] [LR G: 0.000000]
++++++++++++++++++++++++++++++++
++++++++++++++++++++++++++++++++
[Epoch 116/120] [Avg D loss: -28.802767] [Avg G loss: 496.789279] [Avg Rec loss: 2.787781]
[Epoch 116/120] [D Val loss: 39.377899] [G loss: 374.341144] [Rec loss: 2.412626] [LR C: 0.000000] [LR G: 0.000000]
++++++++++++++++++++++++++++++++
++++++++++++++++++++++++++++++++
[Epoch 117/120] [Avg D loss: -28.830795] [Avg G loss: 514.038110] [Avg Rec loss: 2.888067]
[Epoch 117/120] [D Val loss: 42.681014] [G loss: 374.505399] [Rec loss: 2.420326] [LR C: 0.000000] [LR G: 0.000000]
++++++++++++++++++++++++++++++++
++++++++++++++++++++++++++++++++
[Epoch 118/120] [Avg D loss: -29.017722] [Avg G loss: 486.595451] [Avg Rec loss: 2.732069]
[Epoch 118/120] [D Val loss: 43.345143] [G loss: 374.908188] [Rec loss: 2.426907] [LR C: 0.000000] [LR G: 0.000000]
++++++++++++++++++++++++++++++++
++++++++++++++++++++++++++++++++
[Epoch 119/120] [Avg D loss: -28.909857] [Avg G loss: 497.930548] [Avg Rec loss: 2.796768]
[Epoch 119/120] [D Val loss: 42.327233] [G loss: 373.685028] [Rec loss: 2.419237] [LR C: 0.000000] [LR G: 0.000000]
++++++++++++++++++++++++++++++++
++++++++++++++++++++++++++++++++
[Epoch 120/120] [Avg D loss: -28.733037] [Avg G loss: 492.257947] [Avg Rec loss: 2.766646]
[Epoch 120/120] [D Val loss: 41.999391] [G loss: 376.320091] [Rec loss: 2.425583] [LR C: 0.000000] [LR G: 0.000000]
++++++++++++++++++++++++++++++++
wandb: Waiting for W&B process to finish... (success).
wandb: - 0.000 MB of 0.000 MB uploaded (0.000 MB deduped)
wandb: \ 0.000 MB of 0.000 MB uploaded (0.000 MB deduped)
wandb:                                                                                
wandb: You can sync this run to the cloud by running:
wandb: wandb sync /cpfs01/projects-HDD/cfff-4a8d9af84f66_HDD/public/ShiXiSheng/yzy/yzy_results/ex24_onestepwgan_cri5_185_weightmae_aheadtop_0.008/wandb/offline-run-20241114_154603-s32q55n3wgan
wandb: Find logs at: ./yzy_results/ex24_onestepwgan_cri5_185_weightmae_aheadtop_0.008/wandb/offline-run-20241114_154603-s32q55n3wgan/logs
/cpfs01/projects-HDD/cfff-4a8d9af84f66_HDD/yinzunyi/py3.9/lib/python3.9/site-packages/xarray/core/concat.py:527: FutureWarning: unique with argument that is not not a Series, Index, ExtensionArray, or np.ndarray is deprecated and will raise in a future version.
  common_dims = tuple(pd.unique([d for v in vars for d in v.dims]))
/cpfs01/projects-HDD/cfff-4a8d9af84f66_HDD/public/ShiXiSheng/yzy/precipitation_downscaling-bing_issue09_bias_correction/models/network_unet.py:217: UserWarning: nn.init.xavier_uniform is now deprecated in favor of nn.init.xavier_uniform_.
  torch.nn.init.xavier_uniform(self.output.weight)
wandb: Tracking run with wandb version 0.13.2
wandb: W&B syncing is set to `offline` in this directory.  
wandb: Run `wandb online` or set WANDB_MODE=online to enable cloud syncing.
/cpfs01/projects-HDD/cfff-4a8d9af84f66_HDD/public/ShiXiSheng/yzy/precipitation_downscaling-bing_issue09_bias_correction/train_scripts/wgan_train.py:33: UserWarning: To copy construct from a tensor, it is recommended to use sourceTensor.clone().detach() or sourceTensor.clone().detach().requires_grad_(True), rather than torch.tensor(sourceTensor).
  weights = torch.tensor(y_true,requires_grad=False) #
The patch size for prepitation is 16
K 值是多少让我看看： 0.008
self.prcp_indexes: [4, 5, 9]
Going to open the following files: /cpfs01/projects-HDD/cfff-4a8d9af84f66_HDD/public/ShiXiSheng/yzy/downscaling_precipitation/precip_dataset_new/train
Going to open the following files: [PosixPath('/cpfs01/projects-HDD/cfff-4a8d9af84f66_HDD/public/ShiXiSheng/yzy/downscaling_precipitation/precip_dataset_new/train/preproc_ifs_radklim_2016-01.nc'), PosixPath('/cpfs01/projects-HDD/cfff-4a8d9af84f66_HDD/public/ShiXiSheng/yzy/downscaling_precipitation/precip_dataset_new/train/preproc_ifs_radklim_2016-02.nc'), PosixPath('/cpfs01/projects-HDD/cfff-4a8d9af84f66_HDD/public/ShiXiSheng/yzy/downscaling_precipitation/precip_dataset_new/train/preproc_ifs_radklim_2016-03.nc'), PosixPath('/cpfs01/projects-HDD/cfff-4a8d9af84f66_HDD/public/ShiXiSheng/yzy/downscaling_precipitation/precip_dataset_new/train/preproc_ifs_radklim_2016-04.nc'), PosixPath('/cpfs01/projects-HDD/cfff-4a8d9af84f66_HDD/public/ShiXiSheng/yzy/downscaling_precipitation/precip_dataset_new/train/preproc_ifs_radklim_2016-05.nc'), PosixPath('/cpfs01/projects-HDD/cfff-4a8d9af84f66_HDD/public/ShiXiSheng/yzy/downscaling_precipitation/precip_dataset_new/train/preproc_ifs_radklim_2016-06.nc'), PosixPath('/cpfs01/projects-HDD/cfff-4a8d9af84f66_HDD/public/ShiXiSheng/yzy/downscaling_precipitation/precip_dataset_new/train/preproc_ifs_radklim_2016-07.nc'), PosixPath('/cpfs01/projects-HDD/cfff-4a8d9af84f66_HDD/public/ShiXiSheng/yzy/downscaling_precipitation/precip_dataset_new/train/preproc_ifs_radklim_2018-02.nc'), PosixPath('/cpfs01/projects-HDD/cfff-4a8d9af84f66_HDD/public/ShiXiSheng/yzy/downscaling_precipitation/precip_dataset_new/train/preproc_ifs_radklim_2018-03.nc'), PosixPath('/cpfs01/projects-HDD/cfff-4a8d9af84f66_HDD/public/ShiXiSheng/yzy/downscaling_precipitation/precip_dataset_new/train/preproc_ifs_radklim_2018-04.nc'), PosixPath('/cpfs01/projects-HDD/cfff-4a8d9af84f66_HDD/public/ShiXiSheng/yzy/downscaling_precipitation/precip_dataset_new/train/preproc_ifs_radklim_2018-05.nc'), PosixPath('/cpfs01/projects-HDD/cfff-4a8d9af84f66_HDD/public/ShiXiSheng/yzy/downscaling_precipitation/precip_dataset_new/train/preproc_ifs_radklim_2018-06.nc'), PosixPath('/cpfs01/projects-HDD/cfff-4a8d9af84f66_HDD/public/ShiXiSheng/yzy/downscaling_precipitation/precip_dataset_new/train/preproc_ifs_radklim_2018-07.nc'), PosixPath('/cpfs01/projects-HDD/cfff-4a8d9af84f66_HDD/public/ShiXiSheng/yzy/downscaling_precipitation/precip_dataset_new/train/preproc_ifs_radklim_2018-08.nc'), PosixPath('/cpfs01/projects-HDD/cfff-4a8d9af84f66_HDD/public/ShiXiSheng/yzy/downscaling_precipitation/precip_dataset_new/train/preproc_ifs_radklim_2018-09.nc'), PosixPath('/cpfs01/projects-HDD/cfff-4a8d9af84f66_HDD/public/ShiXiSheng/yzy/downscaling_precipitation/precip_dataset_new/train/preproc_ifs_radklim_2018-10.nc'), PosixPath('/cpfs01/projects-HDD/cfff-4a8d9af84f66_HDD/public/ShiXiSheng/yzy/downscaling_precipitation/precip_dataset_new/train/preproc_ifs_radklim_2018-11.nc'), PosixPath('/cpfs01/projects-HDD/cfff-4a8d9af84f66_HDD/public/ShiXiSheng/yzy/downscaling_precipitation/precip_dataset_new/train/preproc_ifs_radklim_2018-12.nc'), PosixPath('/cpfs01/projects-HDD/cfff-4a8d9af84f66_HDD/public/ShiXiSheng/yzy/downscaling_precipitation/precip_dataset_new/train/preproc_ifs_radklim_2019-01.nc'), PosixPath('/cpfs01/projects-HDD/cfff-4a8d9af84f66_HDD/public/ShiXiSheng/yzy/downscaling_precipitation/precip_dataset_new/train/preproc_ifs_radklim_2019-02.nc'), PosixPath('/cpfs01/projects-HDD/cfff-4a8d9af84f66_HDD/public/ShiXiSheng/yzy/downscaling_precipitation/precip_dataset_new/train/preproc_ifs_radklim_2019-03.nc'), PosixPath('/cpfs01/projects-HDD/cfff-4a8d9af84f66_HDD/public/ShiXiSheng/yzy/downscaling_precipitation/precip_dataset_new/train/preproc_ifs_radklim_2019-05.nc'), PosixPath('/cpfs01/projects-HDD/cfff-4a8d9af84f66_HDD/public/ShiXiSheng/yzy/downscaling_precipitation/precip_dataset_new/train/preproc_ifs_radklim_2019-06.nc'), PosixPath('/cpfs01/projects-HDD/cfff-4a8d9af84f66_HDD/public/ShiXiSheng/yzy/downscaling_precipitation/precip_dataset_new/train/preproc_ifs_radklim_2019-07.nc'), PosixPath('/cpfs01/projects-HDD/cfff-4a8d9af84f66_HDD/public/ShiXiSheng/yzy/downscaling_precipitation/precip_dataset_new/train/preproc_ifs_radklim_2019-08.nc'), PosixPath('/cpfs01/projects-HDD/cfff-4a8d9af84f66_HDD/public/ShiXiSheng/yzy/downscaling_precipitation/precip_dataset_new/train/preproc_ifs_radklim_2019-09.nc'), PosixPath('/cpfs01/projects-HDD/cfff-4a8d9af84f66_HDD/public/ShiXiSheng/yzy/downscaling_precipitation/precip_dataset_new/train/preproc_ifs_radklim_2019-10.nc'), PosixPath('/cpfs01/projects-HDD/cfff-4a8d9af84f66_HDD/public/ShiXiSheng/yzy/downscaling_precipitation/precip_dataset_new/train/preproc_ifs_radklim_2019-11.nc'), PosixPath('/cpfs01/projects-HDD/cfff-4a8d9af84f66_HDD/public/ShiXiSheng/yzy/downscaling_precipitation/precip_dataset_new/train/preproc_ifs_radklim_2019-12.nc')]
Going to open the following files: [PosixPath('/cpfs01/projects-HDD/cfff-4a8d9af84f66_HDD/public/ShiXiSheng/yzy/downscaling_precipitation/precip_dataset_new/train/preproc_ifs_radklim_2016-01.nc'), PosixPath('/cpfs01/projects-HDD/cfff-4a8d9af84f66_HDD/public/ShiXiSheng/yzy/downscaling_precipitation/precip_dataset_new/train/preproc_ifs_radklim_2016-02.nc'), PosixPath('/cpfs01/projects-HDD/cfff-4a8d9af84f66_HDD/public/ShiXiSheng/yzy/downscaling_precipitation/precip_dataset_new/train/preproc_ifs_radklim_2016-03.nc'), PosixPath('/cpfs01/projects-HDD/cfff-4a8d9af84f66_HDD/public/ShiXiSheng/yzy/downscaling_precipitation/precip_dataset_new/train/preproc_ifs_radklim_2016-04.nc'), PosixPath('/cpfs01/projects-HDD/cfff-4a8d9af84f66_HDD/public/ShiXiSheng/yzy/downscaling_precipitation/precip_dataset_new/train/preproc_ifs_radklim_2016-05.nc'), PosixPath('/cpfs01/projects-HDD/cfff-4a8d9af84f66_HDD/public/ShiXiSheng/yzy/downscaling_precipitation/precip_dataset_new/train/preproc_ifs_radklim_2016-06.nc'), PosixPath('/cpfs01/projects-HDD/cfff-4a8d9af84f66_HDD/public/ShiXiSheng/yzy/downscaling_precipitation/precip_dataset_new/train/preproc_ifs_radklim_2016-07.nc'), PosixPath('/cpfs01/projects-HDD/cfff-4a8d9af84f66_HDD/public/ShiXiSheng/yzy/downscaling_precipitation/precip_dataset_new/train/preproc_ifs_radklim_2018-02.nc'), PosixPath('/cpfs01/projects-HDD/cfff-4a8d9af84f66_HDD/public/ShiXiSheng/yzy/downscaling_precipitation/precip_dataset_new/train/preproc_ifs_radklim_2018-03.nc'), PosixPath('/cpfs01/projects-HDD/cfff-4a8d9af84f66_HDD/public/ShiXiSheng/yzy/downscaling_precipitation/precip_dataset_new/train/preproc_ifs_radklim_2018-04.nc'), PosixPath('/cpfs01/projects-HDD/cfff-4a8d9af84f66_HDD/public/ShiXiSheng/yzy/downscaling_precipitation/precip_dataset_new/train/preproc_ifs_radklim_2018-05.nc'), PosixPath('/cpfs01/projects-HDD/cfff-4a8d9af84f66_HDD/public/ShiXiSheng/yzy/downscaling_precipitation/precip_dataset_new/train/preproc_ifs_radklim_2018-06.nc'), PosixPath('/cpfs01/projects-HDD/cfff-4a8d9af84f66_HDD/public/ShiXiSheng/yzy/downscaling_precipitation/precip_dataset_new/train/preproc_ifs_radklim_2018-07.nc'), PosixPath('/cpfs01/projects-HDD/cfff-4a8d9af84f66_HDD/public/ShiXiSheng/yzy/downscaling_precipitation/precip_dataset_new/train/preproc_ifs_radklim_2018-08.nc'), PosixPath('/cpfs01/projects-HDD/cfff-4a8d9af84f66_HDD/public/ShiXiSheng/yzy/downscaling_precipitation/precip_dataset_new/train/preproc_ifs_radklim_2018-09.nc'), PosixPath('/cpfs01/projects-HDD/cfff-4a8d9af84f66_HDD/public/ShiXiSheng/yzy/downscaling_precipitation/precip_dataset_new/train/preproc_ifs_radklim_2018-10.nc'), PosixPath('/cpfs01/projects-HDD/cfff-4a8d9af84f66_HDD/public/ShiXiSheng/yzy/downscaling_precipitation/precip_dataset_new/train/preproc_ifs_radklim_2018-11.nc'), PosixPath('/cpfs01/projects-HDD/cfff-4a8d9af84f66_HDD/public/ShiXiSheng/yzy/downscaling_precipitation/precip_dataset_new/train/preproc_ifs_radklim_2018-12.nc'), PosixPath('/cpfs01/projects-HDD/cfff-4a8d9af84f66_HDD/public/ShiXiSheng/yzy/downscaling_precipitation/precip_dataset_new/train/preproc_ifs_radklim_2019-01.nc'), PosixPath('/cpfs01/projects-HDD/cfff-4a8d9af84f66_HDD/public/ShiXiSheng/yzy/downscaling_precipitation/precip_dataset_new/train/preproc_ifs_radklim_2019-02.nc'), PosixPath('/cpfs01/projects-HDD/cfff-4a8d9af84f66_HDD/public/ShiXiSheng/yzy/downscaling_precipitation/precip_dataset_new/train/preproc_ifs_radklim_2019-03.nc'), PosixPath('/cpfs01/projects-HDD/cfff-4a8d9af84f66_HDD/public/ShiXiSheng/yzy/downscaling_precipitation/precip_dataset_new/train/preproc_ifs_radklim_2019-05.nc'), PosixPath('/cpfs01/projects-HDD/cfff-4a8d9af84f66_HDD/public/ShiXiSheng/yzy/downscaling_precipitation/precip_dataset_new/train/preproc_ifs_radklim_2019-06.nc'), PosixPath('/cpfs01/projects-HDD/cfff-4a8d9af84f66_HDD/public/ShiXiSheng/yzy/downscaling_precipitation/precip_dataset_new/train/preproc_ifs_radklim_2019-07.nc'), PosixPath('/cpfs01/projects-HDD/cfff-4a8d9af84f66_HDD/public/ShiXiSheng/yzy/downscaling_precipitation/precip_dataset_new/train/preproc_ifs_radklim_2019-08.nc'), PosixPath('/cpfs01/projects-HDD/cfff-4a8d9af84f66_HDD/public/ShiXiSheng/yzy/downscaling_precipitation/precip_dataset_new/train/preproc_ifs_radklim_2019-09.nc'), PosixPath('/cpfs01/projects-HDD/cfff-4a8d9af84f66_HDD/public/ShiXiSheng/yzy/downscaling_precipitation/precip_dataset_new/train/preproc_ifs_radklim_2019-10.nc'), PosixPath('/cpfs01/projects-HDD/cfff-4a8d9af84f66_HDD/public/ShiXiSheng/yzy/downscaling_precipitation/precip_dataset_new/train/preproc_ifs_radklim_2019-11.nc'), PosixPath('/cpfs01/projects-HDD/cfff-4a8d9af84f66_HDD/public/ShiXiSheng/yzy/downscaling_precipitation/precip_dataset_new/train/preproc_ifs_radklim_2019-12.nc')]
Loading data from the file: [PosixPath('/cpfs01/projects-HDD/cfff-4a8d9af84f66_HDD/public/ShiXiSheng/yzy/downscaling_precipitation/precip_dataset_new/train/preproc_ifs_radklim_2016-01.nc'), PosixPath('/cpfs01/projects-HDD/cfff-4a8d9af84f66_HDD/public/ShiXiSheng/yzy/downscaling_precipitation/precip_dataset_new/train/preproc_ifs_radklim_2016-02.nc'), PosixPath('/cpfs01/projects-HDD/cfff-4a8d9af84f66_HDD/public/ShiXiSheng/yzy/downscaling_precipitation/precip_dataset_new/train/preproc_ifs_radklim_2016-03.nc'), PosixPath('/cpfs01/projects-HDD/cfff-4a8d9af84f66_HDD/public/ShiXiSheng/yzy/downscaling_precipitation/precip_dataset_new/train/preproc_ifs_radklim_2016-04.nc'), PosixPath('/cpfs01/projects-HDD/cfff-4a8d9af84f66_HDD/public/ShiXiSheng/yzy/downscaling_precipitation/precip_dataset_new/train/preproc_ifs_radklim_2016-05.nc'), PosixPath('/cpfs01/projects-HDD/cfff-4a8d9af84f66_HDD/public/ShiXiSheng/yzy/downscaling_precipitation/precip_dataset_new/train/preproc_ifs_radklim_2016-06.nc'), PosixPath('/cpfs01/projects-HDD/cfff-4a8d9af84f66_HDD/public/ShiXiSheng/yzy/downscaling_precipitation/precip_dataset_new/train/preproc_ifs_radklim_2016-07.nc'), PosixPath('/cpfs01/projects-HDD/cfff-4a8d9af84f66_HDD/public/ShiXiSheng/yzy/downscaling_precipitation/precip_dataset_new/train/preproc_ifs_radklim_2018-02.nc'), PosixPath('/cpfs01/projects-HDD/cfff-4a8d9af84f66_HDD/public/ShiXiSheng/yzy/downscaling_precipitation/precip_dataset_new/train/preproc_ifs_radklim_2018-03.nc'), PosixPath('/cpfs01/projects-HDD/cfff-4a8d9af84f66_HDD/public/ShiXiSheng/yzy/downscaling_precipitation/precip_dataset_new/train/preproc_ifs_radklim_2018-04.nc'), PosixPath('/cpfs01/projects-HDD/cfff-4a8d9af84f66_HDD/public/ShiXiSheng/yzy/downscaling_precipitation/precip_dataset_new/train/preproc_ifs_radklim_2018-05.nc'), PosixPath('/cpfs01/projects-HDD/cfff-4a8d9af84f66_HDD/public/ShiXiSheng/yzy/downscaling_precipitation/precip_dataset_new/train/preproc_ifs_radklim_2018-06.nc'), PosixPath('/cpfs01/projects-HDD/cfff-4a8d9af84f66_HDD/public/ShiXiSheng/yzy/downscaling_precipitation/precip_dataset_new/train/preproc_ifs_radklim_2018-07.nc'), PosixPath('/cpfs01/projects-HDD/cfff-4a8d9af84f66_HDD/public/ShiXiSheng/yzy/downscaling_precipitation/precip_dataset_new/train/preproc_ifs_radklim_2018-08.nc'), PosixPath('/cpfs01/projects-HDD/cfff-4a8d9af84f66_HDD/public/ShiXiSheng/yzy/downscaling_precipitation/precip_dataset_new/train/preproc_ifs_radklim_2018-09.nc'), PosixPath('/cpfs01/projects-HDD/cfff-4a8d9af84f66_HDD/public/ShiXiSheng/yzy/downscaling_precipitation/precip_dataset_new/train/preproc_ifs_radklim_2018-10.nc'), PosixPath('/cpfs01/projects-HDD/cfff-4a8d9af84f66_HDD/public/ShiXiSheng/yzy/downscaling_precipitation/precip_dataset_new/train/preproc_ifs_radklim_2018-11.nc'), PosixPath('/cpfs01/projects-HDD/cfff-4a8d9af84f66_HDD/public/ShiXiSheng/yzy/downscaling_precipitation/precip_dataset_new/train/preproc_ifs_radklim_2018-12.nc'), PosixPath('/cpfs01/projects-HDD/cfff-4a8d9af84f66_HDD/public/ShiXiSheng/yzy/downscaling_precipitation/precip_dataset_new/train/preproc_ifs_radklim_2019-01.nc'), PosixPath('/cpfs01/projects-HDD/cfff-4a8d9af84f66_HDD/public/ShiXiSheng/yzy/downscaling_precipitation/precip_dataset_new/train/preproc_ifs_radklim_2019-02.nc'), PosixPath('/cpfs01/projects-HDD/cfff-4a8d9af84f66_HDD/public/ShiXiSheng/yzy/downscaling_precipitation/precip_dataset_new/train/preproc_ifs_radklim_2019-03.nc'), PosixPath('/cpfs01/projects-HDD/cfff-4a8d9af84f66_HDD/public/ShiXiSheng/yzy/downscaling_precipitation/precip_dataset_new/train/preproc_ifs_radklim_2019-05.nc'), PosixPath('/cpfs01/projects-HDD/cfff-4a8d9af84f66_HDD/public/ShiXiSheng/yzy/downscaling_precipitation/precip_dataset_new/train/preproc_ifs_radklim_2019-06.nc'), PosixPath('/cpfs01/projects-HDD/cfff-4a8d9af84f66_HDD/public/ShiXiSheng/yzy/downscaling_precipitation/precip_dataset_new/train/preproc_ifs_radklim_2019-07.nc'), PosixPath('/cpfs01/projects-HDD/cfff-4a8d9af84f66_HDD/public/ShiXiSheng/yzy/downscaling_precipitation/precip_dataset_new/train/preproc_ifs_radklim_2019-08.nc'), PosixPath('/cpfs01/projects-HDD/cfff-4a8d9af84f66_HDD/public/ShiXiSheng/yzy/downscaling_precipitation/precip_dataset_new/train/preproc_ifs_radklim_2019-09.nc'), PosixPath('/cpfs01/projects-HDD/cfff-4a8d9af84f66_HDD/public/ShiXiSheng/yzy/downscaling_precipitation/precip_dataset_new/train/preproc_ifs_radklim_2019-10.nc'), PosixPath('/cpfs01/projects-HDD/cfff-4a8d9af84f66_HDD/public/ShiXiSheng/yzy/downscaling_precipitation/precip_dataset_new/train/preproc_ifs_radklim_2019-11.nc'), PosixPath('/cpfs01/projects-HDD/cfff-4a8d9af84f66_HDD/public/ShiXiSheng/yzy/downscaling_precipitation/precip_dataset_new/train/preproc_ifs_radklim_2019-12.nc')]
There is done
num_patches_images are 7 5
pre indexes are [4, 5, 9]
no nan idx 25397
There are No. 25397 patches out of 739865 without Nan Values 
Minimum value of tp in vars_in_patches(having log): 0.0
Maximum value of tp in vars_in_patches(having log): 8.18589973449707
Distribution of tp in different rainfall intervals:
-0.1 to 0.1: 25.75%
0.1 to 2: 71.33%
2 to 4: 2.50%
4 to 8: 0.37%
8 to 20: 0.04%
20 to 30: 0.00%
30 to inf: 0.00%
Distribution of tp in vars_out_orig_patches in different rainfall intervals:
-0.1 to 0.1: 60.60%
0.1 to 2: 34.94%
2 to 4: 3.47%
4 to 8: 0.89%
8 to 20: 0.11%
20 to 30: 0.00%
30 to inf: 0.00%
self.times_patches_list: tensor([[2016,    1,    2,    6],
        [2016,    1,    2,    7],
        [2016,    1,    2,    8],
        ...,
        [2019,   12,   30,    4],
        [2019,   12,   30,    4],
        [2019,   12,   30,    4]], device='cpu', dtype=torch.int32)
save stats
i tensor(-4.5178e-13, device='cpu')
save stats
i tensor(-2.1600e-16, device='cpu')
save stats
i tensor(82071.3359, device='cpu')
save stats
i tensor(1.6654, device='cpu')
save stats
i tensor(0., device='cpu')
save stats
i tensor(0., device='cpu')
save stats
i tensor(-1.8591e-09, device='cpu')
save stats
i tensor(-23.0063, device='cpu')
save stats
i tensor(-35.2889, device='cpu')
save stats
i tensor(0., device='cpu')
The statistic has been stored to the json file:  /cpfs01/projects-HDD/cfff-4a8d9af84f66_HDD/public/ShiXiSheng/yzy/downscaling_precipitation/precip_dataset_new/train/statistics.json
The total number of samples after filtering NaN and zeros values: 25397
Shuffling the index ....
idx_perm [11676 15961  6877 ...  7812 18002 16014]
K 值是多少让我看看： 0.008
self.prcp_indexes: [4, 5, 9]
Going to open the following files: /cpfs01/projects-HDD/cfff-4a8d9af84f66_HDD/public/ShiXiSheng/yzy/downscaling_precipitation/precip_dataset_new/val
Going to open the following files: [PosixPath('/cpfs01/projects-HDD/cfff-4a8d9af84f66_HDD/public/ShiXiSheng/yzy/downscaling_precipitation/precip_dataset_new/val/2017-01/preproc_ifs_radklim_2017-01.nc')]
Going to open the following files: [PosixPath('/cpfs01/projects-HDD/cfff-4a8d9af84f66_HDD/public/ShiXiSheng/yzy/downscaling_precipitation/precip_dataset_new/val/2017-01/preproc_ifs_radklim_2017-01.nc')]
Loading data from the file: [PosixPath('/cpfs01/projects-HDD/cfff-4a8d9af84f66_HDD/public/ShiXiSheng/yzy/downscaling_precipitation/precip_dataset_new/val/2017-01/preproc_ifs_radklim_2017-01.nc')]
There is done
num_patches_images are 7 5
pre indexes are [4, 5, 9]
no nan idx 1421
There are No. 1421 patches out of 26005 without Nan Values 
Minimum value of tp in vars_in_patches(having log): 0.0
Maximum value of tp in vars_in_patches(having log): 6.580108642578125
Distribution of tp in different rainfall intervals:
-0.1 to 0.1: 27.75%
0.1 to 2: 71.33%
2 to 4: 0.89%
4 to 8: 0.03%
8 to 20: 0.00%
20 to 30: 0.00%
30 to inf: 0.00%
Distribution of tp in vars_out_orig_patches in different rainfall intervals:
-0.1 to 0.1: 62.89%
0.1 to 2: 35.08%
2 to 4: 1.83%
4 to 8: 0.19%
8 to 20: 0.00%
20 to 30: 0.00%
30 to inf: 0.00%
self.times_patches_list: tensor([[2017,    1,    1,   17],
        [2017,    1,    1,   17],
        [2017,    1,    1,   18],
        ...,
        [2017,    2,    1,    0],
        [2017,    2,    1,    1],
        [2017,    2,    1,    2]], device='cpu', dtype=torch.int32)
Loading the stats file: /cpfs01/projects-HDD/cfff-4a8d9af84f66_HDD/public/ShiXiSheng/yzy/downscaling_precipitation/precip_dataset_new/train/statistics.json
The total number of samples after filtering NaN and zeros values: 1421
The model wgan is selected for training
i 0
i 1
i 2
i 3
i 4
i 5
i 6
i 0
i 0
i 0
Total trainalbe parameters of the generator: 3706049
Total trainalbe parameters of the critic: 1584641
 size of dataset 25397 batch size 24
 iterations 1058.2083333333333
++++++++++++++++++++++++++++++++
[Epoch 1/100] [Avg D loss: 6.798335] [Avg G loss: 1511.493267] [Avg Rec loss: 8.398768]
[Epoch 1/100] [D Val loss: 2.075138] [G loss: 867.119583] [Rec loss: 4.817201] [LR C: 0.000001] [LR G: 0.000010]
++++++++++++++++++++++++++++++++
++++++++++++++++++++++++++++++++
[Epoch 2/100] [Avg D loss: 0.614820] [Avg G loss: 1100.773659] [Avg Rec loss: 6.117188]
[Epoch 2/100] [D Val loss: 2.332825] [G loss: 710.739605] [Rec loss: 3.946995] [LR C: 0.000001] [LR G: 0.000010]
++++++++++++++++++++++++++++++++
++++++++++++++++++++++++++++++++
[Epoch 3/100] [Avg D loss: -0.142891] [Avg G loss: 866.278854] [Avg Rec loss: 4.814113]
[Epoch 3/100] [D Val loss: 1.060528] [G loss: 658.804628] [Rec loss: 3.660884] [LR C: 0.000001] [LR G: 0.000010]
++++++++++++++++++++++++++++++++
++++++++++++++++++++++++++++++++
[Epoch 4/100] [Avg D loss: -0.729524] [Avg G loss: 799.915351] [Avg Rec loss: 4.445080]
[Epoch 4/100] [D Val loss: 2.047140] [G loss: 636.435205] [Rec loss: 3.541774] [LR C: 0.000001] [LR G: 0.000010]
++++++++++++++++++++++++++++++++
++++++++++++++++++++++++++++++++
[Epoch 5/100] [Avg D loss: -1.395868] [Avg G loss: 732.666276] [Avg Rec loss: 4.071563]
[Epoch 5/100] [D Val loss: 2.917258] [G loss: 583.820730] [Rec loss: 3.253699] [LR C: 0.000001] [LR G: 0.000010]
++++++++++++++++++++++++++++++++
++++++++++++++++++++++++++++++++
[Epoch 6/100] [Avg D loss: -2.202914] [Avg G loss: 698.091734] [Avg Rec loss: 3.879741]
[Epoch 6/100] [D Val loss: 5.154799] [G loss: 646.203769] [Rec loss: 3.612222] [LR C: 0.000001] [LR G: 0.000010]
++++++++++++++++++++++++++++++++
++++++++++++++++++++++++++++++++
[Epoch 7/100] [Avg D loss: -3.055148] [Avg G loss: 695.958515] [Avg Rec loss: 3.867998]
[Epoch 7/100] [D Val loss: 6.821036] [G loss: 656.084139] [Rec loss: 3.674581] [LR C: 0.000001] [LR G: 0.000010]
++++++++++++++++++++++++++++++++
++++++++++++++++++++++++++++++++
[Epoch 8/100] [Avg D loss: -3.870546] [Avg G loss: 648.859462] [Avg Rec loss: 3.606060]
[Epoch 8/100] [D Val loss: 8.173625] [G loss: 582.074576] [Rec loss: 3.271975] [LR C: 0.000001] [LR G: 0.000010]
++++++++++++++++++++++++++++++++
++++++++++++++++++++++++++++++++
[Epoch 9/100] [Avg D loss: -4.831845] [Avg G loss: 657.717041] [Avg Rec loss: 3.654726]
[Epoch 9/100] [D Val loss: 7.652728] [G loss: 559.196090] [Rec loss: 3.139524] [LR C: 0.000001] [LR G: 0.000010]
++++++++++++++++++++++++++++++++
++++++++++++++++++++++++++++++++
[Epoch 10/100] [Avg D loss: -5.843072] [Avg G loss: 635.152972] [Avg Rec loss: 3.528594]
[Epoch 10/100] [D Val loss: 11.441237] [G loss: 584.369880] [Rec loss: 3.300242] [LR C: 0.000001] [LR G: 0.000010]
++++++++++++++++++++++++++++++++
++++++++++++++++++++++++++++++++
[Epoch 11/100] [Avg D loss: -6.942549] [Avg G loss: 627.455236] [Avg Rec loss: 3.484472]
[Epoch 11/100] [D Val loss: 23.168699] [G loss: 721.469305] [Rec loss: 4.127581] [LR C: 0.000001] [LR G: 0.000010]
++++++++++++++++++++++++++++++++
++++++++++++++++++++++++++++++++
[Epoch 12/100] [Avg D loss: -8.140091] [Avg G loss: 637.165832] [Avg Rec loss: 3.537230]
[Epoch 12/100] [D Val loss: 18.919733] [G loss: 612.490394] [Rec loss: 3.499631] [LR C: 0.000001] [LR G: 0.000010]
++++++++++++++++++++++++++++++++
++++++++++++++++++++++++++++++++
[Epoch 13/100] [Avg D loss: -9.342704] [Avg G loss: 599.644229] [Avg Rec loss: 3.327268]
[Epoch 13/100] [D Val loss: 22.762813] [G loss: 646.714869] [Rec loss: 3.710657] [LR C: 0.000001] [LR G: 0.000010]
++++++++++++++++++++++++++++++++
++++++++++++++++++++++++++++++++
[Epoch 14/100] [Avg D loss: -10.635079] [Avg G loss: 618.819727] [Avg Rec loss: 3.432695]
[Epoch 14/100] [D Val loss: 16.249974] [G loss: 552.787572] [Rec loss: 3.153160] [LR C: 0.000001] [LR G: 0.000010]
++++++++++++++++++++++++++++++++
++++++++++++++++++++++++++++++++
[Epoch 15/100] [Avg D loss: -12.003559] [Avg G loss: 607.795974] [Avg Rec loss: 3.369985]
[Epoch 15/100] [D Val loss: 30.118933] [G loss: 653.311056] [Rec loss: 3.786048] [LR C: 0.000001] [LR G: 0.000010]
++++++++++++++++++++++++++++++++
++++++++++++++++++++++++++++++++
[Epoch 16/100] [Avg D loss: -13.449788] [Avg G loss: 601.244515] [Avg Rec loss: 3.330574]
[Epoch 16/100] [D Val loss: 39.341115] [G loss: 655.741990] [Rec loss: 3.853392] [LR C: 0.000001] [LR G: 0.000010]
++++++++++++++++++++++++++++++++
++++++++++++++++++++++++++++++++
[Epoch 17/100] [Avg D loss: -14.906812] [Avg G loss: 611.536253] [Avg Rec loss: 3.385421]
[Epoch 17/100] [D Val loss: 24.479566] [G loss: 581.801783] [Rec loss: 3.352289] [LR C: 0.000001] [LR G: 0.000010]
++++++++++++++++++++++++++++++++
++++++++++++++++++++++++++++++++
[Epoch 18/100] [Avg D loss: -16.403060] [Avg G loss: 576.723179] [Avg Rec loss: 3.188941]
[Epoch 18/100] [D Val loss: 76.134774] [G loss: 821.172925] [Rec loss: 4.970621] [LR C: 0.000001] [LR G: 0.000010]
++++++++++++++++++++++++++++++++
++++++++++++++++++++++++++++++++
[Epoch 19/100] [Avg D loss: -17.984401] [Avg G loss: 595.785782] [Avg Rec loss: 3.292741]
[Epoch 19/100] [D Val loss: 39.018927] [G loss: 591.188459] [Rec loss: 3.488629] [LR C: 0.000001] [LR G: 0.000010]
++++++++++++++++++++++++++++++++
++++++++++++++++++++++++++++++++
[Epoch 20/100] [Avg D loss: -19.590534] [Avg G loss: 585.859757] [Avg Rec loss: 3.235001]
[Epoch 20/100] [D Val loss: 42.251274] [G loss: 579.056066] [Rec loss: 3.433883] [LR C: 0.000001] [LR G: 0.000010]
++++++++++++++++++++++++++++++++
++++++++++++++++++++++++++++++++
[Epoch 21/100] [Avg D loss: -20.492167] [Avg G loss: 579.133212] [Avg Rec loss: 3.195136]
[Epoch 21/100] [D Val loss: 62.976705] [G loss: 626.239108] [Rec loss: 3.815766] [LR C: 0.000000] [LR G: 0.000001]
++++++++++++++++++++++++++++++++
++++++++++++++++++++++++++++++++
[Epoch 22/100] [Avg D loss: -20.644409] [Avg G loss: 591.048557] [Avg Rec loss: 3.261483]
[Epoch 22/100] [D Val loss: 51.353006] [G loss: 583.985013] [Rec loss: 3.516583] [LR C: 0.000000] [LR G: 0.000001]
++++++++++++++++++++++++++++++++
++++++++++++++++++++++++++++++++
[Epoch 23/100] [Avg D loss: -20.782586] [Avg G loss: 560.675694] [Avg Rec loss: 3.091822]
[Epoch 23/100] [D Val loss: 65.095162] [G loss: 661.296998] [Rec loss: 4.017640] [LR C: 0.000000] [LR G: 0.000001]
++++++++++++++++++++++++++++++++
++++++++++++++++++++++++++++++++
[Epoch 24/100] [Avg D loss: -20.917943] [Avg G loss: 579.429535] [Avg Rec loss: 3.196746]
[Epoch 24/100] [D Val loss: 56.803464] [G loss: 605.516558] [Rec loss: 3.665953] [LR C: 0.000000] [LR G: 0.000001]
++++++++++++++++++++++++++++++++
++++++++++++++++++++++++++++++++
[Epoch 25/100] [Avg D loss: -21.107026] [Avg G loss: 567.559545] [Avg Rec loss: 3.130621]
[Epoch 25/100] [D Val loss: 56.184762] [G loss: 614.568093] [Rec loss: 3.708585] [LR C: 0.000000] [LR G: 0.000001]
++++++++++++++++++++++++++++++++
++++++++++++++++++++++++++++++++
[Epoch 26/100] [Avg D loss: -21.239666] [Avg G loss: 574.956771] [Avg Rec loss: 3.170958]
[Epoch 26/100] [D Val loss: 67.316379] [G loss: 643.672692] [Rec loss: 3.933132] [LR C: 0.000000] [LR G: 0.000001]
++++++++++++++++++++++++++++++++
++++++++++++++++++++++++++++++++
[Epoch 27/100] [Avg D loss: -21.428911] [Avg G loss: 586.740420] [Avg Rec loss: 3.236018]
[Epoch 27/100] [D Val loss: 52.188765] [G loss: 602.831940] [Rec loss: 3.618787] [LR C: 0.000000] [LR G: 0.000001]
++++++++++++++++++++++++++++++++
++++++++++++++++++++++++++++++++
[Epoch 28/100] [Avg D loss: -21.542703] [Avg G loss: 557.853086] [Avg Rec loss: 3.074804]
[Epoch 28/100] [D Val loss: 81.836650] [G loss: 654.396870] [Rec loss: 4.077025] [LR C: 0.000000] [LR G: 0.000001]
++++++++++++++++++++++++++++++++
++++++++++++++++++++++++++++++++
[Epoch 29/100] [Avg D loss: -21.686010] [Avg G loss: 576.627357] [Avg Rec loss: 3.179855]
[Epoch 29/100] [D Val loss: 54.121315] [G loss: 611.366817] [Rec loss: 3.675378] [LR C: 0.000000] [LR G: 0.000001]
++++++++++++++++++++++++++++++++
++++++++++++++++++++++++++++++++
[Epoch 30/100] [Avg D loss: -21.894996] [Avg G loss: 566.029285] [Avg Rec loss: 3.120687]
[Epoch 30/100] [D Val loss: 63.771208] [G loss: 608.595021] [Rec loss: 3.718409] [LR C: 0.000000] [LR G: 0.000001]
++++++++++++++++++++++++++++++++
++++++++++++++++++++++++++++++++
[Epoch 31/100] [Avg D loss: -22.008314] [Avg G loss: 572.514955] [Avg Rec loss: 3.155813]
[Epoch 31/100] [D Val loss: 67.715051] [G loss: 649.734766] [Rec loss: 3.964458] [LR C: 0.000000] [LR G: 0.000001]
++++++++++++++++++++++++++++++++
++++++++++++++++++++++++++++++++
[Epoch 32/100] [Avg D loss: -22.132355] [Avg G loss: 584.601563] [Avg Rec loss: 3.223074]
[Epoch 32/100] [D Val loss: 61.939678] [G loss: 599.617901] [Rec loss: 3.658027] [LR C: 0.000000] [LR G: 0.000000]
++++++++++++++++++++++++++++++++
++++++++++++++++++++++++++++++++
[Epoch 33/100] [Avg D loss: -22.143275] [Avg G loss: 555.557227] [Avg Rec loss: 3.060784]
[Epoch 33/100] [D Val loss: 73.806371] [G loss: 643.039001] [Rec loss: 3.965532] [LR C: 0.000000] [LR G: 0.000000]
++++++++++++++++++++++++++++++++
++++++++++++++++++++++++++++++++
[Epoch 34/100] [Avg D loss: -22.186598] [Avg G loss: 574.024982] [Avg Rec loss: 3.164525]
[Epoch 34/100] [D Val loss: 68.014567] [G loss: 614.412862] [Rec loss: 3.774958] [LR C: 0.000000] [LR G: 0.000000]
++++++++++++++++++++++++++++++++
++++++++++++++++++++++++++++++++
[Epoch 35/100] [Avg D loss: -22.189563] [Avg G loss: 563.761176] [Avg Rec loss: 3.107723]
[Epoch 35/100] [D Val loss: 64.098200] [G loss: 615.099318] [Rec loss: 3.754379] [LR C: 0.000000] [LR G: 0.000000]
++++++++++++++++++++++++++++++++
++++++++++++++++++++++++++++++++
[Epoch 36/100] [Avg D loss: -22.173630] [Avg G loss: 569.745600] [Avg Rec loss: 3.139932]
[Epoch 36/100] [D Val loss: 72.599349] [G loss: 639.826754] [Rec loss: 3.939263] [LR C: 0.000000] [LR G: 0.000000]
++++++++++++++++++++++++++++++++
++++++++++++++++++++++++++++++++
[Epoch 37/100] [Avg D loss: -22.229568] [Avg G loss: 583.831224] [Avg Rec loss: 3.218723]
[Epoch 37/100] [D Val loss: 61.587659] [G loss: 609.322090] [Rec loss: 3.707882] [LR C: 0.000000] [LR G: 0.000000]
++++++++++++++++++++++++++++++++
++++++++++++++++++++++++++++++++
[Epoch 38/100] [Avg D loss: -22.222471] [Avg G loss: 555.090032] [Avg Rec loss: 3.058140]
[Epoch 38/100] [D Val loss: 76.444426] [G loss: 650.309745] [Rec loss: 4.020664] [LR C: 0.000000] [LR G: 0.000000]
++++++++++++++++++++++++++++++++
++++++++++++++++++++++++++++++++
[Epoch 39/100] [Avg D loss: -22.188576] [Avg G loss: 573.756433] [Avg Rec loss: 3.162850]
[Epoch 39/100] [D Val loss: 68.723049] [G loss: 619.681753] [Rec loss: 3.808215] [LR C: 0.000000] [LR G: 0.000000]
++++++++++++++++++++++++++++++++
++++++++++++++++++++++++++++++++
[Epoch 40/100] [Avg D loss: -22.267245] [Avg G loss: 563.544305] [Avg Rec loss: 3.106451]
[Epoch 40/100] [D Val loss: 62.128047] [G loss: 621.159460] [Rec loss: 3.775280] [LR C: 0.000000] [LR G: 0.000000]
++++++++++++++++++++++++++++++++
++++++++++++++++++++++++++++++++
[Epoch 41/100] [Avg D loss: -22.266310] [Avg G loss: 569.574844] [Avg Rec loss: 3.139136]
[Epoch 41/100] [D Val loss: 70.306048] [G loss: 645.624612] [Rec loss: 3.957461] [LR C: 0.000000] [LR G: 0.000000]
++++++++++++++++++++++++++++++++
++++++++++++++++++++++++++++++++
[Epoch 42/100] [Avg D loss: -22.262993] [Avg G loss: 583.427504] [Avg Rec loss: 3.216264]
[Epoch 42/100] [D Val loss: 57.944179] [G loss: 614.820650] [Rec loss: 3.714853] [LR C: 0.000000] [LR G: 0.000000]
++++++++++++++++++++++++++++++++
++++++++++++++++++++++++++++++++
[Epoch 43/100] [Avg D loss: -22.300814] [Avg G loss: 554.821823] [Avg Rec loss: 3.056406]
[Epoch 43/100] [D Val loss: 80.699393] [G loss: 641.665401] [Rec loss: 3.998757] [LR C: 0.000000] [LR G: 0.000000]
++++++++++++++++++++++++++++++++
++++++++++++++++++++++++++++++++
[Epoch 44/100] [Avg D loss: -22.314232] [Avg G loss: 573.442128] [Avg Rec loss: 3.161060]
[Epoch 44/100] [D Val loss: 65.197111] [G loss: 620.847768] [Rec loss: 3.791657] [LR C: 0.000000] [LR G: 0.000000]
++++++++++++++++++++++++++++++++
++++++++++++++++++++++++++++++++
[Epoch 45/100] [Avg D loss: -22.328995] [Avg G loss: 563.381700] [Avg Rec loss: 3.105269]
[Epoch 45/100] [D Val loss: 63.674552] [G loss: 615.085819] [Rec loss: 3.751238] [LR C: 0.000000] [LR G: 0.000000]
++++++++++++++++++++++++++++++++
++++++++++++++++++++++++++++++++
[Epoch 46/100] [Avg D loss: -22.347505] [Avg G loss: 569.413622] [Avg Rec loss: 3.138001]
[Epoch 46/100] [D Val loss: 72.565394] [G loss: 636.532792] [Rec loss: 3.920930] [LR C: 0.000000] [LR G: 0.000000]
++++++++++++++++++++++++++++++++
++++++++++++++++++++++++++++++++
[Epoch 47/100] [Avg D loss: -22.366655] [Avg G loss: 582.945052] [Avg Rec loss: 3.213379]
[Epoch 47/100] [D Val loss: 65.734878] [G loss: 607.845230] [Rec loss: 3.723677] [LR C: 0.000000] [LR G: 0.000000]
++++++++++++++++++++++++++++++++
++++++++++++++++++++++++++++++++
[Epoch 48/100] [Avg D loss: -22.392871] [Avg G loss: 554.796915] [Avg Rec loss: 3.056238]
[Epoch 48/100] [D Val loss: 80.229033] [G loss: 643.480762] [Rec loss: 4.005998] [LR C: 0.000000] [LR G: 0.000000]
++++++++++++++++++++++++++++++++
++++++++++++++++++++++++++++++++
[Epoch 49/100] [Avg D loss: -22.404265] [Avg G loss: 573.423673] [Avg Rec loss: 3.160790]
[Epoch 49/100] [D Val loss: 69.442901] [G loss: 616.988096] [Rec loss: 3.797860] [LR C: 0.000000] [LR G: 0.000000]
++++++++++++++++++++++++++++++++
++++++++++++++++++++++++++++++++
[Epoch 50/100] [Avg D loss: -22.426498] [Avg G loss: 563.361903] [Avg Rec loss: 3.105043]
[Epoch 50/100] [D Val loss: 63.433413] [G loss: 616.567197] [Rec loss: 3.757664] [LR C: 0.000000] [LR G: 0.000000]
++++++++++++++++++++++++++++++++
++++++++++++++++++++++++++++++++
[Epoch 51/100] [Avg D loss: -22.423176] [Avg G loss: 569.431479] [Avg Rec loss: 3.137835]
[Epoch 51/100] [D Val loss: 81.699525] [G loss: 627.440027] [Rec loss: 3.927373] [LR C: 0.000000] [LR G: 0.000000]
++++++++++++++++++++++++++++++++
++++++++++++++++++++++++++++++++
[Epoch 52/100] [Avg D loss: -22.437784] [Avg G loss: 582.935845] [Avg Rec loss: 3.213274]
[Epoch 52/100] [D Val loss: 58.952108] [G loss: 616.287855] [Rec loss: 3.728437] [LR C: 0.000000] [LR G: 0.000000]
++++++++++++++++++++++++++++++++
++++++++++++++++++++++++++++++++
[Epoch 53/100] [Avg D loss: -22.460139] [Avg G loss: 554.808436] [Avg Rec loss: 3.056060]
[Epoch 53/100] [D Val loss: 77.007196] [G loss: 648.315609] [Rec loss: 4.012031] [LR C: 0.000000] [LR G: 0.000000]
++++++++++++++++++++++++++++++++
++++++++++++++++++++++++++++++++
[Epoch 54/100] [Avg D loss: -22.464665] [Avg G loss: 573.404348] [Avg Rec loss: 3.160595]
[Epoch 54/100] [D Val loss: 70.038130] [G loss: 617.201640] [Rec loss: 3.802345] [LR C: 0.000000] [LR G: 0.000000]
++++++++++++++++++++++++++++++++
++++++++++++++++++++++++++++++++
[Epoch 55/100] [Avg D loss: -22.513947] [Avg G loss: 563.352645] [Avg Rec loss: 3.104867]
[Epoch 55/100] [D Val loss: 66.052202] [G loss: 614.689784] [Rec loss: 3.762245] [LR C: 0.000000] [LR G: 0.000000]
++++++++++++++++++++++++++++++++
++++++++++++++++++++++++++++++++
[Epoch 56/100] [Avg D loss: -22.515901] [Avg G loss: 569.414255] [Avg Rec loss: 3.137708]
[Epoch 56/100] [D Val loss: 69.412984] [G loss: 642.136094] [Rec loss: 3.932130] [LR C: 0.000000] [LR G: 0.000000]
++++++++++++++++++++++++++++++++
++++++++++++++++++++++++++++++++
[Epoch 57/100] [Avg D loss: -22.507693] [Avg G loss: 582.975190] [Avg Rec loss: 3.213160]
[Epoch 57/100] [D Val loss: 69.657854] [G loss: 604.908638] [Rec loss: 3.731918] [LR C: 0.000000] [LR G: 0.000000]
++++++++++++++++++++++++++++++++
++++++++++++++++++++++++++++++++
[Epoch 58/100] [Avg D loss: -22.555178] [Avg G loss: 554.823670] [Avg Rec loss: 3.055887]
[Epoch 58/100] [D Val loss: 78.198484] [G loss: 648.069906] [Rec loss: 4.016459] [LR C: 0.000000] [LR G: 0.000000]
++++++++++++++++++++++++++++++++
++++++++++++++++++++++++++++++++
[Epoch 59/100] [Avg D loss: -22.548380] [Avg G loss: 573.432728] [Avg Rec loss: 3.160423]
[Epoch 59/100] [D Val loss: 75.362774] [G loss: 611.837145] [Rec loss: 3.806045] [LR C: 0.000000] [LR G: 0.000000]
++++++++++++++++++++++++++++++++
++++++++++++++++++++++++++++++++
[Epoch 60/100] [Avg D loss: -22.582685] [Avg G loss: 563.397202] [Avg Rec loss: 3.104712]
[Epoch 60/100] [D Val loss: 68.086913] [G loss: 612.928624] [Rec loss: 3.765910] [LR C: 0.000000] [LR G: 0.000000]
++++++++++++++++++++++++++++++++
++++++++++++++++++++++++++++++++
[Epoch 61/100] [Avg D loss: -22.581194] [Avg G loss: 569.435116] [Avg Rec loss: 3.137597]
[Epoch 61/100] [D Val loss: 70.099003] [G loss: 642.163174] [Rec loss: 3.936200] [LR C: 0.000000] [LR G: 0.000000]
++++++++++++++++++++++++++++++++
++++++++++++++++++++++++++++++++
[Epoch 62/100] [Avg D loss: -22.587338] [Avg G loss: 582.963170] [Avg Rec loss: 3.213031]
[Epoch 62/100] [D Val loss: 64.517150] [G loss: 611.415073] [Rec loss: 3.735488] [LR C: 0.000000] [LR G: 0.000000]
++++++++++++++++++++++++++++++++
++++++++++++++++++++++++++++++++
[Epoch 63/100] [Avg D loss: -22.614711] [Avg G loss: 554.795964] [Avg Rec loss: 3.055718]
[Epoch 63/100] [D Val loss: 81.870093] [G loss: 644.711226] [Rec loss: 4.020051] [LR C: 0.000000] [LR G: 0.000000]
++++++++++++++++++++++++++++++++
++++++++++++++++++++++++++++++++
[Epoch 64/100] [Avg D loss: -22.630079] [Avg G loss: 573.417239] [Avg Rec loss: 3.160259]
[Epoch 64/100] [D Val loss: 72.518856] [G loss: 615.692516] [Rec loss: 3.809082] [LR C: 0.000000] [LR G: 0.000000]
++++++++++++++++++++++++++++++++
++++++++++++++++++++++++++++++++
[Epoch 65/100] [Avg D loss: -22.649494] [Avg G loss: 563.373082] [Avg Rec loss: 3.104566]
[Epoch 65/100] [D Val loss: 69.983022] [G loss: 610.980987] [Rec loss: 3.768103] [LR C: 0.000000] [LR G: 0.000000]
++++++++++++++++++++++++++++++++
++++++++++++++++++++++++++++++++
[Epoch 66/100] [Avg D loss: -22.682980] [Avg G loss: 569.417562] [Avg Rec loss: 3.137492]
[Epoch 66/100] [D Val loss: 72.123498] [G loss: 640.465595] [Rec loss: 3.939136] [LR C: 0.000000] [LR G: 0.000000]
++++++++++++++++++++++++++++++++
++++++++++++++++++++++++++++++++
[Epoch 67/100] [Avg D loss: -22.694379] [Avg G loss: 582.929010] [Avg Rec loss: 3.212892]
[Epoch 67/100] [D Val loss: 69.566074] [G loss: 606.254741] [Rec loss: 3.737903] [LR C: 0.000000] [LR G: 0.000000]
++++++++++++++++++++++++++++++++
++++++++++++++++++++++++++++++++
[Epoch 68/100] [Avg D loss: -22.695285] [Avg G loss: 554.804221] [Avg Rec loss: 3.055542]
[Epoch 68/100] [D Val loss: 80.947697] [G loss: 646.100739] [Rec loss: 4.022531] [LR C: 0.000000] [LR G: 0.000000]
++++++++++++++++++++++++++++++++
++++++++++++++++++++++++++++++++
[Epoch 69/100] [Avg D loss: -22.716825] [Avg G loss: 573.448349] [Avg Rec loss: 3.160112]
[Epoch 69/100] [D Val loss: 65.638188] [G loss: 624.106297] [Rec loss: 3.811459] [LR C: 0.000000] [LR G: 0.000000]
++++++++++++++++++++++++++++++++
++++++++++++++++++++++++++++++++
[Epoch 70/100] [Avg D loss: -22.740813] [Avg G loss: 563.346082] [Avg Rec loss: 3.104429]
[Epoch 70/100] [D Val loss: 69.143949] [G loss: 612.448090] [Rec loss: 3.770043] [LR C: 0.000000] [LR G: 0.000000]
++++++++++++++++++++++++++++++++
++++++++++++++++++++++++++++++++
[Epoch 71/100] [Avg D loss: -22.765194] [Avg G loss: 569.449580] [Avg Rec loss: 3.137393]
[Epoch 71/100] [D Val loss: 77.771059] [G loss: 634.461160] [Rec loss: 3.941317] [LR C: 0.000000] [LR G: 0.000000]
++++++++++++++++++++++++++++++++
++++++++++++++++++++++++++++++++
[Epoch 72/100] [Avg D loss: -22.761320] [Avg G loss: 582.955605] [Avg Rec loss: 3.212750]
[Epoch 72/100] [D Val loss: 67.135033] [G loss: 609.222622] [Rec loss: 3.739148] [LR C: 0.000000] [LR G: 0.000000]
++++++++++++++++++++++++++++++++
++++++++++++++++++++++++++++++++
[Epoch 73/100] [Avg D loss: -22.816854] [Avg G loss: 554.797220] [Avg Rec loss: 3.055377]
[Epoch 73/100] [D Val loss: 80.708459] [G loss: 646.537582] [Rec loss: 4.023963] [LR C: 0.000000] [LR G: 0.000000]
++++++++++++++++++++++++++++++++
++++++++++++++++++++++++++++++++
[Epoch 74/100] [Avg D loss: -22.797617] [Avg G loss: 573.435610] [Avg Rec loss: 3.159964]
[Epoch 74/100] [D Val loss: 67.767424] [G loss: 621.977393] [Rec loss: 3.812605] [LR C: 0.000000] [LR G: 0.000000]
++++++++++++++++++++++++++++++++
++++++++++++++++++++++++++++++++
[Epoch 75/100] [Avg D loss: -22.861805] [Avg G loss: 563.389797] [Avg Rec loss: 3.104306]
[Epoch 75/100] [D Val loss: 64.234486] [G loss: 618.529320] [Rec loss: 3.771549] [LR C: 0.000000] [LR G: 0.000000]
++++++++++++++++++++++++++++++++
++++++++++++++++++++++++++++++++
[Epoch 76/100] [Avg D loss: -22.828000] [Avg G loss: 569.469045] [Avg Rec loss: 3.137294]
[Epoch 76/100] [D Val loss: 74.307629] [G loss: 638.898816] [Rec loss: 3.942696] [LR C: 0.000000] [LR G: 0.000000]
++++++++++++++++++++++++++++++++
++++++++++++++++++++++++++++++++
[Epoch 77/100] [Avg D loss: -22.829823] [Avg G loss: 582.960690] [Avg Rec loss: 3.212601]
[Epoch 77/100] [D Val loss: 68.049309] [G loss: 608.387224] [Rec loss: 3.740815] [LR C: 0.000000] [LR G: 0.000000]
++++++++++++++++++++++++++++++++
++++++++++++++++++++++++++++++++
[Epoch 78/100] [Avg D loss: -22.873089] [Avg G loss: 554.795931] [Avg Rec loss: 3.055207]
[Epoch 78/100] [D Val loss: 78.699374] [G loss: 649.172585] [Rec loss: 4.025464] [LR C: 0.000000] [LR G: 0.000000]
++++++++++++++++++++++++++++++++
++++++++++++++++++++++++++++++++
[Epoch 79/100] [Avg D loss: -22.863531] [Avg G loss: 573.421142] [Avg Rec loss: 3.159817]
[Epoch 79/100] [D Val loss: 63.423356] [G loss: 627.186183] [Rec loss: 3.814700] [LR C: 0.000000] [LR G: 0.000000]
++++++++++++++++++++++++++++++++
++++++++++++++++++++++++++++++++
[Epoch 80/100] [Avg D loss: -22.902055] [Avg G loss: 563.364600] [Avg Rec loss: 3.104174]
[Epoch 80/100] [D Val loss: 68.586111] [G loss: 613.612169] [Rec loss: 3.773127] [LR C: 0.000000] [LR G: 0.000000]
++++++++++++++++++++++++++++++++
++++++++++++++++++++++++++++++++
[Epoch 81/100] [Avg D loss: -22.937810] [Avg G loss: 569.444682] [Avg Rec loss: 3.137194]
[Epoch 81/100] [D Val loss: 81.379072] [G loss: 631.275279] [Rec loss: 3.944727] [LR C: 0.000000] [LR G: 0.000000]
++++++++++++++++++++++++++++++++
++++++++++++++++++++++++++++++++
[Epoch 82/100] [Avg D loss: -22.954630] [Avg G loss: 582.968512] [Avg Rec loss: 3.212440]
[Epoch 82/100] [D Val loss: 66.203091] [G loss: 610.957173] [Rec loss: 3.742197] [LR C: 0.000000] [LR G: 0.000000]
++++++++++++++++++++++++++++++++
++++++++++++++++++++++++++++++++
[Epoch 83/100] [Avg D loss: -22.931226] [Avg G loss: 554.798788] [Avg Rec loss: 3.055039]
[Epoch 83/100] [D Val loss: 93.200300] [G loss: 633.576082] [Rec loss: 4.026787] [LR C: 0.000000] [LR G: 0.000000]
++++++++++++++++++++++++++++++++
++++++++++++++++++++++++++++++++
[Epoch 84/100] [Avg D loss: -22.986965] [Avg G loss: 573.414752] [Avg Rec loss: 3.159667]
[Epoch 84/100] [D Val loss: 68.240935] [G loss: 622.031417] [Rec loss: 3.814941] [LR C: 0.000000] [LR G: 0.000000]
++++++++++++++++++++++++++++++++
++++++++++++++++++++++++++++++++
[Epoch 85/100] [Avg D loss: -23.009941] [Avg G loss: 563.390526] [Avg Rec loss: 3.104056]
[Epoch 85/100] [D Val loss: 67.405101] [G loss: 615.240967] [Rec loss: 3.773452] [LR C: 0.000000] [LR G: 0.000000]
++++++++++++++++++++++++++++++++
++++++++++++++++++++++++++++++++
[Epoch 86/100] [Avg D loss: -22.977587] [Avg G loss: 569.472420] [Avg Rec loss: 3.137098]
[Epoch 86/100] [D Val loss: 70.974201] [G loss: 643.022470] [Rec loss: 3.945216] [LR C: 0.000000] [LR G: 0.000000]
++++++++++++++++++++++++++++++++
++++++++++++++++++++++++++++++++
[Epoch 87/100] [Avg D loss: -23.022880] [Avg G loss: 582.974820] [Avg Rec loss: 3.212281]
[Epoch 87/100] [D Val loss: 69.286184] [G loss: 607.639336] [Rec loss: 3.742697] [LR C: 0.000000] [LR G: 0.000000]
++++++++++++++++++++++++++++++++
++++++++++++++++++++++++++++++++
[Epoch 88/100] [Avg D loss: -23.031110] [Avg G loss: 554.812042] [Avg Rec loss: 3.054875]
[Epoch 88/100] [D Val loss: 75.291645] [G loss: 653.592334] [Rec loss: 4.027734] [LR C: 0.000000] [LR G: 0.000000]
++++++++++++++++++++++++++++++++
++++++++++++++++++++++++++++++++
[Epoch 89/100] [Avg D loss: -23.073707] [Avg G loss: 573.427777] [Avg Rec loss: 3.159518]
[Epoch 89/100] [D Val loss: 70.938037] [G loss: 619.083360] [Rec loss: 3.815699] [LR C: 0.000000] [LR G: 0.000000]
++++++++++++++++++++++++++++++++
++++++++++++++++++++++++++++++++
[Epoch 90/100] [Avg D loss: -23.070044] [Avg G loss: 563.375377] [Avg Rec loss: 3.103939]
[Epoch 90/100] [D Val loss: 69.351084] [G loss: 613.161747] [Rec loss: 3.773765] [LR C: 0.000000] [LR G: 0.000000]
++++++++++++++++++++++++++++++++
++++++++++++++++++++++++++++++++
[Epoch 91/100] [Avg D loss: -23.062068] [Avg G loss: 569.478566] [Avg Rec loss: 3.137009]
[Epoch 91/100] [D Val loss: 76.704220] [G loss: 636.561819] [Rec loss: 3.945400] [LR C: 0.000000] [LR G: 0.000000]
++++++++++++++++++++++++++++++++
++++++++++++++++++++++++++++++++
[Epoch 92/100] [Avg D loss: -23.098890] [Avg G loss: 582.927569] [Avg Rec loss: 3.212123]
[Epoch 92/100] [D Val loss: 63.446244] [G loss: 614.425667] [Rec loss: 3.742868] [LR C: 0.000000] [LR G: 0.000000]
++++++++++++++++++++++++++++++++
++++++++++++++++++++++++++++++++
[Epoch 93/100] [Avg D loss: -23.108674] [Avg G loss: 554.801497] [Avg Rec loss: 3.054717]
[Epoch 93/100] [D Val loss: 83.302616] [G loss: 644.530734] [Rec loss: 4.028233] [LR C: 0.000000] [LR G: 0.000000]
++++++++++++++++++++++++++++++++
++++++++++++++++++++++++++++++++
[Epoch 94/100] [Avg D loss: -23.136803] [Avg G loss: 573.439789] [Avg Rec loss: 3.159369]
[Epoch 94/100] [D Val loss: 68.562703] [G loss: 622.076349] [Rec loss: 3.816194] [LR C: 0.000000] [LR G: 0.000000]
++++++++++++++++++++++++++++++++
++++++++++++++++++++++++++++++++
[Epoch 95/100] [Avg D loss: -23.114445] [Avg G loss: 563.389394] [Avg Rec loss: 3.103816]
[Epoch 95/100] [D Val loss: 65.107401] [G loss: 617.934153] [Rec loss: 3.774224] [LR C: 0.000000] [LR G: 0.000000]
++++++++++++++++++++++++++++++++
++++++++++++++++++++++++++++++++
[Epoch 96/100] [Avg D loss: -23.164421] [Avg G loss: 569.504325] [Avg Rec loss: 3.136912]
[Epoch 96/100] [D Val loss: 75.105365] [G loss: 638.864134] [Rec loss: 3.946271] [LR C: 0.000000] [LR G: 0.000000]
++++++++++++++++++++++++++++++++
++++++++++++++++++++++++++++++++
[Epoch 97/100] [Avg D loss: -23.188796] [Avg G loss: 582.956888] [Avg Rec loss: 3.211974]
[Epoch 97/100] [D Val loss: 60.654862] [G loss: 617.568990] [Rec loss: 3.743653] [LR C: 0.000000] [LR G: 0.000000]
++++++++++++++++++++++++++++++++
++++++++++++++++++++++++++++++++
[Epoch 98/100] [Avg D loss: -23.188304] [Avg G loss: 554.811126] [Avg Rec loss: 3.054564]
[Epoch 98/100] [D Val loss: 75.615001] [G loss: 653.486214] [Rec loss: 4.028711] [LR C: 0.000000] [LR G: 0.000000]
++++++++++++++++++++++++++++++++
++++++++++++++++++++++++++++++++
[Epoch 99/100] [Avg D loss: -23.235572] [Avg G loss: 573.433008] [Avg Rec loss: 3.159221]
[Epoch 99/100] [D Val loss: 79.051685] [G loss: 610.345824] [Rec loss: 3.816866] [LR C: 0.000000] [LR G: 0.000000]
++++++++++++++++++++++++++++++++
++++++++++++++++++++++++++++++++
[Epoch 100/100] [Avg D loss: -23.210673] [Avg G loss: 563.412858] [Avg Rec loss: 3.103703]
[Epoch 100/100] [D Val loss: 73.097330] [G loss: 609.356398] [Rec loss: 3.774377] [LR C: 0.000000] [LR G: 0.000000]
++++++++++++++++++++++++++++++++
wandb: Waiting for W&B process to finish... (success).
wandb: - 0.000 MB of 0.000 MB uploaded (0.000 MB deduped)
wandb: \ 0.000 MB of 0.000 MB uploaded (0.000 MB deduped)
wandb:                                                                                
wandb: You can sync this run to the cloud by running:
wandb: wandb sync /cpfs01/projects-HDD/cfff-4a8d9af84f66_HDD/public/ShiXiSheng/yzy/yzy_results/ex25_onestepwgan_cri5_180_weightmae_aheadtop_0.008/wandb/offline-run-20241115_045142-w59z09dfwgan
wandb: Find logs at: ./yzy_results/ex25_onestepwgan_cri5_180_weightmae_aheadtop_0.008/wandb/offline-run-20241115_045142-w59z09dfwgan/logs
/cpfs01/projects-HDD/cfff-4a8d9af84f66_HDD/yinzunyi/py3.9/lib/python3.9/site-packages/xarray/core/concat.py:527: FutureWarning: unique with argument that is not not a Series, Index, ExtensionArray, or np.ndarray is deprecated and will raise in a future version.
  common_dims = tuple(pd.unique([d for v in vars for d in v.dims]))
/cpfs01/projects-HDD/cfff-4a8d9af84f66_HDD/public/ShiXiSheng/yzy/precipitation_downscaling-bing_issue09_bias_correction/models/network_unet.py:217: UserWarning: nn.init.xavier_uniform is now deprecated in favor of nn.init.xavier_uniform_.
  torch.nn.init.xavier_uniform(self.output.weight)
wandb: Tracking run with wandb version 0.13.2
wandb: W&B syncing is set to `offline` in this directory.  
wandb: Run `wandb online` or set WANDB_MODE=online to enable cloud syncing.
/cpfs01/projects-HDD/cfff-4a8d9af84f66_HDD/public/ShiXiSheng/yzy/precipitation_downscaling-bing_issue09_bias_correction/train_scripts/wgan_train.py:33: UserWarning: To copy construct from a tensor, it is recommended to use sourceTensor.clone().detach() or sourceTensor.clone().detach().requires_grad_(True), rather than torch.tensor(sourceTensor).
  weights = torch.tensor(y_true,requires_grad=False) #
The patch size for prepitation is 16
K 值是多少让我看看： 0.008
self.prcp_indexes: [4, 5, 9]
Going to open the following files: /cpfs01/projects-HDD/cfff-4a8d9af84f66_HDD/public/ShiXiSheng/yzy/downscaling_precipitation/precip_dataset_new/train
Going to open the following files: [PosixPath('/cpfs01/projects-HDD/cfff-4a8d9af84f66_HDD/public/ShiXiSheng/yzy/downscaling_precipitation/precip_dataset_new/train/preproc_ifs_radklim_2016-01.nc'), PosixPath('/cpfs01/projects-HDD/cfff-4a8d9af84f66_HDD/public/ShiXiSheng/yzy/downscaling_precipitation/precip_dataset_new/train/preproc_ifs_radklim_2016-02.nc'), PosixPath('/cpfs01/projects-HDD/cfff-4a8d9af84f66_HDD/public/ShiXiSheng/yzy/downscaling_precipitation/precip_dataset_new/train/preproc_ifs_radklim_2016-03.nc'), PosixPath('/cpfs01/projects-HDD/cfff-4a8d9af84f66_HDD/public/ShiXiSheng/yzy/downscaling_precipitation/precip_dataset_new/train/preproc_ifs_radklim_2016-04.nc'), PosixPath('/cpfs01/projects-HDD/cfff-4a8d9af84f66_HDD/public/ShiXiSheng/yzy/downscaling_precipitation/precip_dataset_new/train/preproc_ifs_radklim_2016-05.nc'), PosixPath('/cpfs01/projects-HDD/cfff-4a8d9af84f66_HDD/public/ShiXiSheng/yzy/downscaling_precipitation/precip_dataset_new/train/preproc_ifs_radklim_2016-06.nc'), PosixPath('/cpfs01/projects-HDD/cfff-4a8d9af84f66_HDD/public/ShiXiSheng/yzy/downscaling_precipitation/precip_dataset_new/train/preproc_ifs_radklim_2016-07.nc'), PosixPath('/cpfs01/projects-HDD/cfff-4a8d9af84f66_HDD/public/ShiXiSheng/yzy/downscaling_precipitation/precip_dataset_new/train/preproc_ifs_radklim_2018-02.nc'), PosixPath('/cpfs01/projects-HDD/cfff-4a8d9af84f66_HDD/public/ShiXiSheng/yzy/downscaling_precipitation/precip_dataset_new/train/preproc_ifs_radklim_2018-03.nc'), PosixPath('/cpfs01/projects-HDD/cfff-4a8d9af84f66_HDD/public/ShiXiSheng/yzy/downscaling_precipitation/precip_dataset_new/train/preproc_ifs_radklim_2018-04.nc'), PosixPath('/cpfs01/projects-HDD/cfff-4a8d9af84f66_HDD/public/ShiXiSheng/yzy/downscaling_precipitation/precip_dataset_new/train/preproc_ifs_radklim_2018-05.nc'), PosixPath('/cpfs01/projects-HDD/cfff-4a8d9af84f66_HDD/public/ShiXiSheng/yzy/downscaling_precipitation/precip_dataset_new/train/preproc_ifs_radklim_2018-06.nc'), PosixPath('/cpfs01/projects-HDD/cfff-4a8d9af84f66_HDD/public/ShiXiSheng/yzy/downscaling_precipitation/precip_dataset_new/train/preproc_ifs_radklim_2018-07.nc'), PosixPath('/cpfs01/projects-HDD/cfff-4a8d9af84f66_HDD/public/ShiXiSheng/yzy/downscaling_precipitation/precip_dataset_new/train/preproc_ifs_radklim_2018-08.nc'), PosixPath('/cpfs01/projects-HDD/cfff-4a8d9af84f66_HDD/public/ShiXiSheng/yzy/downscaling_precipitation/precip_dataset_new/train/preproc_ifs_radklim_2018-09.nc'), PosixPath('/cpfs01/projects-HDD/cfff-4a8d9af84f66_HDD/public/ShiXiSheng/yzy/downscaling_precipitation/precip_dataset_new/train/preproc_ifs_radklim_2018-10.nc'), PosixPath('/cpfs01/projects-HDD/cfff-4a8d9af84f66_HDD/public/ShiXiSheng/yzy/downscaling_precipitation/precip_dataset_new/train/preproc_ifs_radklim_2018-11.nc'), PosixPath('/cpfs01/projects-HDD/cfff-4a8d9af84f66_HDD/public/ShiXiSheng/yzy/downscaling_precipitation/precip_dataset_new/train/preproc_ifs_radklim_2018-12.nc'), PosixPath('/cpfs01/projects-HDD/cfff-4a8d9af84f66_HDD/public/ShiXiSheng/yzy/downscaling_precipitation/precip_dataset_new/train/preproc_ifs_radklim_2019-01.nc'), PosixPath('/cpfs01/projects-HDD/cfff-4a8d9af84f66_HDD/public/ShiXiSheng/yzy/downscaling_precipitation/precip_dataset_new/train/preproc_ifs_radklim_2019-02.nc'), PosixPath('/cpfs01/projects-HDD/cfff-4a8d9af84f66_HDD/public/ShiXiSheng/yzy/downscaling_precipitation/precip_dataset_new/train/preproc_ifs_radklim_2019-03.nc'), PosixPath('/cpfs01/projects-HDD/cfff-4a8d9af84f66_HDD/public/ShiXiSheng/yzy/downscaling_precipitation/precip_dataset_new/train/preproc_ifs_radklim_2019-05.nc'), PosixPath('/cpfs01/projects-HDD/cfff-4a8d9af84f66_HDD/public/ShiXiSheng/yzy/downscaling_precipitation/precip_dataset_new/train/preproc_ifs_radklim_2019-06.nc'), PosixPath('/cpfs01/projects-HDD/cfff-4a8d9af84f66_HDD/public/ShiXiSheng/yzy/downscaling_precipitation/precip_dataset_new/train/preproc_ifs_radklim_2019-07.nc'), PosixPath('/cpfs01/projects-HDD/cfff-4a8d9af84f66_HDD/public/ShiXiSheng/yzy/downscaling_precipitation/precip_dataset_new/train/preproc_ifs_radklim_2019-08.nc'), PosixPath('/cpfs01/projects-HDD/cfff-4a8d9af84f66_HDD/public/ShiXiSheng/yzy/downscaling_precipitation/precip_dataset_new/train/preproc_ifs_radklim_2019-09.nc'), PosixPath('/cpfs01/projects-HDD/cfff-4a8d9af84f66_HDD/public/ShiXiSheng/yzy/downscaling_precipitation/precip_dataset_new/train/preproc_ifs_radklim_2019-10.nc'), PosixPath('/cpfs01/projects-HDD/cfff-4a8d9af84f66_HDD/public/ShiXiSheng/yzy/downscaling_precipitation/precip_dataset_new/train/preproc_ifs_radklim_2019-11.nc'), PosixPath('/cpfs01/projects-HDD/cfff-4a8d9af84f66_HDD/public/ShiXiSheng/yzy/downscaling_precipitation/precip_dataset_new/train/preproc_ifs_radklim_2019-12.nc')]
Going to open the following files: [PosixPath('/cpfs01/projects-HDD/cfff-4a8d9af84f66_HDD/public/ShiXiSheng/yzy/downscaling_precipitation/precip_dataset_new/train/preproc_ifs_radklim_2016-01.nc'), PosixPath('/cpfs01/projects-HDD/cfff-4a8d9af84f66_HDD/public/ShiXiSheng/yzy/downscaling_precipitation/precip_dataset_new/train/preproc_ifs_radklim_2016-02.nc'), PosixPath('/cpfs01/projects-HDD/cfff-4a8d9af84f66_HDD/public/ShiXiSheng/yzy/downscaling_precipitation/precip_dataset_new/train/preproc_ifs_radklim_2016-03.nc'), PosixPath('/cpfs01/projects-HDD/cfff-4a8d9af84f66_HDD/public/ShiXiSheng/yzy/downscaling_precipitation/precip_dataset_new/train/preproc_ifs_radklim_2016-04.nc'), PosixPath('/cpfs01/projects-HDD/cfff-4a8d9af84f66_HDD/public/ShiXiSheng/yzy/downscaling_precipitation/precip_dataset_new/train/preproc_ifs_radklim_2016-05.nc'), PosixPath('/cpfs01/projects-HDD/cfff-4a8d9af84f66_HDD/public/ShiXiSheng/yzy/downscaling_precipitation/precip_dataset_new/train/preproc_ifs_radklim_2016-06.nc'), PosixPath('/cpfs01/projects-HDD/cfff-4a8d9af84f66_HDD/public/ShiXiSheng/yzy/downscaling_precipitation/precip_dataset_new/train/preproc_ifs_radklim_2016-07.nc'), PosixPath('/cpfs01/projects-HDD/cfff-4a8d9af84f66_HDD/public/ShiXiSheng/yzy/downscaling_precipitation/precip_dataset_new/train/preproc_ifs_radklim_2018-02.nc'), PosixPath('/cpfs01/projects-HDD/cfff-4a8d9af84f66_HDD/public/ShiXiSheng/yzy/downscaling_precipitation/precip_dataset_new/train/preproc_ifs_radklim_2018-03.nc'), PosixPath('/cpfs01/projects-HDD/cfff-4a8d9af84f66_HDD/public/ShiXiSheng/yzy/downscaling_precipitation/precip_dataset_new/train/preproc_ifs_radklim_2018-04.nc'), PosixPath('/cpfs01/projects-HDD/cfff-4a8d9af84f66_HDD/public/ShiXiSheng/yzy/downscaling_precipitation/precip_dataset_new/train/preproc_ifs_radklim_2018-05.nc'), PosixPath('/cpfs01/projects-HDD/cfff-4a8d9af84f66_HDD/public/ShiXiSheng/yzy/downscaling_precipitation/precip_dataset_new/train/preproc_ifs_radklim_2018-06.nc'), PosixPath('/cpfs01/projects-HDD/cfff-4a8d9af84f66_HDD/public/ShiXiSheng/yzy/downscaling_precipitation/precip_dataset_new/train/preproc_ifs_radklim_2018-07.nc'), PosixPath('/cpfs01/projects-HDD/cfff-4a8d9af84f66_HDD/public/ShiXiSheng/yzy/downscaling_precipitation/precip_dataset_new/train/preproc_ifs_radklim_2018-08.nc'), PosixPath('/cpfs01/projects-HDD/cfff-4a8d9af84f66_HDD/public/ShiXiSheng/yzy/downscaling_precipitation/precip_dataset_new/train/preproc_ifs_radklim_2018-09.nc'), PosixPath('/cpfs01/projects-HDD/cfff-4a8d9af84f66_HDD/public/ShiXiSheng/yzy/downscaling_precipitation/precip_dataset_new/train/preproc_ifs_radklim_2018-10.nc'), PosixPath('/cpfs01/projects-HDD/cfff-4a8d9af84f66_HDD/public/ShiXiSheng/yzy/downscaling_precipitation/precip_dataset_new/train/preproc_ifs_radklim_2018-11.nc'), PosixPath('/cpfs01/projects-HDD/cfff-4a8d9af84f66_HDD/public/ShiXiSheng/yzy/downscaling_precipitation/precip_dataset_new/train/preproc_ifs_radklim_2018-12.nc'), PosixPath('/cpfs01/projects-HDD/cfff-4a8d9af84f66_HDD/public/ShiXiSheng/yzy/downscaling_precipitation/precip_dataset_new/train/preproc_ifs_radklim_2019-01.nc'), PosixPath('/cpfs01/projects-HDD/cfff-4a8d9af84f66_HDD/public/ShiXiSheng/yzy/downscaling_precipitation/precip_dataset_new/train/preproc_ifs_radklim_2019-02.nc'), PosixPath('/cpfs01/projects-HDD/cfff-4a8d9af84f66_HDD/public/ShiXiSheng/yzy/downscaling_precipitation/precip_dataset_new/train/preproc_ifs_radklim_2019-03.nc'), PosixPath('/cpfs01/projects-HDD/cfff-4a8d9af84f66_HDD/public/ShiXiSheng/yzy/downscaling_precipitation/precip_dataset_new/train/preproc_ifs_radklim_2019-05.nc'), PosixPath('/cpfs01/projects-HDD/cfff-4a8d9af84f66_HDD/public/ShiXiSheng/yzy/downscaling_precipitation/precip_dataset_new/train/preproc_ifs_radklim_2019-06.nc'), PosixPath('/cpfs01/projects-HDD/cfff-4a8d9af84f66_HDD/public/ShiXiSheng/yzy/downscaling_precipitation/precip_dataset_new/train/preproc_ifs_radklim_2019-07.nc'), PosixPath('/cpfs01/projects-HDD/cfff-4a8d9af84f66_HDD/public/ShiXiSheng/yzy/downscaling_precipitation/precip_dataset_new/train/preproc_ifs_radklim_2019-08.nc'), PosixPath('/cpfs01/projects-HDD/cfff-4a8d9af84f66_HDD/public/ShiXiSheng/yzy/downscaling_precipitation/precip_dataset_new/train/preproc_ifs_radklim_2019-09.nc'), PosixPath('/cpfs01/projects-HDD/cfff-4a8d9af84f66_HDD/public/ShiXiSheng/yzy/downscaling_precipitation/precip_dataset_new/train/preproc_ifs_radklim_2019-10.nc'), PosixPath('/cpfs01/projects-HDD/cfff-4a8d9af84f66_HDD/public/ShiXiSheng/yzy/downscaling_precipitation/precip_dataset_new/train/preproc_ifs_radklim_2019-11.nc'), PosixPath('/cpfs01/projects-HDD/cfff-4a8d9af84f66_HDD/public/ShiXiSheng/yzy/downscaling_precipitation/precip_dataset_new/train/preproc_ifs_radklim_2019-12.nc')]
Loading data from the file: [PosixPath('/cpfs01/projects-HDD/cfff-4a8d9af84f66_HDD/public/ShiXiSheng/yzy/downscaling_precipitation/precip_dataset_new/train/preproc_ifs_radklim_2016-01.nc'), PosixPath('/cpfs01/projects-HDD/cfff-4a8d9af84f66_HDD/public/ShiXiSheng/yzy/downscaling_precipitation/precip_dataset_new/train/preproc_ifs_radklim_2016-02.nc'), PosixPath('/cpfs01/projects-HDD/cfff-4a8d9af84f66_HDD/public/ShiXiSheng/yzy/downscaling_precipitation/precip_dataset_new/train/preproc_ifs_radklim_2016-03.nc'), PosixPath('/cpfs01/projects-HDD/cfff-4a8d9af84f66_HDD/public/ShiXiSheng/yzy/downscaling_precipitation/precip_dataset_new/train/preproc_ifs_radklim_2016-04.nc'), PosixPath('/cpfs01/projects-HDD/cfff-4a8d9af84f66_HDD/public/ShiXiSheng/yzy/downscaling_precipitation/precip_dataset_new/train/preproc_ifs_radklim_2016-05.nc'), PosixPath('/cpfs01/projects-HDD/cfff-4a8d9af84f66_HDD/public/ShiXiSheng/yzy/downscaling_precipitation/precip_dataset_new/train/preproc_ifs_radklim_2016-06.nc'), PosixPath('/cpfs01/projects-HDD/cfff-4a8d9af84f66_HDD/public/ShiXiSheng/yzy/downscaling_precipitation/precip_dataset_new/train/preproc_ifs_radklim_2016-07.nc'), PosixPath('/cpfs01/projects-HDD/cfff-4a8d9af84f66_HDD/public/ShiXiSheng/yzy/downscaling_precipitation/precip_dataset_new/train/preproc_ifs_radklim_2018-02.nc'), PosixPath('/cpfs01/projects-HDD/cfff-4a8d9af84f66_HDD/public/ShiXiSheng/yzy/downscaling_precipitation/precip_dataset_new/train/preproc_ifs_radklim_2018-03.nc'), PosixPath('/cpfs01/projects-HDD/cfff-4a8d9af84f66_HDD/public/ShiXiSheng/yzy/downscaling_precipitation/precip_dataset_new/train/preproc_ifs_radklim_2018-04.nc'), PosixPath('/cpfs01/projects-HDD/cfff-4a8d9af84f66_HDD/public/ShiXiSheng/yzy/downscaling_precipitation/precip_dataset_new/train/preproc_ifs_radklim_2018-05.nc'), PosixPath('/cpfs01/projects-HDD/cfff-4a8d9af84f66_HDD/public/ShiXiSheng/yzy/downscaling_precipitation/precip_dataset_new/train/preproc_ifs_radklim_2018-06.nc'), PosixPath('/cpfs01/projects-HDD/cfff-4a8d9af84f66_HDD/public/ShiXiSheng/yzy/downscaling_precipitation/precip_dataset_new/train/preproc_ifs_radklim_2018-07.nc'), PosixPath('/cpfs01/projects-HDD/cfff-4a8d9af84f66_HDD/public/ShiXiSheng/yzy/downscaling_precipitation/precip_dataset_new/train/preproc_ifs_radklim_2018-08.nc'), PosixPath('/cpfs01/projects-HDD/cfff-4a8d9af84f66_HDD/public/ShiXiSheng/yzy/downscaling_precipitation/precip_dataset_new/train/preproc_ifs_radklim_2018-09.nc'), PosixPath('/cpfs01/projects-HDD/cfff-4a8d9af84f66_HDD/public/ShiXiSheng/yzy/downscaling_precipitation/precip_dataset_new/train/preproc_ifs_radklim_2018-10.nc'), PosixPath('/cpfs01/projects-HDD/cfff-4a8d9af84f66_HDD/public/ShiXiSheng/yzy/downscaling_precipitation/precip_dataset_new/train/preproc_ifs_radklim_2018-11.nc'), PosixPath('/cpfs01/projects-HDD/cfff-4a8d9af84f66_HDD/public/ShiXiSheng/yzy/downscaling_precipitation/precip_dataset_new/train/preproc_ifs_radklim_2018-12.nc'), PosixPath('/cpfs01/projects-HDD/cfff-4a8d9af84f66_HDD/public/ShiXiSheng/yzy/downscaling_precipitation/precip_dataset_new/train/preproc_ifs_radklim_2019-01.nc'), PosixPath('/cpfs01/projects-HDD/cfff-4a8d9af84f66_HDD/public/ShiXiSheng/yzy/downscaling_precipitation/precip_dataset_new/train/preproc_ifs_radklim_2019-02.nc'), PosixPath('/cpfs01/projects-HDD/cfff-4a8d9af84f66_HDD/public/ShiXiSheng/yzy/downscaling_precipitation/precip_dataset_new/train/preproc_ifs_radklim_2019-03.nc'), PosixPath('/cpfs01/projects-HDD/cfff-4a8d9af84f66_HDD/public/ShiXiSheng/yzy/downscaling_precipitation/precip_dataset_new/train/preproc_ifs_radklim_2019-05.nc'), PosixPath('/cpfs01/projects-HDD/cfff-4a8d9af84f66_HDD/public/ShiXiSheng/yzy/downscaling_precipitation/precip_dataset_new/train/preproc_ifs_radklim_2019-06.nc'), PosixPath('/cpfs01/projects-HDD/cfff-4a8d9af84f66_HDD/public/ShiXiSheng/yzy/downscaling_precipitation/precip_dataset_new/train/preproc_ifs_radklim_2019-07.nc'), PosixPath('/cpfs01/projects-HDD/cfff-4a8d9af84f66_HDD/public/ShiXiSheng/yzy/downscaling_precipitation/precip_dataset_new/train/preproc_ifs_radklim_2019-08.nc'), PosixPath('/cpfs01/projects-HDD/cfff-4a8d9af84f66_HDD/public/ShiXiSheng/yzy/downscaling_precipitation/precip_dataset_new/train/preproc_ifs_radklim_2019-09.nc'), PosixPath('/cpfs01/projects-HDD/cfff-4a8d9af84f66_HDD/public/ShiXiSheng/yzy/downscaling_precipitation/precip_dataset_new/train/preproc_ifs_radklim_2019-10.nc'), PosixPath('/cpfs01/projects-HDD/cfff-4a8d9af84f66_HDD/public/ShiXiSheng/yzy/downscaling_precipitation/precip_dataset_new/train/preproc_ifs_radklim_2019-11.nc'), PosixPath('/cpfs01/projects-HDD/cfff-4a8d9af84f66_HDD/public/ShiXiSheng/yzy/downscaling_precipitation/precip_dataset_new/train/preproc_ifs_radklim_2019-12.nc')]
There is done
num_patches_images are 7 5
pre indexes are [4, 5, 9]
no nan idx 25397
There are No. 25397 patches out of 739865 without Nan Values 
Minimum value of tp in vars_in_patches(having log): 0.0
Maximum value of tp in vars_in_patches(having log): 8.18589973449707
Distribution of tp in different rainfall intervals:
-0.1 to 0.1: 25.75%
0.1 to 2: 71.33%
2 to 4: 2.50%
4 to 8: 0.37%
8 to 20: 0.04%
20 to 30: 0.00%
30 to inf: 0.00%
Distribution of tp in vars_out_orig_patches in different rainfall intervals:
-0.1 to 0.1: 60.60%
0.1 to 2: 34.94%
2 to 4: 3.47%
4 to 8: 0.89%
8 to 20: 0.11%
20 to 30: 0.00%
30 to inf: 0.00%
self.times_patches_list: tensor([[2016,    1,    2,    6],
        [2016,    1,    2,    7],
        [2016,    1,    2,    8],
        ...,
        [2019,   12,   30,    4],
        [2019,   12,   30,    4],
        [2019,   12,   30,    4]], device='cpu', dtype=torch.int32)
save stats
i tensor(-4.5178e-13, device='cpu')
save stats
i tensor(-2.1600e-16, device='cpu')
save stats
i tensor(82071.3359, device='cpu')
save stats
i tensor(1.6654, device='cpu')
save stats
i tensor(0., device='cpu')
save stats
i tensor(0., device='cpu')
save stats
i tensor(-1.8591e-09, device='cpu')
save stats
i tensor(-23.0063, device='cpu')
save stats
i tensor(-35.2889, device='cpu')
save stats
i tensor(0., device='cpu')
The statistic has been stored to the json file:  /cpfs01/projects-HDD/cfff-4a8d9af84f66_HDD/public/ShiXiSheng/yzy/downscaling_precipitation/precip_dataset_new/train/statistics.json
The total number of samples after filtering NaN and zeros values: 25397
Shuffling the index ....
idx_perm [11676 15961  6877 ...  7812 18002 16014]
K 值是多少让我看看： 0.008
self.prcp_indexes: [4, 5, 9]
Going to open the following files: /cpfs01/projects-HDD/cfff-4a8d9af84f66_HDD/public/ShiXiSheng/yzy/downscaling_precipitation/precip_dataset_new/val
Going to open the following files: [PosixPath('/cpfs01/projects-HDD/cfff-4a8d9af84f66_HDD/public/ShiXiSheng/yzy/downscaling_precipitation/precip_dataset_new/val/2017-01/preproc_ifs_radklim_2017-01.nc')]
Going to open the following files: [PosixPath('/cpfs01/projects-HDD/cfff-4a8d9af84f66_HDD/public/ShiXiSheng/yzy/downscaling_precipitation/precip_dataset_new/val/2017-01/preproc_ifs_radklim_2017-01.nc')]
Loading data from the file: [PosixPath('/cpfs01/projects-HDD/cfff-4a8d9af84f66_HDD/public/ShiXiSheng/yzy/downscaling_precipitation/precip_dataset_new/val/2017-01/preproc_ifs_radklim_2017-01.nc')]
There is done
num_patches_images are 7 5
pre indexes are [4, 5, 9]
no nan idx 1421
There are No. 1421 patches out of 26005 without Nan Values 
Minimum value of tp in vars_in_patches(having log): 0.0
Maximum value of tp in vars_in_patches(having log): 6.580108642578125
Distribution of tp in different rainfall intervals:
-0.1 to 0.1: 27.75%
0.1 to 2: 71.33%
2 to 4: 0.89%
4 to 8: 0.03%
8 to 20: 0.00%
20 to 30: 0.00%
30 to inf: 0.00%
Distribution of tp in vars_out_orig_patches in different rainfall intervals:
-0.1 to 0.1: 62.89%
0.1 to 2: 35.08%
2 to 4: 1.83%
4 to 8: 0.19%
8 to 20: 0.00%
20 to 30: 0.00%
30 to inf: 0.00%
self.times_patches_list: tensor([[2017,    1,    1,   17],
        [2017,    1,    1,   17],
        [2017,    1,    1,   18],
        ...,
        [2017,    2,    1,    0],
        [2017,    2,    1,    1],
        [2017,    2,    1,    2]], device='cpu', dtype=torch.int32)
Loading the stats file: /cpfs01/projects-HDD/cfff-4a8d9af84f66_HDD/public/ShiXiSheng/yzy/downscaling_precipitation/precip_dataset_new/train/statistics.json
The total number of samples after filtering NaN and zeros values: 1421
The model wgan is selected for training
i 0
i 1
i 2
i 3
i 4
i 5
i 6
i 0
i 0
i 0
Total trainalbe parameters of the generator: 3706049
Total trainalbe parameters of the critic: 1584641
 size of dataset 25397 batch size 24
 iterations 1058.2083333333333
++++++++++++++++++++++++++++++++
[Epoch 1/100] [Avg D loss: 6.695265] [Avg G loss: 1519.858711] [Avg Rec loss: 8.398569]
[Epoch 1/100] [D Val loss: 1.753943] [G loss: 871.769363] [Rec loss: 4.816307] [LR C: 0.000001] [LR G: 0.000010]
++++++++++++++++++++++++++++++++
++++++++++++++++++++++++++++++++
[Epoch 2/100] [Avg D loss: 0.539538] [Avg G loss: 1106.802051] [Avg Rec loss: 6.116658]
[Epoch 2/100] [D Val loss: 2.245592] [G loss: 714.493277] [Rec loss: 3.946070] [LR C: 0.000001] [LR G: 0.000010]
++++++++++++++++++++++++++++++++
++++++++++++++++++++++++++++++++
[Epoch 3/100] [Avg D loss: -0.169842] [Avg G loss: 871.111396] [Avg Rec loss: 4.814149]
[Epoch 3/100] [D Val loss: 1.067503] [G loss: 662.199841] [Rec loss: 3.659584] [LR C: 0.000001] [LR G: 0.000010]
++++++++++++++++++++++++++++++++
++++++++++++++++++++++++++++++++
[Epoch 4/100] [Avg D loss: -0.768704] [Avg G loss: 804.539713] [Avg Rec loss: 4.446010]
[Epoch 4/100] [D Val loss: 1.981895] [G loss: 639.007990] [Rec loss: 3.536581] [LR C: 0.000001] [LR G: 0.000010]
++++++++++++++++++++++++++++++++
++++++++++++++++++++++++++++++++
[Epoch 5/100] [Avg D loss: -1.457624] [Avg G loss: 737.294931] [Avg Rec loss: 4.074598]
[Epoch 5/100] [D Val loss: 2.826638] [G loss: 586.778498] [Rec loss: 3.252311] [LR C: 0.000001] [LR G: 0.000010]
++++++++++++++++++++++++++++++++
++++++++++++++++++++++++++++++++
[Epoch 6/100] [Avg D loss: -2.292098] [Avg G loss: 702.347666] [Avg Rec loss: 3.881708]
[Epoch 6/100] [D Val loss: 5.261481] [G loss: 653.923263] [Rec loss: 3.635962] [LR C: 0.000001] [LR G: 0.000010]
++++++++++++++++++++++++++++++++
++++++++++++++++++++++++++++++++
[Epoch 7/100] [Avg D loss: -3.164755] [Avg G loss: 700.704463] [Avg Rec loss: 3.872604]
[Epoch 7/100] [D Val loss: 5.544483] [G loss: 593.074235] [Rec loss: 3.299173] [LR C: 0.000001] [LR G: 0.000010]
++++++++++++++++++++++++++++++++
++++++++++++++++++++++++++++++++
[Epoch 8/100] [Avg D loss: -4.019658] [Avg G loss: 645.160126] [Avg Rec loss: 3.565184]
[Epoch 8/100] [D Val loss: 20.082316] [G loss: 841.032528] [Rec loss: 4.750903] [LR C: 0.000001] [LR G: 0.000010]
++++++++++++++++++++++++++++++++
++++++++++++++++++++++++++++++++
[Epoch 9/100] [Avg D loss: -4.961574] [Avg G loss: 661.914680] [Avg Rec loss: 3.657486]
[Epoch 9/100] [D Val loss: 7.837993] [G loss: 568.020926] [Rec loss: 3.172356] [LR C: 0.000001] [LR G: 0.000010]
++++++++++++++++++++++++++++++++
++++++++++++++++++++++++++++++++
[Epoch 10/100] [Avg D loss: -5.994389] [Avg G loss: 640.154527] [Avg Rec loss: 3.536311]
[Epoch 10/100] [D Val loss: 6.913891] [G loss: 528.533019] [Rec loss: 2.949183] [LR C: 0.000001] [LR G: 0.000010]
++++++++++++++++++++++++++++++++
++++++++++++++++++++++++++++++++
[Epoch 11/100] [Avg D loss: -7.146406] [Avg G loss: 632.325270] [Avg Rec loss: 3.491539]
[Epoch 11/100] [D Val loss: 20.127077] [G loss: 688.289747] [Rec loss: 3.904830] [LR C: 0.000001] [LR G: 0.000010]
++++++++++++++++++++++++++++++++
++++++++++++++++++++++++++++++++
[Epoch 12/100] [Avg D loss: -8.357827] [Avg G loss: 642.976764] [Avg Rec loss: 3.549148]
[Epoch 12/100] [D Val loss: 13.967226] [G loss: 573.034670] [Rec loss: 3.235502] [LR C: 0.000001] [LR G: 0.000010]
++++++++++++++++++++++++++++++++
++++++++++++++++++++++++++++++++
[Epoch 13/100] [Avg D loss: -9.590438] [Avg G loss: 604.395075] [Avg Rec loss: 3.334351]
[Epoch 13/100] [D Val loss: 19.453926] [G loss: 612.527047] [Rec loss: 3.482709] [LR C: 0.000001] [LR G: 0.000010]
++++++++++++++++++++++++++++++++
++++++++++++++++++++++++++++++++
[Epoch 14/100] [Avg D loss: -10.853506] [Avg G loss: 622.155673] [Avg Rec loss: 3.431545]
[Epoch 14/100] [D Val loss: 11.984228] [G loss: 507.793354] [Rec loss: 2.867263] [LR C: 0.000001] [LR G: 0.000010]
++++++++++++++++++++++++++++++++
++++++++++++++++++++++++++++++++
[Epoch 15/100] [Avg D loss: -12.212742] [Avg G loss: 610.563671] [Avg Rec loss: 3.365648]
[Epoch 15/100] [D Val loss: 24.849092] [G loss: 592.330913] [Rec loss: 3.400810] [LR C: 0.000001] [LR G: 0.000010]
++++++++++++++++++++++++++++++++
++++++++++++++++++++++++++++++++
[Epoch 16/100] [Avg D loss: -13.659141] [Avg G loss: 603.570781] [Avg Rec loss: 3.324234]
[Epoch 16/100] [D Val loss: 29.655832] [G loss: 586.442228] [Rec loss: 3.396871] [LR C: 0.000001] [LR G: 0.000010]
++++++++++++++++++++++++++++++++
++++++++++++++++++++++++++++++++
[Epoch 17/100] [Avg D loss: -15.112506] [Avg G loss: 616.710782] [Avg Rec loss: 3.394569]
[Epoch 17/100] [D Val loss: 34.979490] [G loss: 633.873847] [Rec loss: 3.681669] [LR C: 0.000001] [LR G: 0.000010]
++++++++++++++++++++++++++++++++
++++++++++++++++++++++++++++++++
[Epoch 18/100] [Avg D loss: -16.614771] [Avg G loss: 579.841613] [Avg Rec loss: 3.187267]
[Epoch 18/100] [D Val loss: 51.070894] [G loss: 664.213542] [Rec loss: 3.939962] [LR C: 0.000001] [LR G: 0.000010]
++++++++++++++++++++++++++++++++
++++++++++++++++++++++++++++++++
[Epoch 19/100] [Avg D loss: -18.202716] [Avg G loss: 598.896315] [Avg Rec loss: 3.290702]
[Epoch 19/100] [D Val loss: 33.532981] [G loss: 565.790884] [Rec loss: 3.297872] [LR C: 0.000001] [LR G: 0.000010]
++++++++++++++++++++++++++++++++
++++++++++++++++++++++++++++++++
[Epoch 20/100] [Avg D loss: -19.847122] [Avg G loss: 589.084015] [Avg Rec loss: 3.233684]
[Epoch 20/100] [D Val loss: 50.769617] [G loss: 608.063890] [Rec loss: 3.624071] [LR C: 0.000001] [LR G: 0.000010]
++++++++++++++++++++++++++++++++
++++++++++++++++++++++++++++++++
[Epoch 21/100] [Avg D loss: -21.487302] [Avg G loss: 586.600774] [Avg Rec loss: 3.215884]
[Epoch 21/100] [D Val loss: 43.583432] [G loss: 535.841230] [Rec loss: 3.187126] [LR C: 0.000001] [LR G: 0.000010]
++++++++++++++++++++++++++++++++
++++++++++++++++++++++++++++++++
[Epoch 22/100] [Avg D loss: -23.172756] [Avg G loss: 597.777305] [Avg Rec loss: 3.275543]
[Epoch 22/100] [D Val loss: 73.413149] [G loss: 623.583586] [Rec loss: 3.834554] [LR C: 0.000001] [LR G: 0.000010]
++++++++++++++++++++++++++++++++
++++++++++++++++++++++++++++++++
[Epoch 23/100] [Avg D loss: -24.775570] [Avg G loss: 566.845674] [Avg Rec loss: 3.100600]
[Epoch 23/100] [D Val loss: 59.748948] [G loss: 582.594819] [Rec loss: 3.526280] [LR C: 0.000001] [LR G: 0.000010]
++++++++++++++++++++++++++++++++
++++++++++++++++++++++++++++++++
[Epoch 24/100] [Avg D loss: -26.543979] [Avg G loss: 586.393805] [Avg Rec loss: 3.206512]
[Epoch 24/100] [D Val loss: 41.322915] [G loss: 503.437221] [Rec loss: 2.990450] [LR C: 0.000001] [LR G: 0.000010]
++++++++++++++++++++++++++++++++
++++++++++++++++++++++++++++++++
[Epoch 25/100] [Avg D loss: -28.329410] [Avg G loss: 577.307008] [Avg Rec loss: 3.153034]
[Epoch 25/100] [D Val loss: 65.738811] [G loss: 537.819685] [Rec loss: 3.310820] [LR C: 0.000001] [LR G: 0.000010]
++++++++++++++++++++++++++++++++
++++++++++++++++++++++++++++++++
[Epoch 26/100] [Avg D loss: -29.299782] [Avg G loss: 571.310411] [Avg Rec loss: 3.117367]
[Epoch 26/100] [D Val loss: 58.373676] [G loss: 520.583656] [Rec loss: 3.173004] [LR C: 0.000000] [LR G: 0.000001]
++++++++++++++++++++++++++++++++
++++++++++++++++++++++++++++++++
[Epoch 27/100] [Avg D loss: -29.449292] [Avg G loss: 582.748895] [Avg Rec loss: 3.181031]
[Epoch 27/100] [D Val loss: 51.891150] [G loss: 510.231019] [Rec loss: 3.078299] [LR C: 0.000000] [LR G: 0.000001]
++++++++++++++++++++++++++++++++
++++++++++++++++++++++++++++++++
[Epoch 28/100] [Avg D loss: -29.576446] [Avg G loss: 554.582775] [Avg Rec loss: 3.023805]
[Epoch 28/100] [D Val loss: 65.767858] [G loss: 526.339014] [Rec loss: 3.247337] [LR C: 0.000000] [LR G: 0.000001]
++++++++++++++++++++++++++++++++
++++++++++++++++++++++++++++++++
[Epoch 29/100] [Avg D loss: -29.727964] [Avg G loss: 571.785651] [Avg Rec loss: 3.120361]
[Epoch 29/100] [D Val loss: 54.099077] [G loss: 511.174425] [Rec loss: 3.095219] [LR C: 0.000000] [LR G: 0.000001]
++++++++++++++++++++++++++++++++
++++++++++++++++++++++++++++++++
[Epoch 30/100] [Avg D loss: -29.959462] [Avg G loss: 559.784666] [Avg Rec loss: 3.053262]
[Epoch 30/100] [D Val loss: 59.456508] [G loss: 517.665694] [Rec loss: 3.160167] [LR C: 0.000000] [LR G: 0.000001]
++++++++++++++++++++++++++++++++
++++++++++++++++++++++++++++++++
[Epoch 31/100] [Avg D loss: -30.057583] [Avg G loss: 567.567476] [Avg Rec loss: 3.095212]
[Epoch 31/100] [D Val loss: 61.917527] [G loss: 518.188574] [Rec loss: 3.177918] [LR C: 0.000000] [LR G: 0.000001]
++++++++++++++++++++++++++++++++
++++++++++++++++++++++++++++++++
[Epoch 32/100] [Avg D loss: -30.267614] [Avg G loss: 579.153657] [Avg Rec loss: 3.159982]
[Epoch 32/100] [D Val loss: 56.303018] [G loss: 511.265707] [Rec loss: 3.105951] [LR C: 0.000000] [LR G: 0.000001]
++++++++++++++++++++++++++++++++
++++++++++++++++++++++++++++++++
[Epoch 33/100] [Avg D loss: -30.409050] [Avg G loss: 551.983660] [Avg Rec loss: 3.007896]
[Epoch 33/100] [D Val loss: 75.991977] [G loss: 526.333754] [Rec loss: 3.304958] [LR C: 0.000000] [LR G: 0.000001]
++++++++++++++++++++++++++++++++
++++++++++++++++++++++++++++++++
[Epoch 34/100] [Avg D loss: -30.638231] [Avg G loss: 569.654378] [Avg Rec loss: 3.106949]
[Epoch 34/100] [D Val loss: 53.659032] [G loss: 503.680028] [Rec loss: 3.050093] [LR C: 0.000000] [LR G: 0.000001]
++++++++++++++++++++++++++++++++
++++++++++++++++++++++++++++++++
[Epoch 35/100] [Avg D loss: -30.839001] [Avg G loss: 558.712703] [Avg Rec loss: 3.046066]
[Epoch 35/100] [D Val loss: 61.140541] [G loss: 507.039596] [Rec loss: 3.110980] [LR C: 0.000000] [LR G: 0.000001]
++++++++++++++++++++++++++++++++
++++++++++++++++++++++++++++++++
[Epoch 36/100] [Avg D loss: -30.930256] [Avg G loss: 565.660518] [Avg Rec loss: 3.083060]
[Epoch 36/100] [D Val loss: 60.310427] [G loss: 509.566017] [Rec loss: 3.118387] [LR C: 0.000000] [LR G: 0.000001]
++++++++++++++++++++++++++++++++
++++++++++++++++++++++++++++++++
[Epoch 37/100] [Avg D loss: -31.104562] [Avg G loss: 577.587208] [Avg Rec loss: 3.149948]
[Epoch 37/100] [D Val loss: 58.003592] [G loss: 503.613001] [Rec loss: 3.073565] [LR C: 0.000000] [LR G: 0.000000]
++++++++++++++++++++++++++++++++
++++++++++++++++++++++++++++++++
[Epoch 38/100] [Avg D loss: -31.082494] [Avg G loss: 550.071092] [Avg Rec loss: 2.995959]
[Epoch 38/100] [D Val loss: 74.370594] [G loss: 509.017850] [Rec loss: 3.202770] [LR C: 0.000000] [LR G: 0.000000]
++++++++++++++++++++++++++++++++
++++++++++++++++++++++++++++++++
[Epoch 39/100] [Avg D loss: -31.040091] [Avg G loss: 567.286842] [Avg Rec loss: 3.092957]
[Epoch 39/100] [D Val loss: 59.916416] [G loss: 508.501556] [Rec loss: 3.112347] [LR C: 0.000000] [LR G: 0.000000]
++++++++++++++++++++++++++++++++
++++++++++++++++++++++++++++++++
[Epoch 40/100] [Avg D loss: -31.131249] [Avg G loss: 556.736654] [Avg Rec loss: 3.034865]
[Epoch 40/100] [D Val loss: 63.991498] [G loss: 506.972011] [Rec loss: 3.128700] [LR C: 0.000000] [LR G: 0.000000]
++++++++++++++++++++++++++++++++
++++++++++++++++++++++++++++++++
[Epoch 41/100] [Avg D loss: -31.119258] [Avg G loss: 562.870918] [Avg Rec loss: 3.067512]
[Epoch 41/100] [D Val loss: 65.340249] [G loss: 509.839019] [Rec loss: 3.151070] [LR C: 0.000000] [LR G: 0.000000]
++++++++++++++++++++++++++++++++
++++++++++++++++++++++++++++++++
[Epoch 42/100] [Avg D loss: -31.097209] [Avg G loss: 576.799190] [Avg Rec loss: 3.145434]
[Epoch 42/100] [D Val loss: 58.336508] [G loss: 509.473218] [Rec loss: 3.105461] [LR C: 0.000000] [LR G: 0.000000]
++++++++++++++++++++++++++++++++
++++++++++++++++++++++++++++++++
[Epoch 43/100] [Avg D loss: -31.139987] [Avg G loss: 549.584819] [Avg Rec loss: 2.993209]
[Epoch 43/100] [D Val loss: 69.663529] [G loss: 519.935136] [Rec loss: 3.229801] [LR C: 0.000000] [LR G: 0.000000]
++++++++++++++++++++++++++++++++
++++++++++++++++++++++++++++++++
[Epoch 44/100] [Avg D loss: -31.131989] [Avg G loss: 567.021064] [Avg Rec loss: 3.091675]
[Epoch 44/100] [D Val loss: 65.282237] [G loss: 505.238753] [Rec loss: 3.127069] [LR C: 0.000000] [LR G: 0.000000]
++++++++++++++++++++++++++++++++
++++++++++++++++++++++++++++++++
[Epoch 45/100] [Avg D loss: -31.172718] [Avg G loss: 556.649245] [Avg Rec loss: 3.034210]
[Epoch 45/100] [D Val loss: 61.761449] [G loss: 512.118680] [Rec loss: 3.140707] [LR C: 0.000000] [LR G: 0.000000]
++++++++++++++++++++++++++++++++
++++++++++++++++++++++++++++++++
[Epoch 46/100] [Avg D loss: -31.181880] [Avg G loss: 562.780896] [Avg Rec loss: 3.066950]
[Epoch 46/100] [D Val loss: 63.138225] [G loss: 513.332185] [Rec loss: 3.155285] [LR C: 0.000000] [LR G: 0.000000]
++++++++++++++++++++++++++++++++
++++++++++++++++++++++++++++++++
[Epoch 47/100] [Avg D loss: -31.207556] [Avg G loss: 576.401015] [Avg Rec loss: 3.143231]
[Epoch 47/100] [D Val loss: 65.877119] [G loss: 501.779734] [Rec loss: 3.111798] [LR C: 0.000000] [LR G: 0.000000]
++++++++++++++++++++++++++++++++
++++++++++++++++++++++++++++++++
[Epoch 48/100] [Avg D loss: -31.247171] [Avg G loss: 549.306271] [Avg Rec loss: 2.991645]
[Epoch 48/100] [D Val loss: 72.598650] [G loss: 514.342576] [Rec loss: 3.219523] [LR C: 0.000000] [LR G: 0.000000]
++++++++++++++++++++++++++++++++
++++++++++++++++++++++++++++++++
[Epoch 49/100] [Avg D loss: -31.244900] [Avg G loss: 566.755645] [Avg Rec loss: 3.089950]
[Epoch 49/100] [D Val loss: 60.861698] [G loss: 510.085547] [Rec loss: 3.126008] [LR C: 0.000000] [LR G: 0.000000]
++++++++++++++++++++++++++++++++
++++++++++++++++++++++++++++++++
[Epoch 50/100] [Avg D loss: -31.294281] [Avg G loss: 556.505579] [Avg Rec loss: 3.033162]
[Epoch 50/100] [D Val loss: 64.375213] [G loss: 510.990355] [Rec loss: 3.150273] [LR C: 0.000000] [LR G: 0.000000]
++++++++++++++++++++++++++++++++
++++++++++++++++++++++++++++++++
[Epoch 51/100] [Avg D loss: -31.283303] [Avg G loss: 562.661273] [Avg Rec loss: 3.065891]
[Epoch 51/100] [D Val loss: 70.665176] [G loss: 504.276947] [Rec loss: 3.155044] [LR C: 0.000000] [LR G: 0.000000]
++++++++++++++++++++++++++++++++
++++++++++++++++++++++++++++++++
[Epoch 52/100] [Avg D loss: -31.292348] [Avg G loss: 575.934384] [Avg Rec loss: 3.140442]
[Epoch 52/100] [D Val loss: 60.382608] [G loss: 508.579634] [Rec loss: 3.112596] [LR C: 0.000000] [LR G: 0.000000]
++++++++++++++++++++++++++++++++
++++++++++++++++++++++++++++++++
[Epoch 53/100] [Avg D loss: -31.311398] [Avg G loss: 549.327588] [Avg Rec loss: 2.991488]
[Epoch 53/100] [D Val loss: 78.486343] [G loss: 507.885060] [Rec loss: 3.220637] [LR C: 0.000000] [LR G: 0.000000]
++++++++++++++++++++++++++++++++
++++++++++++++++++++++++++++++++
[Epoch 54/100] [Avg D loss: -31.314937] [Avg G loss: 566.740712] [Avg Rec loss: 3.089768]
[Epoch 54/100] [D Val loss: 69.682385] [G loss: 499.949108] [Rec loss: 3.127280] [LR C: 0.000000] [LR G: 0.000000]
++++++++++++++++++++++++++++++++
++++++++++++++++++++++++++++++++
[Epoch 55/100] [Avg D loss: -31.373286] [Avg G loss: 556.491357] [Avg Rec loss: 3.033022]
[Epoch 55/100] [D Val loss: 64.730919] [G loss: 511.307937] [Rec loss: 3.151738] [LR C: 0.000000] [LR G: 0.000000]
++++++++++++++++++++++++++++++++
++++++++++++++++++++++++++++++++
[Epoch 56/100] [Avg D loss: -31.389505] [Avg G loss: 562.642546] [Avg Rec loss: 3.065777]
[Epoch 56/100] [D Val loss: 65.686057] [G loss: 510.715284] [Rec loss: 3.155704] [LR C: 0.000000] [LR G: 0.000000]
++++++++++++++++++++++++++++++++
++++++++++++++++++++++++++++++++
[Epoch 57/100] [Avg D loss: -31.357641] [Avg G loss: 575.972597] [Avg Rec loss: 3.140333]
[Epoch 57/100] [D Val loss: 68.520222] [G loss: 499.104024] [Rec loss: 3.113322] [LR C: 0.000000] [LR G: 0.000000]
++++++++++++++++++++++++++++++++
++++++++++++++++++++++++++++++++
[Epoch 58/100] [Avg D loss: -31.423750] [Avg G loss: 549.374430] [Avg Rec loss: 2.991337]
[Epoch 58/100] [D Val loss: 72.018064] [G loss: 516.173682] [Rec loss: 3.221836] [LR C: 0.000000] [LR G: 0.000000]
++++++++++++++++++++++++++++++++
++++++++++++++++++++++++++++++++
[Epoch 59/100] [Avg D loss: -31.419875] [Avg G loss: 566.764285] [Avg Rec loss: 3.089610]
[Epoch 59/100] [D Val loss: 67.668907] [G loss: 502.492267] [Rec loss: 3.128191] [LR C: 0.000000] [LR G: 0.000000]
++++++++++++++++++++++++++++++++
++++++++++++++++++++++++++++++++
[Epoch 60/100] [Avg D loss: -31.438236] [Avg G loss: 556.554379] [Avg Rec loss: 3.032913]
[Epoch 60/100] [D Val loss: 66.760038] [G loss: 508.657963] [Rec loss: 3.152836] [LR C: 0.000000] [LR G: 0.000000]
++++++++++++++++++++++++++++++++
++++++++++++++++++++++++++++++++
[Epoch 61/100] [Avg D loss: -31.453663] [Avg G loss: 562.688403] [Avg Rec loss: 3.065682]
[Epoch 61/100] [D Val loss: 63.856070] [G loss: 512.857850] [Rec loss: 3.156379] [LR C: 0.000000] [LR G: 0.000000]
++++++++++++++++++++++++++++++++
++++++++++++++++++++++++++++++++
[Epoch 62/100] [Avg D loss: -31.462413] [Avg G loss: 575.965127] [Avg Rec loss: 3.140223]
[Epoch 62/100] [D Val loss: 65.055138] [G loss: 503.369380] [Rec loss: 3.114123] [LR C: 0.000000] [LR G: 0.000000]
++++++++++++++++++++++++++++++++
++++++++++++++++++++++++++++++++
[Epoch 63/100] [Avg D loss: -31.490027] [Avg G loss: 549.319420] [Avg Rec loss: 2.991184]
[Epoch 63/100] [D Val loss: 78.854623] [G loss: 508.166166] [Rec loss: 3.222702] [LR C: 0.000000] [LR G: 0.000000]
++++++++++++++++++++++++++++++++
++++++++++++++++++++++++++++++++
[Epoch 64/100] [Avg D loss: -31.511817] [Avg G loss: 566.781445] [Avg Rec loss: 3.089471]
[Epoch 64/100] [D Val loss: 66.867661] [G loss: 503.635046] [Rec loss: 3.129019] [LR C: 0.000000] [LR G: 0.000000]
++++++++++++++++++++++++++++++++
++++++++++++++++++++++++++++++++
[Epoch 65/100] [Avg D loss: -31.531447] [Avg G loss: 556.547941] [Avg Rec loss: 3.032818]
[Epoch 65/100] [D Val loss: 68.841179] [G loss: 506.326895] [Rec loss: 3.153791] [LR C: 0.000000] [LR G: 0.000000]
++++++++++++++++++++++++++++++++
++++++++++++++++++++++++++++++++
[Epoch 66/100] [Avg D loss: -31.543036] [Avg G loss: 562.656475] [Avg Rec loss: 3.065600]
[Epoch 66/100] [D Val loss: 63.465880] [G loss: 513.571183] [Rec loss: 3.157214] [LR C: 0.000000] [LR G: 0.000000]
++++++++++++++++++++++++++++++++
++++++++++++++++++++++++++++++++
[Epoch 67/100] [Avg D loss: -31.573458] [Avg G loss: 575.929509] [Avg Rec loss: 3.140103]
[Epoch 67/100] [D Val loss: 65.688243] [G loss: 502.997430] [Rec loss: 3.115541] [LR C: 0.000000] [LR G: 0.000000]
++++++++++++++++++++++++++++++++
++++++++++++++++++++++++++++++++
[Epoch 68/100] [Avg D loss: -31.557764] [Avg G loss: 549.346904] [Avg Rec loss: 2.991027]
[Epoch 68/100] [D Val loss: 74.560370] [G loss: 513.204824] [Rec loss: 3.223387] [LR C: 0.000000] [LR G: 0.000000]
++++++++++++++++++++++++++++++++
++++++++++++++++++++++++++++++++
[Epoch 69/100] [Avg D loss: -31.602653] [Avg G loss: 566.821664] [Avg Rec loss: 3.089343]
[Epoch 69/100] [D Val loss: 63.500271] [G loss: 508.156639] [Rec loss: 3.129597] [LR C: 0.000000] [LR G: 0.000000]
++++++++++++++++++++++++++++++++
++++++++++++++++++++++++++++++++
[Epoch 70/100] [Avg D loss: -31.635229] [Avg G loss: 556.519322] [Avg Rec loss: 3.032735]
[Epoch 70/100] [D Val loss: 69.678780] [G loss: 505.650696] [Rec loss: 3.154634] [LR C: 0.000000] [LR G: 0.000000]
++++++++++++++++++++++++++++++++
++++++++++++++++++++++++++++++++
[Epoch 71/100] [Avg D loss: -31.638353] [Avg G loss: 562.709606] [Avg Rec loss: 3.065519]
[Epoch 71/100] [D Val loss: 68.801425] [G loss: 507.231775] [Rec loss: 3.157499] [LR C: 0.000000] [LR G: 0.000000]
++++++++++++++++++++++++++++++++
++++++++++++++++++++++++++++++++
[Epoch 72/100] [Avg D loss: -31.659210] [Avg G loss: 575.974570] [Avg Rec loss: 3.139971]
[Epoch 72/100] [D Val loss: 61.532784] [G loss: 508.002380] [Rec loss: 3.115688] [LR C: 0.000000] [LR G: 0.000000]
++++++++++++++++++++++++++++++++
++++++++++++++++++++++++++++++++
[Epoch 73/100] [Avg D loss: -31.712894] [Avg G loss: 549.343704] [Avg Rec loss: 2.990870]
[Epoch 73/100] [D Val loss: 72.182197] [G loss: 516.010907] [Rec loss: 3.223796] [LR C: 0.000000] [LR G: 0.000000]
++++++++++++++++++++++++++++++++
++++++++++++++++++++++++++++++++
[Epoch 74/100] [Avg D loss: -31.663684] [Avg G loss: 566.822065] [Avg Rec loss: 3.089215]
[Epoch 74/100] [D Val loss: 59.688239] [G loss: 512.607778] [Rec loss: 3.129839] [LR C: 0.000000] [LR G: 0.000000]
++++++++++++++++++++++++++++++++
++++++++++++++++++++++++++++++++
[Epoch 75/100] [Avg D loss: -31.754621] [Avg G loss: 556.582190] [Avg Rec loss: 3.032657]
[Epoch 75/100] [D Val loss: 68.388886] [G loss: 507.593907] [Rec loss: 3.155364] [LR C: 0.000000] [LR G: 0.000000]
++++++++++++++++++++++++++++++++
++++++++++++++++++++++++++++++++
[Epoch 76/100] [Avg D loss: -31.723556] [Avg G loss: 562.727299] [Avg Rec loss: 3.065440]
[Epoch 76/100] [D Val loss: 64.651208] [G loss: 512.570223] [Rec loss: 3.158126] [LR C: 0.000000] [LR G: 0.000000]
++++++++++++++++++++++++++++++++
++++++++++++++++++++++++++++++++
[Epoch 77/100] [Avg D loss: -31.712678] [Avg G loss: 575.960840] [Avg Rec loss: 3.139842]
[Epoch 77/100] [D Val loss: 62.839305] [G loss: 506.367993] [Rec loss: 3.116100] [LR C: 0.000000] [LR G: 0.000000]
++++++++++++++++++++++++++++++++
++++++++++++++++++++++++++++++++
[Epoch 78/100] [Avg D loss: -31.758869] [Avg G loss: 549.348453] [Avg Rec loss: 2.990718]
[Epoch 78/100] [D Val loss: 72.290130] [G loss: 516.230297] [Rec loss: 3.224906] [LR C: 0.000000] [LR G: 0.000000]
++++++++++++++++++++++++++++++++
++++++++++++++++++++++++++++++++
[Epoch 79/100] [Avg D loss: -31.752547] [Avg G loss: 566.792408] [Avg Rec loss: 3.089093]
[Epoch 79/100] [D Val loss: 60.312553] [G loss: 512.036190] [Rec loss: 3.130525] [LR C: 0.000000] [LR G: 0.000000]
++++++++++++++++++++++++++++++++
++++++++++++++++++++++++++++++++
[Epoch 80/100] [Avg D loss: -31.780523] [Avg G loss: 556.564911] [Avg Rec loss: 3.032568]
[Epoch 80/100] [D Val loss: 74.458832] [G loss: 499.848919] [Rec loss: 3.155916] [LR C: 0.000000] [LR G: 0.000000]
++++++++++++++++++++++++++++++++
++++++++++++++++++++++++++++++++
[Epoch 81/100] [Avg D loss: -31.852043] [Avg G loss: 562.714564] [Avg Rec loss: 3.065366]
[Epoch 81/100] [D Val loss: 69.749951] [G loss: 506.289572] [Rec loss: 3.158519] [LR C: 0.000000] [LR G: 0.000000]
++++++++++++++++++++++++++++++++
++++++++++++++++++++++++++++++++
[Epoch 82/100] [Avg D loss: -31.866433] [Avg G loss: 576.005500] [Avg Rec loss: 3.139717]
[Epoch 82/100] [D Val loss: 65.705305] [G loss: 503.270531] [Rec loss: 3.116641] [LR C: 0.000000] [LR G: 0.000000]
++++++++++++++++++++++++++++++++
++++++++++++++++++++++++++++++++
[Epoch 83/100] [Avg D loss: -31.825814] [Avg G loss: 549.355402] [Avg Rec loss: 2.990565]
[Epoch 83/100] [D Val loss: 78.463556] [G loss: 509.388153] [Rec loss: 3.225161] [LR C: 0.000000] [LR G: 0.000000]
++++++++++++++++++++++++++++++++
++++++++++++++++++++++++++++++++
[Epoch 84/100] [Avg D loss: -31.891513] [Avg G loss: 566.811774] [Avg Rec loss: 3.088971]
[Epoch 84/100] [D Val loss: 71.676185] [G loss: 498.735220] [Rec loss: 3.130663] [LR C: 0.000000] [LR G: 0.000000]
++++++++++++++++++++++++++++++++
++++++++++++++++++++++++++++++++
[Epoch 85/100] [Avg D loss: -31.928348] [Avg G loss: 556.594891] [Avg Rec loss: 3.032488]
[Epoch 85/100] [D Val loss: 61.630372] [G loss: 515.746889] [Rec loss: 3.156265] [LR C: 0.000000] [LR G: 0.000000]
++++++++++++++++++++++++++++++++
++++++++++++++++++++++++++++++++
[Epoch 86/100] [Avg D loss: -31.887877] [Avg G loss: 562.727171] [Avg Rec loss: 3.065297]
[Epoch 86/100] [D Val loss: 62.939785] [G loss: 514.269904] [Rec loss: 3.158426] [LR C: 0.000000] [LR G: 0.000000]
++++++++++++++++++++++++++++++++
++++++++++++++++++++++++++++++++
[Epoch 87/100] [Avg D loss: -31.933610] [Avg G loss: 576.004593] [Avg Rec loss: 3.139588]
[Epoch 87/100] [D Val loss: 63.295850] [G loss: 506.208828] [Rec loss: 3.116761] [LR C: 0.000000] [LR G: 0.000000]
++++++++++++++++++++++++++++++++
++++++++++++++++++++++++++++++++
[Epoch 88/100] [Avg D loss: -31.931831] [Avg G loss: 549.374172] [Avg Rec loss: 2.990411]
[Epoch 88/100] [D Val loss: 68.944046] [G loss: 520.467816] [Rec loss: 3.225223] [LR C: 0.000000] [LR G: 0.000000]
++++++++++++++++++++++++++++++++
++++++++++++++++++++++++++++++++
[Epoch 89/100] [Avg D loss: -31.995948] [Avg G loss: 566.829887] [Avg Rec loss: 3.088848]
[Epoch 89/100] [D Val loss: 65.290111] [G loss: 506.239317] [Rec loss: 3.130932] [LR C: 0.000000] [LR G: 0.000000]
++++++++++++++++++++++++++++++++
++++++++++++++++++++++++++++++++
[Epoch 90/100] [Avg D loss: -31.993814] [Avg G loss: 556.592451] [Avg Rec loss: 3.032409]
[Epoch 90/100] [D Val loss: 67.755189] [G loss: 508.451740] [Rec loss: 3.156496] [LR C: 0.000000] [LR G: 0.000000]
++++++++++++++++++++++++++++++++
++++++++++++++++++++++++++++++++
[Epoch 91/100] [Avg D loss: -31.973382] [Avg G loss: 562.752795] [Avg Rec loss: 3.065225]
[Epoch 91/100] [D Val loss: 70.990660] [G loss: 504.881232] [Rec loss: 3.158671] [LR C: 0.000000] [LR G: 0.000000]
++++++++++++++++++++++++++++++++
++++++++++++++++++++++++++++++++
[Epoch 92/100] [Avg D loss: -32.029533] [Avg G loss: 575.967876] [Avg Rec loss: 3.139452]
[Epoch 92/100] [D Val loss: 62.072490] [G loss: 508.008881] [Rec loss: 3.117006] [LR C: 0.000000] [LR G: 0.000000]
++++++++++++++++++++++++++++++++
++++++++++++++++++++++++++++++++
[Epoch 93/100] [Avg D loss: -32.042319] [Avg G loss: 549.368731] [Avg Rec loss: 2.990261]
[Epoch 93/100] [D Val loss: 71.154563] [G loss: 517.519307] [Rec loss: 3.225232] [LR C: 0.000000] [LR G: 0.000000]
++++++++++++++++++++++++++++++++
++++++++++++++++++++++++++++++++
[Epoch 94/100] [Avg D loss: -32.075031] [Avg G loss: 566.845425] [Avg Rec loss: 3.088729]
[Epoch 94/100] [D Val loss: 67.188956] [G loss: 504.613168] [Rec loss: 3.131099] [LR C: 0.000000] [LR G: 0.000000]
++++++++++++++++++++++++++++++++
++++++++++++++++++++++++++++++++
[Epoch 95/100] [Avg D loss: -32.049451] [Avg G loss: 556.621898] [Avg Rec loss: 3.032333]
[Epoch 95/100] [D Val loss: 66.245976] [G loss: 510.175993] [Rec loss: 3.156954] [LR C: 0.000000] [LR G: 0.000000]
++++++++++++++++++++++++++++++++
++++++++++++++++++++++++++++++++
[Epoch 96/100] [Avg D loss: -32.094687] [Avg G loss: 562.793541] [Avg Rec loss: 3.065142]
[Epoch 96/100] [D Val loss: 61.733554] [G loss: 516.137772] [Rec loss: 3.158279] [LR C: 0.000000] [LR G: 0.000000]
++++++++++++++++++++++++++++++++
++++++++++++++++++++++++++++++++
[Epoch 97/100] [Avg D loss: -32.128438] [Avg G loss: 576.013813] [Avg Rec loss: 3.139316]
[Epoch 97/100] [D Val loss: 57.036066] [G loss: 513.786956] [Rec loss: 3.116840] [LR C: 0.000000] [LR G: 0.000000]
++++++++++++++++++++++++++++++++
++++++++++++++++++++++++++++++++
[Epoch 98/100] [Avg D loss: -32.104012] [Avg G loss: 549.391545] [Avg Rec loss: 2.990119]
[Epoch 98/100] [D Val loss: 72.731166] [G loss: 516.106099] [Rec loss: 3.225471] [LR C: 0.000000] [LR G: 0.000000]
++++++++++++++++++++++++++++++++
++++++++++++++++++++++++++++++++
[Epoch 99/100] [Avg D loss: -32.176398] [Avg G loss: 566.851787] [Avg Rec loss: 3.088595]
[Epoch 99/100] [D Val loss: 81.550072] [G loss: 487.281450] [Rec loss: 3.131359] [LR C: 0.000000] [LR G: 0.000000]
++++++++++++++++++++++++++++++++
++++++++++++++++++++++++++++++++
[Epoch 100/100] [Avg D loss: -32.139204] [Avg G loss: 556.665818] [Avg Rec loss: 3.032255]
[Epoch 100/100] [D Val loss: 73.450867] [G loss: 502.219558] [Rec loss: 3.156837] [LR C: 0.000000] [LR G: 0.000000]
++++++++++++++++++++++++++++++++
wandb: Waiting for W&B process to finish... (success).
wandb: - 0.000 MB of 0.000 MB uploaded (0.000 MB deduped)
wandb: \ 0.000 MB of 0.000 MB uploaded (0.000 MB deduped)
wandb:                                                                                
wandb: You can sync this run to the cloud by running:
wandb: wandb sync /cpfs01/projects-HDD/cfff-4a8d9af84f66_HDD/public/ShiXiSheng/yzy/yzy_results/ex27_onestepwgan_cri5_181_024_weightmae_aheadtop_0.008/wandb/offline-run-20241115_183417-1nirsoj1wgan
wandb: Find logs at: ./yzy_results/ex27_onestepwgan_cri5_181_024_weightmae_aheadtop_0.008/wandb/offline-run-20241115_183417-1nirsoj1wgan/logs
/cpfs01/projects-HDD/cfff-4a8d9af84f66_HDD/yinzunyi/py3.9/lib/python3.9/site-packages/xarray/core/concat.py:527: FutureWarning: unique with argument that is not not a Series, Index, ExtensionArray, or np.ndarray is deprecated and will raise in a future version.
  common_dims = tuple(pd.unique([d for v in vars for d in v.dims]))
/cpfs01/projects-HDD/cfff-4a8d9af84f66_HDD/public/ShiXiSheng/yzy/precipitation_downscaling-bing_issue09_bias_correction/models/network_unet.py:217: UserWarning: nn.init.xavier_uniform is now deprecated in favor of nn.init.xavier_uniform_.
  torch.nn.init.xavier_uniform(self.output.weight)
wandb: Tracking run with wandb version 0.13.2
wandb: W&B syncing is set to `offline` in this directory.  
wandb: Run `wandb online` or set WANDB_MODE=online to enable cloud syncing.
/cpfs01/projects-HDD/cfff-4a8d9af84f66_HDD/public/ShiXiSheng/yzy/precipitation_downscaling-bing_issue09_bias_correction/train_scripts/wgan_train.py:33: UserWarning: To copy construct from a tensor, it is recommended to use sourceTensor.clone().detach() or sourceTensor.clone().detach().requires_grad_(True), rather than torch.tensor(sourceTensor).
  weights = torch.tensor(y_true,requires_grad=False) #
The patch size for prepitation is 16
K 值是多少让我看看： 0.008
self.prcp_indexes: [4, 5, 9]
Going to open the following files: /cpfs01/projects-HDD/cfff-4a8d9af84f66_HDD/public/ShiXiSheng/yzy/downscaling_precipitation/precip_dataset_new/train
Going to open the following files: [PosixPath('/cpfs01/projects-HDD/cfff-4a8d9af84f66_HDD/public/ShiXiSheng/yzy/downscaling_precipitation/precip_dataset_new/train/preproc_ifs_radklim_2016-01.nc'), PosixPath('/cpfs01/projects-HDD/cfff-4a8d9af84f66_HDD/public/ShiXiSheng/yzy/downscaling_precipitation/precip_dataset_new/train/preproc_ifs_radklim_2016-02.nc'), PosixPath('/cpfs01/projects-HDD/cfff-4a8d9af84f66_HDD/public/ShiXiSheng/yzy/downscaling_precipitation/precip_dataset_new/train/preproc_ifs_radklim_2016-03.nc'), PosixPath('/cpfs01/projects-HDD/cfff-4a8d9af84f66_HDD/public/ShiXiSheng/yzy/downscaling_precipitation/precip_dataset_new/train/preproc_ifs_radklim_2016-04.nc'), PosixPath('/cpfs01/projects-HDD/cfff-4a8d9af84f66_HDD/public/ShiXiSheng/yzy/downscaling_precipitation/precip_dataset_new/train/preproc_ifs_radklim_2016-05.nc'), PosixPath('/cpfs01/projects-HDD/cfff-4a8d9af84f66_HDD/public/ShiXiSheng/yzy/downscaling_precipitation/precip_dataset_new/train/preproc_ifs_radklim_2016-06.nc'), PosixPath('/cpfs01/projects-HDD/cfff-4a8d9af84f66_HDD/public/ShiXiSheng/yzy/downscaling_precipitation/precip_dataset_new/train/preproc_ifs_radklim_2016-07.nc'), PosixPath('/cpfs01/projects-HDD/cfff-4a8d9af84f66_HDD/public/ShiXiSheng/yzy/downscaling_precipitation/precip_dataset_new/train/preproc_ifs_radklim_2018-02.nc'), PosixPath('/cpfs01/projects-HDD/cfff-4a8d9af84f66_HDD/public/ShiXiSheng/yzy/downscaling_precipitation/precip_dataset_new/train/preproc_ifs_radklim_2018-03.nc'), PosixPath('/cpfs01/projects-HDD/cfff-4a8d9af84f66_HDD/public/ShiXiSheng/yzy/downscaling_precipitation/precip_dataset_new/train/preproc_ifs_radklim_2018-04.nc'), PosixPath('/cpfs01/projects-HDD/cfff-4a8d9af84f66_HDD/public/ShiXiSheng/yzy/downscaling_precipitation/precip_dataset_new/train/preproc_ifs_radklim_2018-05.nc'), PosixPath('/cpfs01/projects-HDD/cfff-4a8d9af84f66_HDD/public/ShiXiSheng/yzy/downscaling_precipitation/precip_dataset_new/train/preproc_ifs_radklim_2018-06.nc'), PosixPath('/cpfs01/projects-HDD/cfff-4a8d9af84f66_HDD/public/ShiXiSheng/yzy/downscaling_precipitation/precip_dataset_new/train/preproc_ifs_radklim_2018-07.nc'), PosixPath('/cpfs01/projects-HDD/cfff-4a8d9af84f66_HDD/public/ShiXiSheng/yzy/downscaling_precipitation/precip_dataset_new/train/preproc_ifs_radklim_2018-08.nc'), PosixPath('/cpfs01/projects-HDD/cfff-4a8d9af84f66_HDD/public/ShiXiSheng/yzy/downscaling_precipitation/precip_dataset_new/train/preproc_ifs_radklim_2018-09.nc'), PosixPath('/cpfs01/projects-HDD/cfff-4a8d9af84f66_HDD/public/ShiXiSheng/yzy/downscaling_precipitation/precip_dataset_new/train/preproc_ifs_radklim_2018-10.nc'), PosixPath('/cpfs01/projects-HDD/cfff-4a8d9af84f66_HDD/public/ShiXiSheng/yzy/downscaling_precipitation/precip_dataset_new/train/preproc_ifs_radklim_2018-11.nc'), PosixPath('/cpfs01/projects-HDD/cfff-4a8d9af84f66_HDD/public/ShiXiSheng/yzy/downscaling_precipitation/precip_dataset_new/train/preproc_ifs_radklim_2018-12.nc'), PosixPath('/cpfs01/projects-HDD/cfff-4a8d9af84f66_HDD/public/ShiXiSheng/yzy/downscaling_precipitation/precip_dataset_new/train/preproc_ifs_radklim_2019-01.nc'), PosixPath('/cpfs01/projects-HDD/cfff-4a8d9af84f66_HDD/public/ShiXiSheng/yzy/downscaling_precipitation/precip_dataset_new/train/preproc_ifs_radklim_2019-02.nc'), PosixPath('/cpfs01/projects-HDD/cfff-4a8d9af84f66_HDD/public/ShiXiSheng/yzy/downscaling_precipitation/precip_dataset_new/train/preproc_ifs_radklim_2019-03.nc'), PosixPath('/cpfs01/projects-HDD/cfff-4a8d9af84f66_HDD/public/ShiXiSheng/yzy/downscaling_precipitation/precip_dataset_new/train/preproc_ifs_radklim_2019-05.nc'), PosixPath('/cpfs01/projects-HDD/cfff-4a8d9af84f66_HDD/public/ShiXiSheng/yzy/downscaling_precipitation/precip_dataset_new/train/preproc_ifs_radklim_2019-06.nc'), PosixPath('/cpfs01/projects-HDD/cfff-4a8d9af84f66_HDD/public/ShiXiSheng/yzy/downscaling_precipitation/precip_dataset_new/train/preproc_ifs_radklim_2019-07.nc'), PosixPath('/cpfs01/projects-HDD/cfff-4a8d9af84f66_HDD/public/ShiXiSheng/yzy/downscaling_precipitation/precip_dataset_new/train/preproc_ifs_radklim_2019-08.nc'), PosixPath('/cpfs01/projects-HDD/cfff-4a8d9af84f66_HDD/public/ShiXiSheng/yzy/downscaling_precipitation/precip_dataset_new/train/preproc_ifs_radklim_2019-09.nc'), PosixPath('/cpfs01/projects-HDD/cfff-4a8d9af84f66_HDD/public/ShiXiSheng/yzy/downscaling_precipitation/precip_dataset_new/train/preproc_ifs_radklim_2019-10.nc'), PosixPath('/cpfs01/projects-HDD/cfff-4a8d9af84f66_HDD/public/ShiXiSheng/yzy/downscaling_precipitation/precip_dataset_new/train/preproc_ifs_radklim_2019-11.nc'), PosixPath('/cpfs01/projects-HDD/cfff-4a8d9af84f66_HDD/public/ShiXiSheng/yzy/downscaling_precipitation/precip_dataset_new/train/preproc_ifs_radklim_2019-12.nc')]
Going to open the following files: [PosixPath('/cpfs01/projects-HDD/cfff-4a8d9af84f66_HDD/public/ShiXiSheng/yzy/downscaling_precipitation/precip_dataset_new/train/preproc_ifs_radklim_2016-01.nc'), PosixPath('/cpfs01/projects-HDD/cfff-4a8d9af84f66_HDD/public/ShiXiSheng/yzy/downscaling_precipitation/precip_dataset_new/train/preproc_ifs_radklim_2016-02.nc'), PosixPath('/cpfs01/projects-HDD/cfff-4a8d9af84f66_HDD/public/ShiXiSheng/yzy/downscaling_precipitation/precip_dataset_new/train/preproc_ifs_radklim_2016-03.nc'), PosixPath('/cpfs01/projects-HDD/cfff-4a8d9af84f66_HDD/public/ShiXiSheng/yzy/downscaling_precipitation/precip_dataset_new/train/preproc_ifs_radklim_2016-04.nc'), PosixPath('/cpfs01/projects-HDD/cfff-4a8d9af84f66_HDD/public/ShiXiSheng/yzy/downscaling_precipitation/precip_dataset_new/train/preproc_ifs_radklim_2016-05.nc'), PosixPath('/cpfs01/projects-HDD/cfff-4a8d9af84f66_HDD/public/ShiXiSheng/yzy/downscaling_precipitation/precip_dataset_new/train/preproc_ifs_radklim_2016-06.nc'), PosixPath('/cpfs01/projects-HDD/cfff-4a8d9af84f66_HDD/public/ShiXiSheng/yzy/downscaling_precipitation/precip_dataset_new/train/preproc_ifs_radklim_2016-07.nc'), PosixPath('/cpfs01/projects-HDD/cfff-4a8d9af84f66_HDD/public/ShiXiSheng/yzy/downscaling_precipitation/precip_dataset_new/train/preproc_ifs_radklim_2018-02.nc'), PosixPath('/cpfs01/projects-HDD/cfff-4a8d9af84f66_HDD/public/ShiXiSheng/yzy/downscaling_precipitation/precip_dataset_new/train/preproc_ifs_radklim_2018-03.nc'), PosixPath('/cpfs01/projects-HDD/cfff-4a8d9af84f66_HDD/public/ShiXiSheng/yzy/downscaling_precipitation/precip_dataset_new/train/preproc_ifs_radklim_2018-04.nc'), PosixPath('/cpfs01/projects-HDD/cfff-4a8d9af84f66_HDD/public/ShiXiSheng/yzy/downscaling_precipitation/precip_dataset_new/train/preproc_ifs_radklim_2018-05.nc'), PosixPath('/cpfs01/projects-HDD/cfff-4a8d9af84f66_HDD/public/ShiXiSheng/yzy/downscaling_precipitation/precip_dataset_new/train/preproc_ifs_radklim_2018-06.nc'), PosixPath('/cpfs01/projects-HDD/cfff-4a8d9af84f66_HDD/public/ShiXiSheng/yzy/downscaling_precipitation/precip_dataset_new/train/preproc_ifs_radklim_2018-07.nc'), PosixPath('/cpfs01/projects-HDD/cfff-4a8d9af84f66_HDD/public/ShiXiSheng/yzy/downscaling_precipitation/precip_dataset_new/train/preproc_ifs_radklim_2018-08.nc'), PosixPath('/cpfs01/projects-HDD/cfff-4a8d9af84f66_HDD/public/ShiXiSheng/yzy/downscaling_precipitation/precip_dataset_new/train/preproc_ifs_radklim_2018-09.nc'), PosixPath('/cpfs01/projects-HDD/cfff-4a8d9af84f66_HDD/public/ShiXiSheng/yzy/downscaling_precipitation/precip_dataset_new/train/preproc_ifs_radklim_2018-10.nc'), PosixPath('/cpfs01/projects-HDD/cfff-4a8d9af84f66_HDD/public/ShiXiSheng/yzy/downscaling_precipitation/precip_dataset_new/train/preproc_ifs_radklim_2018-11.nc'), PosixPath('/cpfs01/projects-HDD/cfff-4a8d9af84f66_HDD/public/ShiXiSheng/yzy/downscaling_precipitation/precip_dataset_new/train/preproc_ifs_radklim_2018-12.nc'), PosixPath('/cpfs01/projects-HDD/cfff-4a8d9af84f66_HDD/public/ShiXiSheng/yzy/downscaling_precipitation/precip_dataset_new/train/preproc_ifs_radklim_2019-01.nc'), PosixPath('/cpfs01/projects-HDD/cfff-4a8d9af84f66_HDD/public/ShiXiSheng/yzy/downscaling_precipitation/precip_dataset_new/train/preproc_ifs_radklim_2019-02.nc'), PosixPath('/cpfs01/projects-HDD/cfff-4a8d9af84f66_HDD/public/ShiXiSheng/yzy/downscaling_precipitation/precip_dataset_new/train/preproc_ifs_radklim_2019-03.nc'), PosixPath('/cpfs01/projects-HDD/cfff-4a8d9af84f66_HDD/public/ShiXiSheng/yzy/downscaling_precipitation/precip_dataset_new/train/preproc_ifs_radklim_2019-05.nc'), PosixPath('/cpfs01/projects-HDD/cfff-4a8d9af84f66_HDD/public/ShiXiSheng/yzy/downscaling_precipitation/precip_dataset_new/train/preproc_ifs_radklim_2019-06.nc'), PosixPath('/cpfs01/projects-HDD/cfff-4a8d9af84f66_HDD/public/ShiXiSheng/yzy/downscaling_precipitation/precip_dataset_new/train/preproc_ifs_radklim_2019-07.nc'), PosixPath('/cpfs01/projects-HDD/cfff-4a8d9af84f66_HDD/public/ShiXiSheng/yzy/downscaling_precipitation/precip_dataset_new/train/preproc_ifs_radklim_2019-08.nc'), PosixPath('/cpfs01/projects-HDD/cfff-4a8d9af84f66_HDD/public/ShiXiSheng/yzy/downscaling_precipitation/precip_dataset_new/train/preproc_ifs_radklim_2019-09.nc'), PosixPath('/cpfs01/projects-HDD/cfff-4a8d9af84f66_HDD/public/ShiXiSheng/yzy/downscaling_precipitation/precip_dataset_new/train/preproc_ifs_radklim_2019-10.nc'), PosixPath('/cpfs01/projects-HDD/cfff-4a8d9af84f66_HDD/public/ShiXiSheng/yzy/downscaling_precipitation/precip_dataset_new/train/preproc_ifs_radklim_2019-11.nc'), PosixPath('/cpfs01/projects-HDD/cfff-4a8d9af84f66_HDD/public/ShiXiSheng/yzy/downscaling_precipitation/precip_dataset_new/train/preproc_ifs_radklim_2019-12.nc')]
Loading data from the file: [PosixPath('/cpfs01/projects-HDD/cfff-4a8d9af84f66_HDD/public/ShiXiSheng/yzy/downscaling_precipitation/precip_dataset_new/train/preproc_ifs_radklim_2016-01.nc'), PosixPath('/cpfs01/projects-HDD/cfff-4a8d9af84f66_HDD/public/ShiXiSheng/yzy/downscaling_precipitation/precip_dataset_new/train/preproc_ifs_radklim_2016-02.nc'), PosixPath('/cpfs01/projects-HDD/cfff-4a8d9af84f66_HDD/public/ShiXiSheng/yzy/downscaling_precipitation/precip_dataset_new/train/preproc_ifs_radklim_2016-03.nc'), PosixPath('/cpfs01/projects-HDD/cfff-4a8d9af84f66_HDD/public/ShiXiSheng/yzy/downscaling_precipitation/precip_dataset_new/train/preproc_ifs_radklim_2016-04.nc'), PosixPath('/cpfs01/projects-HDD/cfff-4a8d9af84f66_HDD/public/ShiXiSheng/yzy/downscaling_precipitation/precip_dataset_new/train/preproc_ifs_radklim_2016-05.nc'), PosixPath('/cpfs01/projects-HDD/cfff-4a8d9af84f66_HDD/public/ShiXiSheng/yzy/downscaling_precipitation/precip_dataset_new/train/preproc_ifs_radklim_2016-06.nc'), PosixPath('/cpfs01/projects-HDD/cfff-4a8d9af84f66_HDD/public/ShiXiSheng/yzy/downscaling_precipitation/precip_dataset_new/train/preproc_ifs_radklim_2016-07.nc'), PosixPath('/cpfs01/projects-HDD/cfff-4a8d9af84f66_HDD/public/ShiXiSheng/yzy/downscaling_precipitation/precip_dataset_new/train/preproc_ifs_radklim_2018-02.nc'), PosixPath('/cpfs01/projects-HDD/cfff-4a8d9af84f66_HDD/public/ShiXiSheng/yzy/downscaling_precipitation/precip_dataset_new/train/preproc_ifs_radklim_2018-03.nc'), PosixPath('/cpfs01/projects-HDD/cfff-4a8d9af84f66_HDD/public/ShiXiSheng/yzy/downscaling_precipitation/precip_dataset_new/train/preproc_ifs_radklim_2018-04.nc'), PosixPath('/cpfs01/projects-HDD/cfff-4a8d9af84f66_HDD/public/ShiXiSheng/yzy/downscaling_precipitation/precip_dataset_new/train/preproc_ifs_radklim_2018-05.nc'), PosixPath('/cpfs01/projects-HDD/cfff-4a8d9af84f66_HDD/public/ShiXiSheng/yzy/downscaling_precipitation/precip_dataset_new/train/preproc_ifs_radklim_2018-06.nc'), PosixPath('/cpfs01/projects-HDD/cfff-4a8d9af84f66_HDD/public/ShiXiSheng/yzy/downscaling_precipitation/precip_dataset_new/train/preproc_ifs_radklim_2018-07.nc'), PosixPath('/cpfs01/projects-HDD/cfff-4a8d9af84f66_HDD/public/ShiXiSheng/yzy/downscaling_precipitation/precip_dataset_new/train/preproc_ifs_radklim_2018-08.nc'), PosixPath('/cpfs01/projects-HDD/cfff-4a8d9af84f66_HDD/public/ShiXiSheng/yzy/downscaling_precipitation/precip_dataset_new/train/preproc_ifs_radklim_2018-09.nc'), PosixPath('/cpfs01/projects-HDD/cfff-4a8d9af84f66_HDD/public/ShiXiSheng/yzy/downscaling_precipitation/precip_dataset_new/train/preproc_ifs_radklim_2018-10.nc'), PosixPath('/cpfs01/projects-HDD/cfff-4a8d9af84f66_HDD/public/ShiXiSheng/yzy/downscaling_precipitation/precip_dataset_new/train/preproc_ifs_radklim_2018-11.nc'), PosixPath('/cpfs01/projects-HDD/cfff-4a8d9af84f66_HDD/public/ShiXiSheng/yzy/downscaling_precipitation/precip_dataset_new/train/preproc_ifs_radklim_2018-12.nc'), PosixPath('/cpfs01/projects-HDD/cfff-4a8d9af84f66_HDD/public/ShiXiSheng/yzy/downscaling_precipitation/precip_dataset_new/train/preproc_ifs_radklim_2019-01.nc'), PosixPath('/cpfs01/projects-HDD/cfff-4a8d9af84f66_HDD/public/ShiXiSheng/yzy/downscaling_precipitation/precip_dataset_new/train/preproc_ifs_radklim_2019-02.nc'), PosixPath('/cpfs01/projects-HDD/cfff-4a8d9af84f66_HDD/public/ShiXiSheng/yzy/downscaling_precipitation/precip_dataset_new/train/preproc_ifs_radklim_2019-03.nc'), PosixPath('/cpfs01/projects-HDD/cfff-4a8d9af84f66_HDD/public/ShiXiSheng/yzy/downscaling_precipitation/precip_dataset_new/train/preproc_ifs_radklim_2019-05.nc'), PosixPath('/cpfs01/projects-HDD/cfff-4a8d9af84f66_HDD/public/ShiXiSheng/yzy/downscaling_precipitation/precip_dataset_new/train/preproc_ifs_radklim_2019-06.nc'), PosixPath('/cpfs01/projects-HDD/cfff-4a8d9af84f66_HDD/public/ShiXiSheng/yzy/downscaling_precipitation/precip_dataset_new/train/preproc_ifs_radklim_2019-07.nc'), PosixPath('/cpfs01/projects-HDD/cfff-4a8d9af84f66_HDD/public/ShiXiSheng/yzy/downscaling_precipitation/precip_dataset_new/train/preproc_ifs_radklim_2019-08.nc'), PosixPath('/cpfs01/projects-HDD/cfff-4a8d9af84f66_HDD/public/ShiXiSheng/yzy/downscaling_precipitation/precip_dataset_new/train/preproc_ifs_radklim_2019-09.nc'), PosixPath('/cpfs01/projects-HDD/cfff-4a8d9af84f66_HDD/public/ShiXiSheng/yzy/downscaling_precipitation/precip_dataset_new/train/preproc_ifs_radklim_2019-10.nc'), PosixPath('/cpfs01/projects-HDD/cfff-4a8d9af84f66_HDD/public/ShiXiSheng/yzy/downscaling_precipitation/precip_dataset_new/train/preproc_ifs_radklim_2019-11.nc'), PosixPath('/cpfs01/projects-HDD/cfff-4a8d9af84f66_HDD/public/ShiXiSheng/yzy/downscaling_precipitation/precip_dataset_new/train/preproc_ifs_radklim_2019-12.nc')]
There is done
num_patches_images are 7 5
pre indexes are [4, 5, 9]
no nan idx 25397
There are No. 25397 patches out of 739865 without Nan Values 
Minimum value of tp in vars_in_patches(having log): 0.0
Maximum value of tp in vars_in_patches(having log): 8.18589973449707
Distribution of tp in different rainfall intervals:
-0.1 to 0.1: 25.75%
0.1 to 2: 71.33%
2 to 4: 2.50%
4 to 8: 0.37%
8 to 20: 0.04%
20 to 30: 0.00%
30 to inf: 0.00%
Distribution of tp in vars_out_orig_patches in different rainfall intervals:
-0.1 to 0.1: 60.60%
0.1 to 2: 34.94%
2 to 4: 3.47%
4 to 8: 0.89%
8 to 20: 0.11%
20 to 30: 0.00%
30 to inf: 0.00%
self.times_patches_list: tensor([[2016,    1,    2,    6],
        [2016,    1,    2,    7],
        [2016,    1,    2,    8],
        ...,
        [2019,   12,   30,    4],
        [2019,   12,   30,    4],
        [2019,   12,   30,    4]], device='cpu', dtype=torch.int32)
save stats
i tensor(-4.5178e-13, device='cpu')
save stats
i tensor(-2.1600e-16, device='cpu')
save stats
i tensor(82071.3359, device='cpu')
save stats
i tensor(1.6654, device='cpu')
save stats
i tensor(0., device='cpu')
save stats
i tensor(0., device='cpu')
save stats
i tensor(-1.8591e-09, device='cpu')
save stats
i tensor(-23.0063, device='cpu')
save stats
i tensor(-35.2889, device='cpu')
save stats
i tensor(0., device='cpu')
The statistic has been stored to the json file:  /cpfs01/projects-HDD/cfff-4a8d9af84f66_HDD/public/ShiXiSheng/yzy/downscaling_precipitation/precip_dataset_new/train/statistics.json
The total number of samples after filtering NaN and zeros values: 25397
Shuffling the index ....
idx_perm [11676 15961  6877 ...  7812 18002 16014]
K 值是多少让我看看： 0.008
self.prcp_indexes: [4, 5, 9]
Going to open the following files: /cpfs01/projects-HDD/cfff-4a8d9af84f66_HDD/public/ShiXiSheng/yzy/downscaling_precipitation/precip_dataset_new/val
Going to open the following files: [PosixPath('/cpfs01/projects-HDD/cfff-4a8d9af84f66_HDD/public/ShiXiSheng/yzy/downscaling_precipitation/precip_dataset_new/val/2017-01/preproc_ifs_radklim_2017-01.nc')]
Going to open the following files: [PosixPath('/cpfs01/projects-HDD/cfff-4a8d9af84f66_HDD/public/ShiXiSheng/yzy/downscaling_precipitation/precip_dataset_new/val/2017-01/preproc_ifs_radklim_2017-01.nc')]
Loading data from the file: [PosixPath('/cpfs01/projects-HDD/cfff-4a8d9af84f66_HDD/public/ShiXiSheng/yzy/downscaling_precipitation/precip_dataset_new/val/2017-01/preproc_ifs_radklim_2017-01.nc')]
There is done
num_patches_images are 7 5
pre indexes are [4, 5, 9]
no nan idx 1421
There are No. 1421 patches out of 26005 without Nan Values 
Minimum value of tp in vars_in_patches(having log): 0.0
Maximum value of tp in vars_in_patches(having log): 6.580108642578125
Distribution of tp in different rainfall intervals:
-0.1 to 0.1: 27.75%
0.1 to 2: 71.33%
2 to 4: 0.89%
4 to 8: 0.03%
8 to 20: 0.00%
20 to 30: 0.00%
30 to inf: 0.00%
Distribution of tp in vars_out_orig_patches in different rainfall intervals:
-0.1 to 0.1: 62.89%
0.1 to 2: 35.08%
2 to 4: 1.83%
4 to 8: 0.19%
8 to 20: 0.00%
20 to 30: 0.00%
30 to inf: 0.00%
self.times_patches_list: tensor([[2017,    1,    1,   17],
        [2017,    1,    1,   17],
        [2017,    1,    1,   18],
        ...,
        [2017,    2,    1,    0],
        [2017,    2,    1,    1],
        [2017,    2,    1,    2]], device='cpu', dtype=torch.int32)
Loading the stats file: /cpfs01/projects-HDD/cfff-4a8d9af84f66_HDD/public/ShiXiSheng/yzy/downscaling_precipitation/precip_dataset_new/train/statistics.json
The total number of samples after filtering NaN and zeros values: 1421
The model wgan is selected for training
i 0
i 1
i 2
i 3
i 4
i 5
i 6
i 0
i 0
i 0
Total trainalbe parameters of the generator: 3706049
Total trainalbe parameters of the critic: 1584641
 size of dataset 25397 batch size 24
 iterations 1058.2083333333333
++++++++++++++++++++++++++++++++
[Epoch 1/100] [Avg D loss: 6.797974] [Avg G loss: 1511.457060] [Avg Rec loss: 8.398567]
[Epoch 1/100] [D Val loss: 2.074493] [G loss: 866.907045] [Rec loss: 4.816017] [LR C: 0.000001] [LR G: 0.000010]
++++++++++++++++++++++++++++++++
++++++++++++++++++++++++++++++++
[Epoch 2/100] [Avg D loss: 0.614639] [Avg G loss: 1100.638874] [Avg Rec loss: 6.116441]
[Epoch 2/100] [D Val loss: 2.333045] [G loss: 710.361690] [Rec loss: 3.944912] [LR C: 0.000001] [LR G: 0.000010]
++++++++++++++++++++++++++++++++
++++++++++++++++++++++++++++++++
[Epoch 3/100] [Avg D loss: -0.142009] [Avg G loss: 866.075121] [Avg Rec loss: 4.812984]
[Epoch 3/100] [D Val loss: 1.056905] [G loss: 658.452550] [Rec loss: 3.658939] [LR C: 0.000001] [LR G: 0.000010]
++++++++++++++++++++++++++++++++
++++++++++++++++++++++++++++++++
[Epoch 4/100] [Avg D loss: -0.728430] [Avg G loss: 799.886171] [Avg Rec loss: 4.444923]
[Epoch 4/100] [D Val loss: 2.042522] [G loss: 635.051965] [Rec loss: 3.534026] [LR C: 0.000001] [LR G: 0.000010]
++++++++++++++++++++++++++++++++
++++++++++++++++++++++++++++++++
[Epoch 5/100] [Avg D loss: -1.394529] [Avg G loss: 733.081876] [Avg Rec loss: 4.073874]
[Epoch 5/100] [D Val loss: 2.875566] [G loss: 581.418229] [Rec loss: 3.240050] [LR C: 0.000001] [LR G: 0.000010]
++++++++++++++++++++++++++++++++
++++++++++++++++++++++++++++++++
[Epoch 6/100] [Avg D loss: -2.198325] [Avg G loss: 698.774203] [Avg Rec loss: 3.883545]
[Epoch 6/100] [D Val loss: 5.141393] [G loss: 653.127329] [Rec loss: 3.650484] [LR C: 0.000001] [LR G: 0.000010]
++++++++++++++++++++++++++++++++
++++++++++++++++++++++++++++++++
[Epoch 7/100] [Avg D loss: -3.074753] [Avg G loss: 698.141546] [Avg Rec loss: 3.880047]
[Epoch 7/100] [D Val loss: 4.286365] [G loss: 553.784022] [Rec loss: 3.091995] [LR C: 0.000001] [LR G: 0.000010]
++++++++++++++++++++++++++++++++
++++++++++++++++++++++++++++++++
[Epoch 8/100] [Avg D loss: -3.906023] [Avg G loss: 642.405392] [Avg Rec loss: 3.569882]
[Epoch 8/100] [D Val loss: 11.162933] [G loss: 639.757945] [Rec loss: 3.608883] [LR C: 0.000001] [LR G: 0.000010]
++++++++++++++++++++++++++++++++
++++++++++++++++++++++++++++++++
[Epoch 9/100] [Avg D loss: -4.814126] [Avg G loss: 657.809420] [Avg Rec loss: 3.655328]
[Epoch 9/100] [D Val loss: 6.638506] [G loss: 543.424827] [Rec loss: 3.046446] [LR C: 0.000001] [LR G: 0.000010]
++++++++++++++++++++++++++++++++
++++++++++++++++++++++++++++++++
[Epoch 10/100] [Avg D loss: -5.787858] [Avg G loss: 636.587110] [Avg Rec loss: 3.536775]
[Epoch 10/100] [D Val loss: 12.223550] [G loss: 602.944919] [Rec loss: 3.408014] [LR C: 0.000001] [LR G: 0.000010]
++++++++++++++++++++++++++++++++
++++++++++++++++++++++++++++++++
[Epoch 11/100] [Avg D loss: -6.901572] [Avg G loss: 628.278674] [Avg Rec loss: 3.489254]
[Epoch 11/100] [D Val loss: 22.136167] [G loss: 707.464117] [Rec loss: 4.044339] [LR C: 0.000001] [LR G: 0.000010]
++++++++++++++++++++++++++++++++
++++++++++++++++++++++++++++++++
[Epoch 12/100] [Avg D loss: -8.110088] [Avg G loss: 638.349430] [Avg Rec loss: 3.544011]
[Epoch 12/100] [D Val loss: 27.061335] [G loss: 739.833652] [Rec loss: 4.251750] [LR C: 0.000001] [LR G: 0.000010]
++++++++++++++++++++++++++++++++
++++++++++++++++++++++++++++++++
[Epoch 13/100] [Avg D loss: -9.312710] [Avg G loss: 601.849537] [Avg Rec loss: 3.339542]
[Epoch 13/100] [D Val loss: 21.407616] [G loss: 633.977536] [Rec loss: 3.631806] [LR C: 0.000001] [LR G: 0.000010]
++++++++++++++++++++++++++++++++
++++++++++++++++++++++++++++++++
[Epoch 14/100] [Avg D loss: -10.602427] [Avg G loss: 617.895032] [Avg Rec loss: 3.427829]
[Epoch 14/100] [D Val loss: 18.013002] [G loss: 553.311216] [Rec loss: 3.168192] [LR C: 0.000001] [LR G: 0.000010]
++++++++++++++++++++++++++++++++
++++++++++++++++++++++++++++++++
[Epoch 15/100] [Avg D loss: -11.977874] [Avg G loss: 605.866955] [Avg Rec loss: 3.359145]
[Epoch 15/100] [D Val loss: 25.776313] [G loss: 585.039623] [Rec loss: 3.385282] [LR C: 0.000001] [LR G: 0.000010]
++++++++++++++++++++++++++++++++
++++++++++++++++++++++++++++++++
[Epoch 16/100] [Avg D loss: -13.426063] [Avg G loss: 601.496289] [Avg Rec loss: 3.332009]
[Epoch 16/100] [D Val loss: 40.735011] [G loss: 667.266350] [Rec loss: 3.925612] [LR C: 0.000001] [LR G: 0.000010]
++++++++++++++++++++++++++++++++
++++++++++++++++++++++++++++++++
[Epoch 17/100] [Avg D loss: -14.886250] [Avg G loss: 611.749901] [Avg Rec loss: 3.386670]
[Epoch 17/100] [D Val loss: 31.907078] [G loss: 644.274979] [Rec loss: 3.740998] [LR C: 0.000001] [LR G: 0.000010]
++++++++++++++++++++++++++++++++
++++++++++++++++++++++++++++++++
[Epoch 18/100] [Avg D loss: -16.376726] [Avg G loss: 576.595962] [Avg Rec loss: 3.188416]
[Epoch 18/100] [D Val loss: 53.457169] [G loss: 703.902511] [Rec loss: 4.193143] [LR C: 0.000001] [LR G: 0.000010]
++++++++++++++++++++++++++++++++
++++++++++++++++++++++++++++++++
[Epoch 19/100] [Avg D loss: -17.959205] [Avg G loss: 596.130315] [Avg Rec loss: 3.294720]
[Epoch 19/100] [D Val loss: 32.849639] [G loss: 569.980749] [Rec loss: 3.335428] [LR C: 0.000001] [LR G: 0.000010]
++++++++++++++++++++++++++++++++
++++++++++++++++++++++++++++++++
[Epoch 20/100] [Avg D loss: -19.538556] [Avg G loss: 586.681398] [Avg Rec loss: 3.239743]
[Epoch 20/100] [D Val loss: 42.255297] [G loss: 577.247075] [Rec loss: 3.425293] [LR C: 0.000001] [LR G: 0.000010]
++++++++++++++++++++++++++++++++
++++++++++++++++++++++++++++++++
[Epoch 21/100] [Avg D loss: -20.444564] [Avg G loss: 579.244414] [Avg Rec loss: 3.195869]
[Epoch 21/100] [D Val loss: 56.668565] [G loss: 603.936957] [Rec loss: 3.657761] [LR C: 0.000000] [LR G: 0.000001]
++++++++++++++++++++++++++++++++
++++++++++++++++++++++++++++++++
[Epoch 22/100] [Avg D loss: -20.590714] [Avg G loss: 591.491582] [Avg Rec loss: 3.264357]
[Epoch 22/100] [D Val loss: 49.101162] [G loss: 575.287462] [Rec loss: 3.456452] [LR C: 0.000000] [LR G: 0.000001]
++++++++++++++++++++++++++++++++
++++++++++++++++++++++++++++++++
[Epoch 23/100] [Avg D loss: -20.732696] [Avg G loss: 560.762220] [Avg Rec loss: 3.092525]
[Epoch 23/100] [D Val loss: 57.794622] [G loss: 632.126707] [Rec loss: 3.815850] [LR C: 0.000000] [LR G: 0.000001]
++++++++++++++++++++++++++++++++
++++++++++++++++++++++++++++++++
[Epoch 24/100] [Avg D loss: -20.859834] [Avg G loss: 579.560063] [Avg Rec loss: 3.197741]
[Epoch 24/100] [D Val loss: 50.793088] [G loss: 590.018363] [Rec loss: 3.545889] [LR C: 0.000000] [LR G: 0.000001]
++++++++++++++++++++++++++++++++
++++++++++++++++++++++++++++++++
[Epoch 25/100] [Avg D loss: -21.057425] [Avg G loss: 568.385907] [Avg Rec loss: 3.135428]
[Epoch 25/100] [D Val loss: 51.746375] [G loss: 600.304267] [Rec loss: 3.604904] [LR C: 0.000000] [LR G: 0.000001]
++++++++++++++++++++++++++++++++
++++++++++++++++++++++++++++++++
[Epoch 26/100] [Avg D loss: -21.189419] [Avg G loss: 575.055248] [Avg Rec loss: 3.171551]
[Epoch 26/100] [D Val loss: 60.346631] [G loss: 621.770605] [Rec loss: 3.773159] [LR C: 0.000000] [LR G: 0.000001]
++++++++++++++++++++++++++++++++
++++++++++++++++++++++++++++++++
[Epoch 27/100] [Avg D loss: -21.373239] [Avg G loss: 587.208796] [Avg Rec loss: 3.239006]
[Epoch 27/100] [D Val loss: 48.909558] [G loss: 591.734185] [Rec loss: 3.539020] [LR C: 0.000000] [LR G: 0.000001]
++++++++++++++++++++++++++++++++
++++++++++++++++++++++++++++++++
[Epoch 28/100] [Avg D loss: -21.496473] [Avg G loss: 557.853667] [Avg Rec loss: 3.074999]
[Epoch 28/100] [D Val loss: 69.090002] [G loss: 618.918060] [Rec loss: 3.808952] [LR C: 0.000000] [LR G: 0.000001]
++++++++++++++++++++++++++++++++
++++++++++++++++++++++++++++++++
[Epoch 29/100] [Avg D loss: -21.627241] [Avg G loss: 576.773381] [Avg Rec loss: 3.180918]
[Epoch 29/100] [D Val loss: 48.248899] [G loss: 589.107533] [Rec loss: 3.519590] [LR C: 0.000000] [LR G: 0.000001]
++++++++++++++++++++++++++++++++
++++++++++++++++++++++++++++++++
[Epoch 30/100] [Avg D loss: -21.836607] [Avg G loss: 566.637370] [Avg Rec loss: 3.124291]
[Epoch 30/100] [D Val loss: 55.376031] [G loss: 587.373741] [Rec loss: 3.553212] [LR C: 0.000000] [LR G: 0.000001]
++++++++++++++++++++++++++++++++
++++++++++++++++++++++++++++++++
[Epoch 31/100] [Avg D loss: -21.956001] [Avg G loss: 572.652839] [Avg Rec loss: 3.156613]
[Epoch 31/100] [D Val loss: 60.015993] [G loss: 620.495681] [Rec loss: 3.760249] [LR C: 0.000000] [LR G: 0.000001]
++++++++++++++++++++++++++++++++
++++++++++++++++++++++++++++++++
[Epoch 32/100] [Avg D loss: -22.077043] [Avg G loss: 585.088825] [Avg Rec loss: 3.226086]
[Epoch 32/100] [D Val loss: 52.726803] [G loss: 574.753716] [Rec loss: 3.468309] [LR C: 0.000000] [LR G: 0.000000]
++++++++++++++++++++++++++++++++
++++++++++++++++++++++++++++++++
[Epoch 33/100] [Avg D loss: -22.087179] [Avg G loss: 555.528845] [Avg Rec loss: 3.060882]
[Epoch 33/100] [D Val loss: 64.487132] [G loss: 612.501471] [Rec loss: 3.744461] [LR C: 0.000000] [LR G: 0.000000]
++++++++++++++++++++++++++++++++
++++++++++++++++++++++++++++++++
[Epoch 34/100] [Avg D loss: -22.133267] [Avg G loss: 574.212024] [Avg Rec loss: 3.165767]
[Epoch 34/100] [D Val loss: 57.680567] [G loss: 583.235906] [Rec loss: 3.544406] [LR C: 0.000000] [LR G: 0.000000]
++++++++++++++++++++++++++++++++
++++++++++++++++++++++++++++++++
[Epoch 35/100] [Avg D loss: -22.125777] [Avg G loss: 564.333739] [Avg Rec loss: 3.111121]
[Epoch 35/100] [D Val loss: 53.434949] [G loss: 581.094591] [Rec loss: 3.506336] [LR C: 0.000000] [LR G: 0.000000]
++++++++++++++++++++++++++++++++
++++++++++++++++++++++++++++++++
[Epoch 36/100] [Avg D loss: -22.120382] [Avg G loss: 569.818820] [Avg Rec loss: 3.140443]
[Epoch 36/100] [D Val loss: 62.958290] [G loss: 617.767313] [Rec loss: 3.762224] [LR C: 0.000000] [LR G: 0.000000]
++++++++++++++++++++++++++++++++
++++++++++++++++++++++++++++++++
[Epoch 37/100] [Avg D loss: -22.170563] [Avg G loss: 584.302979] [Avg Rec loss: 3.221712]
[Epoch 37/100] [D Val loss: 53.857732] [G loss: 584.973055] [Rec loss: 3.529736] [LR C: 0.000000] [LR G: 0.000000]
++++++++++++++++++++++++++++++++
++++++++++++++++++++++++++++++++
[Epoch 38/100] [Avg D loss: -22.159971] [Avg G loss: 555.040357] [Avg Rec loss: 3.058143]
[Epoch 38/100] [D Val loss: 66.580921] [G loss: 620.938067] [Rec loss: 3.802560] [LR C: 0.000000] [LR G: 0.000000]
++++++++++++++++++++++++++++++++
++++++++++++++++++++++++++++++++
[Epoch 39/100] [Avg D loss: -22.137543] [Avg G loss: 573.938791] [Avg Rec loss: 3.164063]
[Epoch 39/100] [D Val loss: 56.984569] [G loss: 590.084246] [Rec loss: 3.577563] [LR C: 0.000000] [LR G: 0.000000]
++++++++++++++++++++++++++++++++
++++++++++++++++++++++++++++++++
[Epoch 40/100] [Avg D loss: -22.209863] [Avg G loss: 564.110111] [Avg Rec loss: 3.109829]
[Epoch 40/100] [D Val loss: 51.153624] [G loss: 587.500515] [Rec loss: 3.526642] [LR C: 0.000000] [LR G: 0.000000]
++++++++++++++++++++++++++++++++
++++++++++++++++++++++++++++++++
[Epoch 41/100] [Avg D loss: -22.206225] [Avg G loss: 569.632248] [Avg Rec loss: 3.139579]
[Epoch 41/100] [D Val loss: 62.080235] [G loss: 622.340191] [Rec loss: 3.782247] [LR C: 0.000000] [LR G: 0.000000]
++++++++++++++++++++++++++++++++
++++++++++++++++++++++++++++++++
[Epoch 42/100] [Avg D loss: -22.201930] [Avg G loss: 583.921957] [Avg Rec loss: 3.219326]
[Epoch 42/100] [D Val loss: 51.605693] [G loss: 589.508641] [Rec loss: 3.540144] [LR C: 0.000000] [LR G: 0.000000]
++++++++++++++++++++++++++++++++
++++++++++++++++++++++++++++++++
[Epoch 43/100] [Avg D loss: -22.239251] [Avg G loss: 554.739329] [Avg Rec loss: 3.056249]
[Epoch 43/100] [D Val loss: 70.866208] [G loss: 617.092470] [Rec loss: 3.806829] [LR C: 0.000000] [LR G: 0.000000]
++++++++++++++++++++++++++++++++
++++++++++++++++++++++++++++++++
[Epoch 44/100] [Avg D loss: -22.251694] [Avg G loss: 573.617161] [Avg Rec loss: 3.162330]
[Epoch 44/100] [D Val loss: 56.852592] [G loss: 589.978526] [Rec loss: 3.574820] [LR C: 0.000000] [LR G: 0.000000]
++++++++++++++++++++++++++++++++
++++++++++++++++++++++++++++++++
[Epoch 45/100] [Avg D loss: -22.268251] [Avg G loss: 563.918897] [Avg Rec loss: 3.108501]
[Epoch 45/100] [D Val loss: 54.472147] [G loss: 583.628827] [Rec loss: 3.526029] [LR C: 0.000000] [LR G: 0.000000]
++++++++++++++++++++++++++++++++
++++++++++++++++++++++++++++++++
[Epoch 46/100] [Avg D loss: -22.283393] [Avg G loss: 569.461528] [Avg Rec loss: 3.138358]
[Epoch 46/100] [D Val loss: 65.484773] [G loss: 615.003190] [Rec loss: 3.762537] [LR C: 0.000000] [LR G: 0.000000]
++++++++++++++++++++++++++++++++
++++++++++++++++++++++++++++++++
[Epoch 47/100] [Avg D loss: -22.303867] [Avg G loss: 583.451593] [Avg Rec loss: 3.216564]
[Epoch 47/100] [D Val loss: 58.166305] [G loss: 582.817697] [Rec loss: 3.543215] [LR C: 0.000000] [LR G: 0.000000]
++++++++++++++++++++++++++++++++
++++++++++++++++++++++++++++++++
[Epoch 48/100] [Avg D loss: -22.335937] [Avg G loss: 554.715457] [Avg Rec loss: 3.056094]
[Epoch 48/100] [D Val loss: 72.717502] [G loss: 615.654277] [Rec loss: 3.810874] [LR C: 0.000000] [LR G: 0.000000]
++++++++++++++++++++++++++++++++
++++++++++++++++++++++++++++++++
[Epoch 49/100] [Avg D loss: -22.339003] [Avg G loss: 573.604064] [Avg Rec loss: 3.162073]
[Epoch 49/100] [D Val loss: 58.424574] [G loss: 588.449598] [Rec loss: 3.577643] [LR C: 0.000000] [LR G: 0.000000]
++++++++++++++++++++++++++++++++
++++++++++++++++++++++++++++++++
[Epoch 50/100] [Avg D loss: -22.366636] [Avg G loss: 563.910221] [Avg Rec loss: 3.108303]
[Epoch 50/100] [D Val loss: 53.807291] [G loss: 585.028556] [Rec loss: 3.529082] [LR C: 0.000000] [LR G: 0.000000]
++++++++++++++++++++++++++++++++
++++++++++++++++++++++++++++++++
[Epoch 51/100] [Avg D loss: -22.369229] [Avg G loss: 569.473921] [Avg Rec loss: 3.138211]
[Epoch 51/100] [D Val loss: 73.211023] [G loss: 606.820263] [Rec loss: 3.765340] [LR C: 0.000000] [LR G: 0.000000]
++++++++++++++++++++++++++++++++
++++++++++++++++++++++++++++++++
[Epoch 52/100] [Avg D loss: -22.379787] [Avg G loss: 583.440131] [Avg Rec loss: 3.216438]
[Epoch 52/100] [D Val loss: 51.666050] [G loss: 590.654378] [Rec loss: 3.545773] [LR C: 0.000000] [LR G: 0.000000]
++++++++++++++++++++++++++++++++
++++++++++++++++++++++++++++++++
[Epoch 53/100] [Avg D loss: -22.395203] [Avg G loss: 554.728202] [Avg Rec loss: 3.055930]
[Epoch 53/100] [D Val loss: 67.044305] [G loss: 622.734822] [Rec loss: 3.813524] [LR C: 0.000000] [LR G: 0.000000]
++++++++++++++++++++++++++++++++
++++++++++++++++++++++++++++++++
[Epoch 54/100] [Avg D loss: -22.405031] [Avg G loss: 573.589242] [Avg Rec loss: 3.161865]
[Epoch 54/100] [D Val loss: 60.488883] [G loss: 586.650694] [Rec loss: 3.580095] [LR C: 0.000000] [LR G: 0.000000]
++++++++++++++++++++++++++++++++
++++++++++++++++++++++++++++++++
[Epoch 55/100] [Avg D loss: -22.453263] [Avg G loss: 563.902512] [Avg Rec loss: 3.108139]
[Epoch 55/100] [D Val loss: 56.595604] [G loss: 582.322400] [Rec loss: 3.530515] [LR C: 0.000000] [LR G: 0.000000]
++++++++++++++++++++++++++++++++
++++++++++++++++++++++++++++++++
[Epoch 56/100] [Avg D loss: -22.454135] [Avg G loss: 569.466504] [Avg Rec loss: 3.138087]
[Epoch 56/100] [D Val loss: 61.989007] [G loss: 620.035199] [Rec loss: 3.767869] [LR C: 0.000000] [LR G: 0.000000]
++++++++++++++++++++++++++++++++
++++++++++++++++++++++++++++++++
[Epoch 57/100] [Avg D loss: -22.446770] [Avg G loss: 583.479612] [Avg Rec loss: 3.216298]
[Epoch 57/100] [D Val loss: 61.349639] [G loss: 579.874308] [Rec loss: 3.547218] [LR C: 0.000000] [LR G: 0.000000]
++++++++++++++++++++++++++++++++
++++++++++++++++++++++++++++++++
[Epoch 58/100] [Avg D loss: -22.499145] [Avg G loss: 554.747978] [Avg Rec loss: 3.055757]
[Epoch 58/100] [D Val loss: 69.014145] [G loss: 621.163837] [Rec loss: 3.815596] [LR C: 0.000000] [LR G: 0.000000]
++++++++++++++++++++++++++++++++
++++++++++++++++++++++++++++++++
[Epoch 59/100] [Avg D loss: -22.492191] [Avg G loss: 573.609823] [Avg Rec loss: 3.161694]
[Epoch 59/100] [D Val loss: 64.625273] [G loss: 582.075061] [Rec loss: 3.581267] [LR C: 0.000000] [LR G: 0.000000]
++++++++++++++++++++++++++++++++
++++++++++++++++++++++++++++++++
[Epoch 60/100] [Avg D loss: -22.515064] [Avg G loss: 563.943841] [Avg Rec loss: 3.107996]
[Epoch 60/100] [D Val loss: 56.648247] [G loss: 582.404985] [Rec loss: 3.532267] [LR C: 0.000000] [LR G: 0.000000]
++++++++++++++++++++++++++++++++
++++++++++++++++++++++++++++++++
[Epoch 61/100] [Avg D loss: -22.522115] [Avg G loss: 569.489373] [Avg Rec loss: 3.137974]
[Epoch 61/100] [D Val loss: 64.162130] [G loss: 617.958722] [Rec loss: 3.769876] [LR C: 0.000000] [LR G: 0.000000]
++++++++++++++++++++++++++++++++
++++++++++++++++++++++++++++++++
[Epoch 62/100] [Avg D loss: -22.535592] [Avg G loss: 583.463834] [Avg Rec loss: 3.216158]
[Epoch 62/100] [D Val loss: 55.543379] [G loss: 586.804415] [Rec loss: 3.548459] [LR C: 0.000000] [LR G: 0.000000]
++++++++++++++++++++++++++++++++
++++++++++++++++++++++++++++++++
[Epoch 63/100] [Avg D loss: -22.553354] [Avg G loss: 554.714380] [Avg Rec loss: 3.055585]
[Epoch 63/100] [D Val loss: 73.336494] [G loss: 616.501184] [Rec loss: 3.816882] [LR C: 0.000000] [LR G: 0.000000]
++++++++++++++++++++++++++++++++
++++++++++++++++++++++++++++++++
[Epoch 64/100] [Avg D loss: -22.569852] [Avg G loss: 573.601964] [Avg Rec loss: 3.161531]
[Epoch 64/100] [D Val loss: 60.287416] [G loss: 587.265111] [Rec loss: 3.582003] [LR C: 0.000000] [LR G: 0.000000]
++++++++++++++++++++++++++++++++
++++++++++++++++++++++++++++++++
[Epoch 65/100] [Avg D loss: -22.586722] [Avg G loss: 563.927106] [Avg Rec loss: 3.107862]
[Epoch 65/100] [D Val loss: 58.727781] [G loss: 579.981716] [Rec loss: 3.532982] [LR C: 0.000000] [LR G: 0.000000]
++++++++++++++++++++++++++++++++
++++++++++++++++++++++++++++++++
[Epoch 66/100] [Avg D loss: -22.622375] [Avg G loss: 569.468699] [Avg Rec loss: 3.137867]
[Epoch 66/100] [D Val loss: 63.337258] [G loss: 619.102341] [Rec loss: 3.770947] [LR C: 0.000000] [LR G: 0.000000]
++++++++++++++++++++++++++++++++
++++++++++++++++++++++++++++++++
[Epoch 67/100] [Avg D loss: -22.635336] [Avg G loss: 583.428368] [Avg Rec loss: 3.216008]
[Epoch 67/100] [D Val loss: 60.758967] [G loss: 581.119665] [Rec loss: 3.549650] [LR C: 0.000000] [LR G: 0.000000]
++++++++++++++++++++++++++++++++
++++++++++++++++++++++++++++++++
[Epoch 68/100] [Avg D loss: -22.636614] [Avg G loss: 554.725175] [Avg Rec loss: 3.055415]
[Epoch 68/100] [D Val loss: 69.711708] [G loss: 620.704505] [Rec loss: 3.817897] [LR C: 0.000000] [LR G: 0.000000]
++++++++++++++++++++++++++++++++
++++++++++++++++++++++++++++++++
[Epoch 69/100] [Avg D loss: -22.659953] [Avg G loss: 573.626822] [Avg Rec loss: 3.161371]
[Epoch 69/100] [D Val loss: 54.633638] [G loss: 594.258020] [Rec loss: 3.583299] [LR C: 0.000000] [LR G: 0.000000]
++++++++++++++++++++++++++++++++
++++++++++++++++++++++++++++++++
[Epoch 70/100] [Avg D loss: -22.683354] [Avg G loss: 563.899673] [Avg Rec loss: 3.107741]
[Epoch 70/100] [D Val loss: 58.447223] [G loss: 580.520620] [Rec loss: 3.533394] [LR C: 0.000000] [LR G: 0.000000]
++++++++++++++++++++++++++++++++
++++++++++++++++++++++++++++++++
[Epoch 71/100] [Avg D loss: -22.701326] [Avg G loss: 569.507278] [Avg Rec loss: 3.137764]
[Epoch 71/100] [D Val loss: 70.100659] [G loss: 611.713063] [Rec loss: 3.772930] [LR C: 0.000000] [LR G: 0.000000]
++++++++++++++++++++++++++++++++
++++++++++++++++++++++++++++++++
[Epoch 72/100] [Avg D loss: -22.699624] [Avg G loss: 583.460671] [Avg Rec loss: 3.215857]
[Epoch 72/100] [D Val loss: 58.805097] [G loss: 583.329812] [Rec loss: 3.549843] [LR C: 0.000000] [LR G: 0.000000]
++++++++++++++++++++++++++++++++
++++++++++++++++++++++++++++++++
[Epoch 73/100] [Avg D loss: -22.751138] [Avg G loss: 554.722656] [Avg Rec loss: 3.055244]
[Epoch 73/100] [D Val loss: 72.254217] [G loss: 617.833997] [Rec loss: 3.818364] [LR C: 0.000000] [LR G: 0.000000]
++++++++++++++++++++++++++++++++
++++++++++++++++++++++++++++++++
[Epoch 74/100] [Avg D loss: -22.734320] [Avg G loss: 573.616971] [Avg Rec loss: 3.161219]
[Epoch 74/100] [D Val loss: 57.642575] [G loss: 590.810640] [Rec loss: 3.583446] [LR C: 0.000000] [LR G: 0.000000]
++++++++++++++++++++++++++++++++
++++++++++++++++++++++++++++++++
[Epoch 75/100] [Avg D loss: -22.800749] [Avg G loss: 563.944003] [Avg Rec loss: 3.107612]
[Epoch 75/100] [D Val loss: 54.012652] [G loss: 585.963824] [Rec loss: 3.533648] [LR C: 0.000000] [LR G: 0.000000]
++++++++++++++++++++++++++++++++
++++++++++++++++++++++++++++++++
[Epoch 76/100] [Avg D loss: -22.769399] [Avg G loss: 569.515725] [Avg Rec loss: 3.137658]
[Epoch 76/100] [D Val loss: 67.990670] [G loss: 614.273008] [Rec loss: 3.772151] [LR C: 0.000000] [LR G: 0.000000]
++++++++++++++++++++++++++++++++
++++++++++++++++++++++++++++++++
[Epoch 77/100] [Avg D loss: -22.761018] [Avg G loss: 583.439209] [Avg Rec loss: 3.215698]
[Epoch 77/100] [D Val loss: 58.749558] [G loss: 583.349848] [Rec loss: 3.550024] [LR C: 0.000000] [LR G: 0.000000]
++++++++++++++++++++++++++++++++
++++++++++++++++++++++++++++++++
[Epoch 78/100] [Avg D loss: -22.811614] [Avg G loss: 554.716929] [Avg Rec loss: 3.055070]
[Epoch 78/100] [D Val loss: 69.558067] [G loss: 620.986976] [Rec loss: 3.818450] [LR C: 0.000000] [LR G: 0.000000]
++++++++++++++++++++++++++++++++
++++++++++++++++++++++++++++++++
[Epoch 79/100] [Avg D loss: -22.808869] [Avg G loss: 573.600935] [Avg Rec loss: 3.161071]
[Epoch 79/100] [D Val loss: 54.389886] [G loss: 594.556279] [Rec loss: 3.583825] [LR C: 0.000000] [LR G: 0.000000]
++++++++++++++++++++++++++++++++
++++++++++++++++++++++++++++++++
[Epoch 80/100] [Avg D loss: -22.839986] [Avg G loss: 563.923571] [Avg Rec loss: 3.107491]
[Epoch 80/100] [D Val loss: 58.845896] [G loss: 580.054626] [Rec loss: 3.533689] [LR C: 0.000000] [LR G: 0.000000]
++++++++++++++++++++++++++++++++
++++++++++++++++++++++++++++++++
[Epoch 81/100] [Avg D loss: -22.881197] [Avg G loss: 569.502504] [Avg Rec loss: 3.137563]
[Epoch 81/100] [D Val loss: 72.412334] [G loss: 609.266258] [Rec loss: 3.772511] [LR C: 0.000000] [LR G: 0.000000]
++++++++++++++++++++++++++++++++
++++++++++++++++++++++++++++++++
[Epoch 82/100] [Avg D loss: -22.890373] [Avg G loss: 583.467291] [Avg Rec loss: 3.215531]
[Epoch 82/100] [D Val loss: 57.623387] [G loss: 584.982523] [Rec loss: 3.550305] [LR C: 0.000000] [LR G: 0.000000]
++++++++++++++++++++++++++++++++
++++++++++++++++++++++++++++++++
[Epoch 83/100] [Avg D loss: -22.876598] [Avg G loss: 554.717235] [Avg Rec loss: 3.054905]
[Epoch 83/100] [D Val loss: 82.279171] [G loss: 607.045059] [Rec loss: 3.818699] [LR C: 0.000000] [LR G: 0.000000]
++++++++++++++++++++++++++++++++
++++++++++++++++++++++++++++++++
[Epoch 84/100] [Avg D loss: -22.926319] [Avg G loss: 573.598866] [Avg Rec loss: 3.160917]
[Epoch 84/100] [D Val loss: 59.196382] [G loss: 589.264624] [Rec loss: 3.583642] [LR C: 0.000000] [LR G: 0.000000]
++++++++++++++++++++++++++++++++
++++++++++++++++++++++++++++++++
[Epoch 85/100] [Avg D loss: -22.948332] [Avg G loss: 563.938631] [Avg Rec loss: 3.107363]
[Epoch 85/100] [D Val loss: 55.135004] [G loss: 584.605722] [Rec loss: 3.533921] [LR C: 0.000000] [LR G: 0.000000]
++++++++++++++++++++++++++++++++
++++++++++++++++++++++++++++++++
[Epoch 86/100] [Avg D loss: -22.922468] [Avg G loss: 569.519755] [Avg Rec loss: 3.137467]
[Epoch 86/100] [D Val loss: 63.479502] [G loss: 619.513583] [Rec loss: 3.773275] [LR C: 0.000000] [LR G: 0.000000]
++++++++++++++++++++++++++++++++
++++++++++++++++++++++++++++++++
[Epoch 87/100] [Avg D loss: -22.960767] [Avg G loss: 583.460600] [Avg Rec loss: 3.215370]
[Epoch 87/100] [D Val loss: 61.226431] [G loss: 580.954054] [Rec loss: 3.550614] [LR C: 0.000000] [LR G: 0.000000]
++++++++++++++++++++++++++++++++
++++++++++++++++++++++++++++++++
[Epoch 88/100] [Avg D loss: -22.968290] [Avg G loss: 554.736000] [Avg Rec loss: 3.054738]
[Epoch 88/100] [D Val loss: 64.300398] [G loss: 627.381646] [Rec loss: 3.819301] [LR C: 0.000000] [LR G: 0.000000]
++++++++++++++++++++++++++++++++
++++++++++++++++++++++++++++++++
[Epoch 89/100] [Avg D loss: -23.012745] [Avg G loss: 573.601714] [Avg Rec loss: 3.160766]
[Epoch 89/100] [D Val loss: 60.685553] [G loss: 587.614344] [Rec loss: 3.584410] [LR C: 0.000000] [LR G: 0.000000]
++++++++++++++++++++++++++++++++
++++++++++++++++++++++++++++++++
[Epoch 90/100] [Avg D loss: -23.013853] [Avg G loss: 563.927032] [Avg Rec loss: 3.107247]
[Epoch 90/100] [D Val loss: 57.846286] [G loss: 581.548036] [Rec loss: 3.533800] [LR C: 0.000000] [LR G: 0.000000]
++++++++++++++++++++++++++++++++
++++++++++++++++++++++++++++++++
[Epoch 91/100] [Avg D loss: -23.001100] [Avg G loss: 569.528177] [Avg Rec loss: 3.137371]
[Epoch 91/100] [D Val loss: 70.691266] [G loss: 611.364057] [Rec loss: 3.773779] [LR C: 0.000000] [LR G: 0.000000]
++++++++++++++++++++++++++++++++
++++++++++++++++++++++++++++++++
[Epoch 92/100] [Avg D loss: -23.042363] [Avg G loss: 583.428700] [Avg Rec loss: 3.215218]
[Epoch 92/100] [D Val loss: 54.954016] [G loss: 588.339904] [Rec loss: 3.550632] [LR C: 0.000000] [LR G: 0.000000]
++++++++++++++++++++++++++++++++
++++++++++++++++++++++++++++++++
[Epoch 93/100] [Avg D loss: -23.052462] [Avg G loss: 554.720842] [Avg Rec loss: 3.054579]
[Epoch 93/100] [D Val loss: 71.629165] [G loss: 618.893206] [Rec loss: 3.819351] [LR C: 0.000000] [LR G: 0.000000]
++++++++++++++++++++++++++++++++
++++++++++++++++++++++++++++++++
[Epoch 94/100] [Avg D loss: -23.076922] [Avg G loss: 573.622595] [Avg Rec loss: 3.160618]
[Epoch 94/100] [D Val loss: 58.269620] [G loss: 590.603266] [Rec loss: 3.584164] [LR C: 0.000000] [LR G: 0.000000]
++++++++++++++++++++++++++++++++
++++++++++++++++++++++++++++++++
[Epoch 95/100] [Avg D loss: -23.056077] [Avg G loss: 563.950469] [Avg Rec loss: 3.107125]
[Epoch 95/100] [D Val loss: 53.940136] [G loss: 585.942482] [Rec loss: 3.533722] [LR C: 0.000000] [LR G: 0.000000]
++++++++++++++++++++++++++++++++
++++++++++++++++++++++++++++++++
[Epoch 96/100] [Avg D loss: -23.104971] [Avg G loss: 569.557079] [Avg Rec loss: 3.137272]
[Epoch 96/100] [D Val loss: 66.264267] [G loss: 616.810238] [Rec loss: 3.774177] [LR C: 0.000000] [LR G: 0.000000]
++++++++++++++++++++++++++++++++
++++++++++++++++++++++++++++++++
[Epoch 97/100] [Avg D loss: -23.131811] [Avg G loss: 583.448342] [Avg Rec loss: 3.215055]
[Epoch 97/100] [D Val loss: 52.936616] [G loss: 590.353145] [Rec loss: 3.550129] [LR C: 0.000000] [LR G: 0.000000]
++++++++++++++++++++++++++++++++
++++++++++++++++++++++++++++++++
[Epoch 98/100] [Avg D loss: -23.120346] [Avg G loss: 554.732782] [Avg Rec loss: 3.054411]
[Epoch 98/100] [D Val loss: 67.355752] [G loss: 623.955321] [Rec loss: 3.819470] [LR C: 0.000000] [LR G: 0.000000]
++++++++++++++++++++++++++++++++
++++++++++++++++++++++++++++++++
[Epoch 99/100] [Avg D loss: -23.175713] [Avg G loss: 573.620430] [Avg Rec loss: 3.160482]
[Epoch 99/100] [D Val loss: 68.328505] [G loss: 579.070991] [Rec loss: 3.584436] [LR C: 0.000000] [LR G: 0.000000]
++++++++++++++++++++++++++++++++
++++++++++++++++++++++++++++++++
[Epoch 100/100] [Avg D loss: -23.155055] [Avg G loss: 563.971350] [Avg Rec loss: 3.107009]
[Epoch 100/100] [D Val loss: 61.899749] [G loss: 577.199615] [Rec loss: 3.533822] [LR C: 0.000000] [LR G: 0.000000]
++++++++++++++++++++++++++++++++
wandb: Waiting for W&B process to finish... (success).
wandb: - 0.000 MB of 0.000 MB uploaded (0.000 MB deduped)
wandb: \ 0.000 MB of 0.000 MB uploaded (0.000 MB deduped)
wandb:                                                                                
wandb: You can sync this run to the cloud by running:
wandb: wandb sync /cpfs01/projects-HDD/cfff-4a8d9af84f66_HDD/public/ShiXiSheng/yzy/yzy_results/ex28_onestepwgan_cri5_180_025_weightmae_aheadtop_0.008/wandb/offline-run-20241116_060250-4bkkb2lbwgan
wandb: Find logs at: ./yzy_results/ex28_onestepwgan_cri5_180_025_weightmae_aheadtop_0.008/wandb/offline-run-20241116_060250-4bkkb2lbwgan/logs
/cpfs01/projects-HDD/cfff-4a8d9af84f66_HDD/yinzunyi/py3.9/lib/python3.9/site-packages/xarray/core/concat.py:527: FutureWarning: unique with argument that is not not a Series, Index, ExtensionArray, or np.ndarray is deprecated and will raise in a future version.
  common_dims = tuple(pd.unique([d for v in vars for d in v.dims]))
/cpfs01/projects-HDD/cfff-4a8d9af84f66_HDD/public/ShiXiSheng/yzy/precipitation_downscaling-bing_issue09_bias_correction/models/network_unet.py:217: UserWarning: nn.init.xavier_uniform is now deprecated in favor of nn.init.xavier_uniform_.
  torch.nn.init.xavier_uniform(self.output.weight)
wandb: Tracking run with wandb version 0.13.2
wandb: W&B syncing is set to `offline` in this directory.  
wandb: Run `wandb online` or set WANDB_MODE=online to enable cloud syncing.
/cpfs01/projects-HDD/cfff-4a8d9af84f66_HDD/public/ShiXiSheng/yzy/precipitation_downscaling-bing_issue09_bias_correction/train_scripts/wgan_train.py:33: UserWarning: To copy construct from a tensor, it is recommended to use sourceTensor.clone().detach() or sourceTensor.clone().detach().requires_grad_(True), rather than torch.tensor(sourceTensor).
  weights = torch.tensor(y_true,requires_grad=False) #
The patch size for prepitation is 16
K 值是多少让我看看： 0.008
self.prcp_indexes: [4, 5, 9]
Going to open the following files: /cpfs01/projects-HDD/cfff-4a8d9af84f66_HDD/public/ShiXiSheng/yzy/downscaling_precipitation/precip_dataset_new/train
Going to open the following files: [PosixPath('/cpfs01/projects-HDD/cfff-4a8d9af84f66_HDD/public/ShiXiSheng/yzy/downscaling_precipitation/precip_dataset_new/train/preproc_ifs_radklim_2016-01.nc'), PosixPath('/cpfs01/projects-HDD/cfff-4a8d9af84f66_HDD/public/ShiXiSheng/yzy/downscaling_precipitation/precip_dataset_new/train/preproc_ifs_radklim_2016-02.nc'), PosixPath('/cpfs01/projects-HDD/cfff-4a8d9af84f66_HDD/public/ShiXiSheng/yzy/downscaling_precipitation/precip_dataset_new/train/preproc_ifs_radklim_2016-03.nc'), PosixPath('/cpfs01/projects-HDD/cfff-4a8d9af84f66_HDD/public/ShiXiSheng/yzy/downscaling_precipitation/precip_dataset_new/train/preproc_ifs_radklim_2016-04.nc'), PosixPath('/cpfs01/projects-HDD/cfff-4a8d9af84f66_HDD/public/ShiXiSheng/yzy/downscaling_precipitation/precip_dataset_new/train/preproc_ifs_radklim_2016-05.nc'), PosixPath('/cpfs01/projects-HDD/cfff-4a8d9af84f66_HDD/public/ShiXiSheng/yzy/downscaling_precipitation/precip_dataset_new/train/preproc_ifs_radklim_2016-06.nc'), PosixPath('/cpfs01/projects-HDD/cfff-4a8d9af84f66_HDD/public/ShiXiSheng/yzy/downscaling_precipitation/precip_dataset_new/train/preproc_ifs_radklim_2016-07.nc'), PosixPath('/cpfs01/projects-HDD/cfff-4a8d9af84f66_HDD/public/ShiXiSheng/yzy/downscaling_precipitation/precip_dataset_new/train/preproc_ifs_radklim_2018-02.nc'), PosixPath('/cpfs01/projects-HDD/cfff-4a8d9af84f66_HDD/public/ShiXiSheng/yzy/downscaling_precipitation/precip_dataset_new/train/preproc_ifs_radklim_2018-03.nc'), PosixPath('/cpfs01/projects-HDD/cfff-4a8d9af84f66_HDD/public/ShiXiSheng/yzy/downscaling_precipitation/precip_dataset_new/train/preproc_ifs_radklim_2018-04.nc'), PosixPath('/cpfs01/projects-HDD/cfff-4a8d9af84f66_HDD/public/ShiXiSheng/yzy/downscaling_precipitation/precip_dataset_new/train/preproc_ifs_radklim_2018-05.nc'), PosixPath('/cpfs01/projects-HDD/cfff-4a8d9af84f66_HDD/public/ShiXiSheng/yzy/downscaling_precipitation/precip_dataset_new/train/preproc_ifs_radklim_2018-06.nc'), PosixPath('/cpfs01/projects-HDD/cfff-4a8d9af84f66_HDD/public/ShiXiSheng/yzy/downscaling_precipitation/precip_dataset_new/train/preproc_ifs_radklim_2018-07.nc'), PosixPath('/cpfs01/projects-HDD/cfff-4a8d9af84f66_HDD/public/ShiXiSheng/yzy/downscaling_precipitation/precip_dataset_new/train/preproc_ifs_radklim_2018-08.nc'), PosixPath('/cpfs01/projects-HDD/cfff-4a8d9af84f66_HDD/public/ShiXiSheng/yzy/downscaling_precipitation/precip_dataset_new/train/preproc_ifs_radklim_2018-09.nc'), PosixPath('/cpfs01/projects-HDD/cfff-4a8d9af84f66_HDD/public/ShiXiSheng/yzy/downscaling_precipitation/precip_dataset_new/train/preproc_ifs_radklim_2018-10.nc'), PosixPath('/cpfs01/projects-HDD/cfff-4a8d9af84f66_HDD/public/ShiXiSheng/yzy/downscaling_precipitation/precip_dataset_new/train/preproc_ifs_radklim_2018-11.nc'), PosixPath('/cpfs01/projects-HDD/cfff-4a8d9af84f66_HDD/public/ShiXiSheng/yzy/downscaling_precipitation/precip_dataset_new/train/preproc_ifs_radklim_2018-12.nc'), PosixPath('/cpfs01/projects-HDD/cfff-4a8d9af84f66_HDD/public/ShiXiSheng/yzy/downscaling_precipitation/precip_dataset_new/train/preproc_ifs_radklim_2019-01.nc'), PosixPath('/cpfs01/projects-HDD/cfff-4a8d9af84f66_HDD/public/ShiXiSheng/yzy/downscaling_precipitation/precip_dataset_new/train/preproc_ifs_radklim_2019-02.nc'), PosixPath('/cpfs01/projects-HDD/cfff-4a8d9af84f66_HDD/public/ShiXiSheng/yzy/downscaling_precipitation/precip_dataset_new/train/preproc_ifs_radklim_2019-03.nc'), PosixPath('/cpfs01/projects-HDD/cfff-4a8d9af84f66_HDD/public/ShiXiSheng/yzy/downscaling_precipitation/precip_dataset_new/train/preproc_ifs_radklim_2019-05.nc'), PosixPath('/cpfs01/projects-HDD/cfff-4a8d9af84f66_HDD/public/ShiXiSheng/yzy/downscaling_precipitation/precip_dataset_new/train/preproc_ifs_radklim_2019-06.nc'), PosixPath('/cpfs01/projects-HDD/cfff-4a8d9af84f66_HDD/public/ShiXiSheng/yzy/downscaling_precipitation/precip_dataset_new/train/preproc_ifs_radklim_2019-07.nc'), PosixPath('/cpfs01/projects-HDD/cfff-4a8d9af84f66_HDD/public/ShiXiSheng/yzy/downscaling_precipitation/precip_dataset_new/train/preproc_ifs_radklim_2019-08.nc'), PosixPath('/cpfs01/projects-HDD/cfff-4a8d9af84f66_HDD/public/ShiXiSheng/yzy/downscaling_precipitation/precip_dataset_new/train/preproc_ifs_radklim_2019-09.nc'), PosixPath('/cpfs01/projects-HDD/cfff-4a8d9af84f66_HDD/public/ShiXiSheng/yzy/downscaling_precipitation/precip_dataset_new/train/preproc_ifs_radklim_2019-10.nc'), PosixPath('/cpfs01/projects-HDD/cfff-4a8d9af84f66_HDD/public/ShiXiSheng/yzy/downscaling_precipitation/precip_dataset_new/train/preproc_ifs_radklim_2019-11.nc'), PosixPath('/cpfs01/projects-HDD/cfff-4a8d9af84f66_HDD/public/ShiXiSheng/yzy/downscaling_precipitation/precip_dataset_new/train/preproc_ifs_radklim_2019-12.nc')]
Going to open the following files: [PosixPath('/cpfs01/projects-HDD/cfff-4a8d9af84f66_HDD/public/ShiXiSheng/yzy/downscaling_precipitation/precip_dataset_new/train/preproc_ifs_radklim_2016-01.nc'), PosixPath('/cpfs01/projects-HDD/cfff-4a8d9af84f66_HDD/public/ShiXiSheng/yzy/downscaling_precipitation/precip_dataset_new/train/preproc_ifs_radklim_2016-02.nc'), PosixPath('/cpfs01/projects-HDD/cfff-4a8d9af84f66_HDD/public/ShiXiSheng/yzy/downscaling_precipitation/precip_dataset_new/train/preproc_ifs_radklim_2016-03.nc'), PosixPath('/cpfs01/projects-HDD/cfff-4a8d9af84f66_HDD/public/ShiXiSheng/yzy/downscaling_precipitation/precip_dataset_new/train/preproc_ifs_radklim_2016-04.nc'), PosixPath('/cpfs01/projects-HDD/cfff-4a8d9af84f66_HDD/public/ShiXiSheng/yzy/downscaling_precipitation/precip_dataset_new/train/preproc_ifs_radklim_2016-05.nc'), PosixPath('/cpfs01/projects-HDD/cfff-4a8d9af84f66_HDD/public/ShiXiSheng/yzy/downscaling_precipitation/precip_dataset_new/train/preproc_ifs_radklim_2016-06.nc'), PosixPath('/cpfs01/projects-HDD/cfff-4a8d9af84f66_HDD/public/ShiXiSheng/yzy/downscaling_precipitation/precip_dataset_new/train/preproc_ifs_radklim_2016-07.nc'), PosixPath('/cpfs01/projects-HDD/cfff-4a8d9af84f66_HDD/public/ShiXiSheng/yzy/downscaling_precipitation/precip_dataset_new/train/preproc_ifs_radklim_2018-02.nc'), PosixPath('/cpfs01/projects-HDD/cfff-4a8d9af84f66_HDD/public/ShiXiSheng/yzy/downscaling_precipitation/precip_dataset_new/train/preproc_ifs_radklim_2018-03.nc'), PosixPath('/cpfs01/projects-HDD/cfff-4a8d9af84f66_HDD/public/ShiXiSheng/yzy/downscaling_precipitation/precip_dataset_new/train/preproc_ifs_radklim_2018-04.nc'), PosixPath('/cpfs01/projects-HDD/cfff-4a8d9af84f66_HDD/public/ShiXiSheng/yzy/downscaling_precipitation/precip_dataset_new/train/preproc_ifs_radklim_2018-05.nc'), PosixPath('/cpfs01/projects-HDD/cfff-4a8d9af84f66_HDD/public/ShiXiSheng/yzy/downscaling_precipitation/precip_dataset_new/train/preproc_ifs_radklim_2018-06.nc'), PosixPath('/cpfs01/projects-HDD/cfff-4a8d9af84f66_HDD/public/ShiXiSheng/yzy/downscaling_precipitation/precip_dataset_new/train/preproc_ifs_radklim_2018-07.nc'), PosixPath('/cpfs01/projects-HDD/cfff-4a8d9af84f66_HDD/public/ShiXiSheng/yzy/downscaling_precipitation/precip_dataset_new/train/preproc_ifs_radklim_2018-08.nc'), PosixPath('/cpfs01/projects-HDD/cfff-4a8d9af84f66_HDD/public/ShiXiSheng/yzy/downscaling_precipitation/precip_dataset_new/train/preproc_ifs_radklim_2018-09.nc'), PosixPath('/cpfs01/projects-HDD/cfff-4a8d9af84f66_HDD/public/ShiXiSheng/yzy/downscaling_precipitation/precip_dataset_new/train/preproc_ifs_radklim_2018-10.nc'), PosixPath('/cpfs01/projects-HDD/cfff-4a8d9af84f66_HDD/public/ShiXiSheng/yzy/downscaling_precipitation/precip_dataset_new/train/preproc_ifs_radklim_2018-11.nc'), PosixPath('/cpfs01/projects-HDD/cfff-4a8d9af84f66_HDD/public/ShiXiSheng/yzy/downscaling_precipitation/precip_dataset_new/train/preproc_ifs_radklim_2018-12.nc'), PosixPath('/cpfs01/projects-HDD/cfff-4a8d9af84f66_HDD/public/ShiXiSheng/yzy/downscaling_precipitation/precip_dataset_new/train/preproc_ifs_radklim_2019-01.nc'), PosixPath('/cpfs01/projects-HDD/cfff-4a8d9af84f66_HDD/public/ShiXiSheng/yzy/downscaling_precipitation/precip_dataset_new/train/preproc_ifs_radklim_2019-02.nc'), PosixPath('/cpfs01/projects-HDD/cfff-4a8d9af84f66_HDD/public/ShiXiSheng/yzy/downscaling_precipitation/precip_dataset_new/train/preproc_ifs_radklim_2019-03.nc'), PosixPath('/cpfs01/projects-HDD/cfff-4a8d9af84f66_HDD/public/ShiXiSheng/yzy/downscaling_precipitation/precip_dataset_new/train/preproc_ifs_radklim_2019-05.nc'), PosixPath('/cpfs01/projects-HDD/cfff-4a8d9af84f66_HDD/public/ShiXiSheng/yzy/downscaling_precipitation/precip_dataset_new/train/preproc_ifs_radklim_2019-06.nc'), PosixPath('/cpfs01/projects-HDD/cfff-4a8d9af84f66_HDD/public/ShiXiSheng/yzy/downscaling_precipitation/precip_dataset_new/train/preproc_ifs_radklim_2019-07.nc'), PosixPath('/cpfs01/projects-HDD/cfff-4a8d9af84f66_HDD/public/ShiXiSheng/yzy/downscaling_precipitation/precip_dataset_new/train/preproc_ifs_radklim_2019-08.nc'), PosixPath('/cpfs01/projects-HDD/cfff-4a8d9af84f66_HDD/public/ShiXiSheng/yzy/downscaling_precipitation/precip_dataset_new/train/preproc_ifs_radklim_2019-09.nc'), PosixPath('/cpfs01/projects-HDD/cfff-4a8d9af84f66_HDD/public/ShiXiSheng/yzy/downscaling_precipitation/precip_dataset_new/train/preproc_ifs_radklim_2019-10.nc'), PosixPath('/cpfs01/projects-HDD/cfff-4a8d9af84f66_HDD/public/ShiXiSheng/yzy/downscaling_precipitation/precip_dataset_new/train/preproc_ifs_radklim_2019-11.nc'), PosixPath('/cpfs01/projects-HDD/cfff-4a8d9af84f66_HDD/public/ShiXiSheng/yzy/downscaling_precipitation/precip_dataset_new/train/preproc_ifs_radklim_2019-12.nc')]
Loading data from the file: [PosixPath('/cpfs01/projects-HDD/cfff-4a8d9af84f66_HDD/public/ShiXiSheng/yzy/downscaling_precipitation/precip_dataset_new/train/preproc_ifs_radklim_2016-01.nc'), PosixPath('/cpfs01/projects-HDD/cfff-4a8d9af84f66_HDD/public/ShiXiSheng/yzy/downscaling_precipitation/precip_dataset_new/train/preproc_ifs_radklim_2016-02.nc'), PosixPath('/cpfs01/projects-HDD/cfff-4a8d9af84f66_HDD/public/ShiXiSheng/yzy/downscaling_precipitation/precip_dataset_new/train/preproc_ifs_radklim_2016-03.nc'), PosixPath('/cpfs01/projects-HDD/cfff-4a8d9af84f66_HDD/public/ShiXiSheng/yzy/downscaling_precipitation/precip_dataset_new/train/preproc_ifs_radklim_2016-04.nc'), PosixPath('/cpfs01/projects-HDD/cfff-4a8d9af84f66_HDD/public/ShiXiSheng/yzy/downscaling_precipitation/precip_dataset_new/train/preproc_ifs_radklim_2016-05.nc'), PosixPath('/cpfs01/projects-HDD/cfff-4a8d9af84f66_HDD/public/ShiXiSheng/yzy/downscaling_precipitation/precip_dataset_new/train/preproc_ifs_radklim_2016-06.nc'), PosixPath('/cpfs01/projects-HDD/cfff-4a8d9af84f66_HDD/public/ShiXiSheng/yzy/downscaling_precipitation/precip_dataset_new/train/preproc_ifs_radklim_2016-07.nc'), PosixPath('/cpfs01/projects-HDD/cfff-4a8d9af84f66_HDD/public/ShiXiSheng/yzy/downscaling_precipitation/precip_dataset_new/train/preproc_ifs_radklim_2018-02.nc'), PosixPath('/cpfs01/projects-HDD/cfff-4a8d9af84f66_HDD/public/ShiXiSheng/yzy/downscaling_precipitation/precip_dataset_new/train/preproc_ifs_radklim_2018-03.nc'), PosixPath('/cpfs01/projects-HDD/cfff-4a8d9af84f66_HDD/public/ShiXiSheng/yzy/downscaling_precipitation/precip_dataset_new/train/preproc_ifs_radklim_2018-04.nc'), PosixPath('/cpfs01/projects-HDD/cfff-4a8d9af84f66_HDD/public/ShiXiSheng/yzy/downscaling_precipitation/precip_dataset_new/train/preproc_ifs_radklim_2018-05.nc'), PosixPath('/cpfs01/projects-HDD/cfff-4a8d9af84f66_HDD/public/ShiXiSheng/yzy/downscaling_precipitation/precip_dataset_new/train/preproc_ifs_radklim_2018-06.nc'), PosixPath('/cpfs01/projects-HDD/cfff-4a8d9af84f66_HDD/public/ShiXiSheng/yzy/downscaling_precipitation/precip_dataset_new/train/preproc_ifs_radklim_2018-07.nc'), PosixPath('/cpfs01/projects-HDD/cfff-4a8d9af84f66_HDD/public/ShiXiSheng/yzy/downscaling_precipitation/precip_dataset_new/train/preproc_ifs_radklim_2018-08.nc'), PosixPath('/cpfs01/projects-HDD/cfff-4a8d9af84f66_HDD/public/ShiXiSheng/yzy/downscaling_precipitation/precip_dataset_new/train/preproc_ifs_radklim_2018-09.nc'), PosixPath('/cpfs01/projects-HDD/cfff-4a8d9af84f66_HDD/public/ShiXiSheng/yzy/downscaling_precipitation/precip_dataset_new/train/preproc_ifs_radklim_2018-10.nc'), PosixPath('/cpfs01/projects-HDD/cfff-4a8d9af84f66_HDD/public/ShiXiSheng/yzy/downscaling_precipitation/precip_dataset_new/train/preproc_ifs_radklim_2018-11.nc'), PosixPath('/cpfs01/projects-HDD/cfff-4a8d9af84f66_HDD/public/ShiXiSheng/yzy/downscaling_precipitation/precip_dataset_new/train/preproc_ifs_radklim_2018-12.nc'), PosixPath('/cpfs01/projects-HDD/cfff-4a8d9af84f66_HDD/public/ShiXiSheng/yzy/downscaling_precipitation/precip_dataset_new/train/preproc_ifs_radklim_2019-01.nc'), PosixPath('/cpfs01/projects-HDD/cfff-4a8d9af84f66_HDD/public/ShiXiSheng/yzy/downscaling_precipitation/precip_dataset_new/train/preproc_ifs_radklim_2019-02.nc'), PosixPath('/cpfs01/projects-HDD/cfff-4a8d9af84f66_HDD/public/ShiXiSheng/yzy/downscaling_precipitation/precip_dataset_new/train/preproc_ifs_radklim_2019-03.nc'), PosixPath('/cpfs01/projects-HDD/cfff-4a8d9af84f66_HDD/public/ShiXiSheng/yzy/downscaling_precipitation/precip_dataset_new/train/preproc_ifs_radklim_2019-05.nc'), PosixPath('/cpfs01/projects-HDD/cfff-4a8d9af84f66_HDD/public/ShiXiSheng/yzy/downscaling_precipitation/precip_dataset_new/train/preproc_ifs_radklim_2019-06.nc'), PosixPath('/cpfs01/projects-HDD/cfff-4a8d9af84f66_HDD/public/ShiXiSheng/yzy/downscaling_precipitation/precip_dataset_new/train/preproc_ifs_radklim_2019-07.nc'), PosixPath('/cpfs01/projects-HDD/cfff-4a8d9af84f66_HDD/public/ShiXiSheng/yzy/downscaling_precipitation/precip_dataset_new/train/preproc_ifs_radklim_2019-08.nc'), PosixPath('/cpfs01/projects-HDD/cfff-4a8d9af84f66_HDD/public/ShiXiSheng/yzy/downscaling_precipitation/precip_dataset_new/train/preproc_ifs_radklim_2019-09.nc'), PosixPath('/cpfs01/projects-HDD/cfff-4a8d9af84f66_HDD/public/ShiXiSheng/yzy/downscaling_precipitation/precip_dataset_new/train/preproc_ifs_radklim_2019-10.nc'), PosixPath('/cpfs01/projects-HDD/cfff-4a8d9af84f66_HDD/public/ShiXiSheng/yzy/downscaling_precipitation/precip_dataset_new/train/preproc_ifs_radklim_2019-11.nc'), PosixPath('/cpfs01/projects-HDD/cfff-4a8d9af84f66_HDD/public/ShiXiSheng/yzy/downscaling_precipitation/precip_dataset_new/train/preproc_ifs_radklim_2019-12.nc')]
There is done
num_patches_images are 7 5
pre indexes are [4, 5, 9]
no nan idx 25397
There are No. 25397 patches out of 739865 without Nan Values 
Minimum value of tp in vars_in_patches(having log): 0.0
Maximum value of tp in vars_in_patches(having log): 8.18589973449707
Distribution of tp in different rainfall intervals:
-0.1 to 0.1: 25.75%
0.1 to 2: 71.33%
2 to 4: 2.50%
4 to 8: 0.37%
8 to 20: 0.04%
20 to 30: 0.00%
30 to inf: 0.00%
Distribution of tp in vars_out_orig_patches in different rainfall intervals:
-0.1 to 0.1: 60.60%
0.1 to 2: 34.94%
2 to 4: 3.47%
4 to 8: 0.89%
8 to 20: 0.11%
20 to 30: 0.00%
30 to inf: 0.00%
self.times_patches_list: tensor([[2016,    1,    2,    6],
        [2016,    1,    2,    7],
        [2016,    1,    2,    8],
        ...,
        [2019,   12,   30,    4],
        [2019,   12,   30,    4],
        [2019,   12,   30,    4]], device='cpu', dtype=torch.int32)
save stats
i tensor(-4.5178e-13, device='cpu')
save stats
i tensor(-2.1600e-16, device='cpu')
save stats
i tensor(82071.3359, device='cpu')
save stats
i tensor(1.6654, device='cpu')
save stats
i tensor(0., device='cpu')
save stats
i tensor(0., device='cpu')
save stats
i tensor(-1.8591e-09, device='cpu')
save stats
i tensor(-23.0063, device='cpu')
save stats
i tensor(-35.2889, device='cpu')
save stats
i tensor(0., device='cpu')
The statistic has been stored to the json file:  /cpfs01/projects-HDD/cfff-4a8d9af84f66_HDD/public/ShiXiSheng/yzy/downscaling_precipitation/precip_dataset_new/train/statistics.json
The total number of samples after filtering NaN and zeros values: 25397
Shuffling the index ....
idx_perm [11676 15961  6877 ...  7812 18002 16014]
K 值是多少让我看看： 0.008
self.prcp_indexes: [4, 5, 9]
Going to open the following files: /cpfs01/projects-HDD/cfff-4a8d9af84f66_HDD/public/ShiXiSheng/yzy/downscaling_precipitation/precip_dataset_new/val
Going to open the following files: [PosixPath('/cpfs01/projects-HDD/cfff-4a8d9af84f66_HDD/public/ShiXiSheng/yzy/downscaling_precipitation/precip_dataset_new/val/2017-01/preproc_ifs_radklim_2017-01.nc')]
Going to open the following files: [PosixPath('/cpfs01/projects-HDD/cfff-4a8d9af84f66_HDD/public/ShiXiSheng/yzy/downscaling_precipitation/precip_dataset_new/val/2017-01/preproc_ifs_radklim_2017-01.nc')]
Loading data from the file: [PosixPath('/cpfs01/projects-HDD/cfff-4a8d9af84f66_HDD/public/ShiXiSheng/yzy/downscaling_precipitation/precip_dataset_new/val/2017-01/preproc_ifs_radklim_2017-01.nc')]
There is done
num_patches_images are 7 5
pre indexes are [4, 5, 9]
no nan idx 1421
There are No. 1421 patches out of 26005 without Nan Values 
Minimum value of tp in vars_in_patches(having log): 0.0
Maximum value of tp in vars_in_patches(having log): 6.580108642578125
Distribution of tp in different rainfall intervals:
-0.1 to 0.1: 27.75%
0.1 to 2: 71.33%
2 to 4: 0.89%
4 to 8: 0.03%
8 to 20: 0.00%
20 to 30: 0.00%
30 to inf: 0.00%
Distribution of tp in vars_out_orig_patches in different rainfall intervals:
-0.1 to 0.1: 62.89%
0.1 to 2: 35.08%
2 to 4: 1.83%
4 to 8: 0.19%
8 to 20: 0.00%
20 to 30: 0.00%
30 to inf: 0.00%
self.times_patches_list: tensor([[2017,    1,    1,   17],
        [2017,    1,    1,   17],
        [2017,    1,    1,   18],
        ...,
        [2017,    2,    1,    0],
        [2017,    2,    1,    1],
        [2017,    2,    1,    2]], device='cpu', dtype=torch.int32)
Loading the stats file: /cpfs01/projects-HDD/cfff-4a8d9af84f66_HDD/public/ShiXiSheng/yzy/downscaling_precipitation/precip_dataset_new/train/statistics.json
The total number of samples after filtering NaN and zeros values: 1421
The model wgan is selected for training
i 0
i 1
i 2
i 3
i 4
i 5
i 6
i 0
i 0
i 0
Total trainalbe parameters of the generator: 3706049
Total trainalbe parameters of the critic: 1584641
 size of dataset 25397 batch size 24
 iterations 1058.2083333333333
++++++++++++++++++++++++++++++++
[Epoch 1/100] [Avg D loss: 6.798333] [Avg G loss: 1536.663838] [Avg Rec loss: 8.398627]
[Epoch 1/100] [D Val loss: 2.075731] [G loss: 881.478586] [Rec loss: 4.816695] [LR C: 0.000001] [LR G: 0.000010]
++++++++++++++++++++++++++++++++
++++++++++++++++++++++++++++++++
[Epoch 2/100] [Avg D loss: 0.614816] [Avg G loss: 1119.047578] [Avg Rec loss: 6.116764]
[Epoch 2/100] [D Val loss: 2.333357] [G loss: 722.443474] [Rec loss: 3.946251] [LR C: 0.000001] [LR G: 0.000010]
++++++++++++++++++++++++++++++++
++++++++++++++++++++++++++++++++
[Epoch 3/100] [Avg D loss: -0.141886] [Avg G loss: 880.659540] [Avg Rec loss: 4.813778]
[Epoch 3/100] [D Val loss: 1.055618] [G loss: 669.253139] [Rec loss: 3.657949] [LR C: 0.000001] [LR G: 0.000010]
++++++++++++++++++++++++++++++++
++++++++++++++++++++++++++++++++
[Epoch 4/100] [Avg D loss: -0.728481] [Avg G loss: 813.289774] [Avg Rec loss: 4.445296]
[Epoch 4/100] [D Val loss: 2.045814] [G loss: 646.767584] [Rec loss: 3.540156] [LR C: 0.000001] [LR G: 0.000010]
++++++++++++++++++++++++++++++++
++++++++++++++++++++++++++++++++
[Epoch 5/100] [Avg D loss: -1.394636] [Avg G loss: 745.274817] [Avg Rec loss: 4.073714]
[Epoch 5/100] [D Val loss: 2.943787] [G loss: 595.793217] [Rec loss: 3.265911] [LR C: 0.000001] [LR G: 0.000010]
++++++++++++++++++++++++++++++++
++++++++++++++++++++++++++++++++
[Epoch 6/100] [Avg D loss: -2.199946] [Avg G loss: 710.641583] [Avg Rec loss: 3.884733]
[Epoch 6/100] [D Val loss: 5.224442] [G loss: 665.328530] [Rec loss: 3.657825] [LR C: 0.000001] [LR G: 0.000010]
++++++++++++++++++++++++++++++++
++++++++++++++++++++++++++++++++
[Epoch 7/100] [Avg D loss: -3.074232] [Avg G loss: 708.314278] [Avg Rec loss: 3.872022]
[Epoch 7/100] [D Val loss: 6.377406] [G loss: 651.798272] [Rec loss: 3.588478] [LR C: 0.000001] [LR G: 0.000010]
++++++++++++++++++++++++++++++++
++++++++++++++++++++++++++++++++
[Epoch 8/100] [Avg D loss: -3.884135] [Avg G loss: 661.757729] [Avg Rec loss: 3.617427]
[Epoch 8/100] [D Val loss: 8.178334] [G loss: 593.238034] [Rec loss: 3.279459] [LR C: 0.000001] [LR G: 0.000010]
++++++++++++++++++++++++++++++++
++++++++++++++++++++++++++++++++
[Epoch 9/100] [Avg D loss: -4.853432] [Avg G loss: 670.982146] [Avg Rec loss: 3.667191]
[Epoch 9/100] [D Val loss: 7.070156] [G loss: 557.870841] [Rec loss: 3.077555] [LR C: 0.000001] [LR G: 0.000010]
++++++++++++++++++++++++++++++++
++++++++++++++++++++++++++++++++
[Epoch 10/100] [Avg D loss: -5.807169] [Avg G loss: 648.427083] [Avg Rec loss: 3.543235]
[Epoch 10/100] [D Val loss: 7.478095] [G loss: 539.100616] [Rec loss: 2.977057] [LR C: 0.000001] [LR G: 0.000010]
++++++++++++++++++++++++++++++++
++++++++++++++++++++++++++++++++
[Epoch 11/100] [Avg D loss: -6.899485] [Avg G loss: 639.535796] [Avg Rec loss: 3.493458]
[Epoch 11/100] [D Val loss: 12.813391] [G loss: 595.200467] [Rec loss: 3.312586] [LR C: 0.000001] [LR G: 0.000010]
++++++++++++++++++++++++++++++++
++++++++++++++++++++++++++++++++
[Epoch 12/100] [Avg D loss: -8.074996] [Avg G loss: 649.127997] [Avg Rec loss: 3.544975]
[Epoch 12/100] [D Val loss: 11.892761] [G loss: 566.761523] [Rec loss: 3.152764] [LR C: 0.000001] [LR G: 0.000010]
++++++++++++++++++++++++++++++++
++++++++++++++++++++++++++++++++
[Epoch 13/100] [Avg D loss: -9.303765] [Avg G loss: 611.193805] [Avg Rec loss: 3.335972]
[Epoch 13/100] [D Val loss: 18.407961] [G loss: 623.686846] [Rec loss: 3.498398] [LR C: 0.000001] [LR G: 0.000010]
++++++++++++++++++++++++++++++++
++++++++++++++++++++++++++++++++
[Epoch 14/100] [Avg D loss: -10.603202] [Avg G loss: 628.701427] [Avg Rec loss: 3.430480]
[Epoch 14/100] [D Val loss: 14.254144] [G loss: 536.705648] [Rec loss: 3.003324] [LR C: 0.000001] [LR G: 0.000010]
++++++++++++++++++++++++++++++++
++++++++++++++++++++++++++++++++
[Epoch 15/100] [Avg D loss: -11.930766] [Avg G loss: 617.531295] [Avg Rec loss: 3.367909]
[Epoch 15/100] [D Val loss: 15.618752] [G loss: 518.836471] [Rec loss: 2.913217] [LR C: 0.000001] [LR G: 0.000010]
++++++++++++++++++++++++++++++++
++++++++++++++++++++++++++++++++
[Epoch 16/100] [Avg D loss: -13.326678] [Avg G loss: 611.219519] [Avg Rec loss: 3.330891]
[Epoch 16/100] [D Val loss: 20.204747] [G loss: 547.343752] [Rec loss: 3.091154] [LR C: 0.000001] [LR G: 0.000010]
++++++++++++++++++++++++++++++++
++++++++++++++++++++++++++++++++
[Epoch 17/100] [Avg D loss: -14.803125] [Avg G loss: 621.373959] [Avg Rec loss: 3.384405]
[Epoch 17/100] [D Val loss: 17.682522] [G loss: 524.854589] [Rec loss: 2.951101] [LR C: 0.000001] [LR G: 0.000010]
++++++++++++++++++++++++++++++++
++++++++++++++++++++++++++++++++
[Epoch 18/100] [Avg D loss: -16.286340] [Avg G loss: 586.285014] [Avg Rec loss: 3.189440]
[Epoch 18/100] [D Val loss: 31.244828] [G loss: 573.264747] [Rec loss: 3.290299] [LR C: 0.000001] [LR G: 0.000010]
++++++++++++++++++++++++++++++++
++++++++++++++++++++++++++++++++
[Epoch 19/100] [Avg D loss: -17.833929] [Avg G loss: 606.005727] [Avg Rec loss: 3.295127]
[Epoch 19/100] [D Val loss: 27.504228] [G loss: 538.805926] [Rec loss: 3.081106] [LR C: 0.000001] [LR G: 0.000010]
++++++++++++++++++++++++++++++++
++++++++++++++++++++++++++++++++
[Epoch 20/100] [Avg D loss: -19.414320] [Avg G loss: 596.483238] [Avg Rec loss: 3.240615]
[Epoch 20/100] [D Val loss: 23.705737] [G loss: 504.229967] [Rec loss: 2.868605] [LR C: 0.000001] [LR G: 0.000010]
++++++++++++++++++++++++++++++++
++++++++++++++++++++++++++++++++
[Epoch 21/100] [Avg D loss: -21.020676] [Avg G loss: 592.768343] [Avg Rec loss: 3.216583]
[Epoch 21/100] [D Val loss: 26.599634] [G loss: 511.268577] [Rec loss: 2.920758] [LR C: 0.000001] [LR G: 0.000010]
++++++++++++++++++++++++++++++++
++++++++++++++++++++++++++++++++
[Epoch 22/100] [Avg D loss: -22.743351] [Avg G loss: 606.136607] [Avg Rec loss: 3.287629]
[Epoch 22/100] [D Val loss: 25.663263] [G loss: 492.390748] [Rec loss: 2.814130] [LR C: 0.000001] [LR G: 0.000010]
++++++++++++++++++++++++++++++++
++++++++++++++++++++++++++++++++
[Epoch 23/100] [Avg D loss: -24.311655] [Avg G loss: 573.116423] [Avg Rec loss: 3.103582]
[Epoch 23/100] [D Val loss: 39.728441] [G loss: 511.663885] [Rec loss: 2.992846] [LR C: 0.000001] [LR G: 0.000010]
++++++++++++++++++++++++++++++++
++++++++++++++++++++++++++++++++
[Epoch 24/100] [Avg D loss: -26.011401] [Avg G loss: 592.653432] [Avg Rec loss: 3.207865]
[Epoch 24/100] [D Val loss: 28.948856] [G loss: 476.528855] [Rec loss: 2.741480] [LR C: 0.000001] [LR G: 0.000010]
++++++++++++++++++++++++++++++++
++++++++++++++++++++++++++++++++
[Epoch 25/100] [Avg D loss: -27.742011] [Avg G loss: 584.385044] [Avg Rec loss: 3.159554]
[Epoch 25/100] [D Val loss: 30.555372] [G loss: 466.473835] [Rec loss: 2.693721] [LR C: 0.000001] [LR G: 0.000010]
++++++++++++++++++++++++++++++++
++++++++++++++++++++++++++++++++
[Epoch 26/100] [Avg D loss: -29.453865] [Avg G loss: 582.401631] [Avg Rec loss: 3.145464]
[Epoch 26/100] [D Val loss: 37.794491] [G loss: 482.730251] [Rec loss: 2.814348] [LR C: 0.000001] [LR G: 0.000010]
++++++++++++++++++++++++++++++++
++++++++++++++++++++++++++++++++
[Epoch 27/100] [Avg D loss: -31.352056] [Avg G loss: 594.205755] [Avg Rec loss: 3.206829]
[Epoch 27/100] [D Val loss: 36.441597] [G loss: 487.215277] [Rec loss: 2.828012] [LR C: 0.000001] [LR G: 0.000010]
++++++++++++++++++++++++++++++++
++++++++++++++++++++++++++++++++
[Epoch 28/100] [Avg D loss: -32.983453] [Avg G loss: 565.571588] [Avg Rec loss: 3.046587]
[Epoch 28/100] [D Val loss: 73.122692] [G loss: 499.196214] [Rec loss: 3.100859] [LR C: 0.000001] [LR G: 0.000010]
++++++++++++++++++++++++++++++++
++++++++++++++++++++++++++++++++
[Epoch 29/100] [Avg D loss: -34.766902] [Avg G loss: 584.002532] [Avg Rec loss: 3.145239]
[Epoch 29/100] [D Val loss: 47.439542] [G loss: 472.353637] [Rec loss: 2.805012] [LR C: 0.000001] [LR G: 0.000010]
++++++++++++++++++++++++++++++++
++++++++++++++++++++++++++++++++
[Epoch 30/100] [Avg D loss: -36.680383] [Avg G loss: 575.683797] [Avg Rec loss: 3.096149]
[Epoch 30/100] [D Val loss: 41.495488] [G loss: 460.463021] [Rec loss: 2.704229] [LR C: 0.000001] [LR G: 0.000010]
++++++++++++++++++++++++++++++++
++++++++++++++++++++++++++++++++
[Epoch 31/100] [Avg D loss: -38.229633] [Avg G loss: 574.325437] [Avg Rec loss: 3.085345]
[Epoch 31/100] [D Val loss: 76.270379] [G loss: 484.109224] [Rec loss: 3.022563] [LR C: 0.000001] [LR G: 0.000010]
++++++++++++++++++++++++++++++++
++++++++++++++++++++++++++++++++
[Epoch 32/100] [Avg D loss: -40.370582] [Avg G loss: 586.511407] [Avg Rec loss: 3.149458]
[Epoch 32/100] [D Val loss: 51.302235] [G loss: 452.469995] [Rec loss: 2.715127] [LR C: 0.000001] [LR G: 0.000010]
++++++++++++++++++++++++++++++++
++++++++++++++++++++++++++++++++
[Epoch 33/100] [Avg D loss: -41.256068] [Avg G loss: 558.593153] [Avg Rec loss: 2.995242]
[Epoch 33/100] [D Val loss: 86.577257] [G loss: 432.116342] [Rec loss: 2.804529] [LR C: 0.000001] [LR G: 0.000010]
++++++++++++++++++++++++++++++++
++++++++++++++++++++++++++++++++
[Epoch 34/100] [Avg D loss: -42.137723] [Avg G loss: 578.418418] [Avg Rec loss: 3.102938]
[Epoch 34/100] [D Val loss: 52.503090] [G loss: 414.775095] [Rec loss: 2.519324] [LR C: 0.000001] [LR G: 0.000010]
++++++++++++++++++++++++++++++++
++++++++++++++++++++++++++++++++
[Epoch 35/100] [Avg D loss: -11.529725] [Avg G loss: 553.059754] [Avg Rec loss: 3.107465]
[Epoch 35/100] [D Val loss: 18.177341] [G loss: 385.211170] [Rec loss: 2.313466] [LR C: 0.000001] [LR G: 0.000010]
++++++++++++++++++++++++++++++++
++++++++++++++++++++++++++++++++
[Epoch 36/100] [Avg D loss: -8.182052] [Avg G loss: 547.036533] [Avg Rec loss: 3.080431]
[Epoch 36/100] [D Val loss: 25.376168] [G loss: 381.826333] [Rec loss: 2.315178] [LR C: 0.000001] [LR G: 0.000010]
++++++++++++++++++++++++++++++++
++++++++++++++++++++++++++++++++
[Epoch 37/100] [Avg D loss: -11.870106] [Avg G loss: 561.713909] [Avg Rec loss: 3.145069]
[Epoch 37/100] [D Val loss: 19.852406] [G loss: 382.774104] [Rec loss: 2.299873] [LR C: 0.000001] [LR G: 0.000010]
++++++++++++++++++++++++++++++++
++++++++++++++++++++++++++++++++
[Epoch 38/100] [Avg D loss: -13.138244] [Avg G loss: 531.021803] [Avg Rec loss: 2.974447]
[Epoch 38/100] [D Val loss: 16.341813] [G loss: 383.038097] [Rec loss: 2.294711] [LR C: 0.000001] [LR G: 0.000010]
++++++++++++++++++++++++++++++++
++++++++++++++++++++++++++++++++
[Epoch 39/100] [Avg D loss: -16.060950] [Avg G loss: 551.177809] [Avg Rec loss: 3.072977]
[Epoch 39/100] [D Val loss: 20.909183] [G loss: 374.300310] [Rec loss: 2.261723] [LR C: 0.000001] [LR G: 0.000010]
++++++++++++++++++++++++++++++++
++++++++++++++++++++++++++++++++
[Epoch 40/100] [Avg D loss: -18.226144] [Avg G loss: 544.064773] [Avg Rec loss: 3.022471]
[Epoch 40/100] [D Val loss: 18.416804] [G loss: 374.436265] [Rec loss: 2.247682] [LR C: 0.000001] [LR G: 0.000010]
++++++++++++++++++++++++++++++++
++++++++++++++++++++++++++++++++
[Epoch 41/100] [Avg D loss: -19.496892] [Avg G loss: 543.944722] [Avg Rec loss: 3.015559]
[Epoch 41/100] [D Val loss: 28.236878] [G loss: 370.038930] [Rec loss: 2.268738] [LR C: 0.000001] [LR G: 0.000010]
++++++++++++++++++++++++++++++++
++++++++++++++++++++++++++++++++
[Epoch 42/100] [Avg D loss: -23.104483] [Avg G loss: 556.426335] [Avg Rec loss: 3.076478]
[Epoch 42/100] [D Val loss: 24.671183] [G loss: 371.122583] [Rec loss: 2.256468] [LR C: 0.000001] [LR G: 0.000010]
++++++++++++++++++++++++++++++++
++++++++++++++++++++++++++++++++
[Epoch 43/100] [Avg D loss: -22.156270] [Avg G loss: 527.501154] [Avg Rec loss: 2.924861]
[Epoch 43/100] [D Val loss: 21.884937] [G loss: 374.261545] [Rec loss: 2.268807] [LR C: 0.000001] [LR G: 0.000010]
++++++++++++++++++++++++++++++++
++++++++++++++++++++++++++++++++
[Epoch 44/100] [Avg D loss: -23.137448] [Avg G loss: 547.244109] [Avg Rec loss: 3.033808]
[Epoch 44/100] [D Val loss: 22.855685] [G loss: 368.725653] [Rec loss: 2.228254] [LR C: 0.000001] [LR G: 0.000010]
++++++++++++++++++++++++++++++++
++++++++++++++++++++++++++++++++
[Epoch 45/100] [Avg D loss: -22.659909] [Avg G loss: 537.563472] [Avg Rec loss: 2.985743]
[Epoch 45/100] [D Val loss: 15.058000] [G loss: 374.373720] [Rec loss: 2.244984] [LR C: 0.000001] [LR G: 0.000010]
++++++++++++++++++++++++++++++++
++++++++++++++++++++++++++++++++
[Epoch 46/100] [Avg D loss: -21.120391] [Avg G loss: 536.113143] [Avg Rec loss: 2.987732]
[Epoch 46/100] [D Val loss: 17.922148] [G loss: 370.428018] [Rec loss: 2.231857] [LR C: 0.000001] [LR G: 0.000010]
++++++++++++++++++++++++++++++++
++++++++++++++++++++++++++++++++
[Epoch 47/100] [Avg D loss: -24.504572] [Avg G loss: 547.748068] [Avg Rec loss: 3.045193]
[Epoch 47/100] [D Val loss: 14.620962] [G loss: 370.990230] [Rec loss: 2.233955] [LR C: 0.000001] [LR G: 0.000010]
++++++++++++++++++++++++++++++++
++++++++++++++++++++++++++++++++
[Epoch 48/100] [Avg D loss: -21.134859] [Avg G loss: 518.508967] [Avg Rec loss: 2.901825]
[Epoch 48/100] [D Val loss: 8.772187] [G loss: 374.435361] [Rec loss: 2.248373] [LR C: 0.000001] [LR G: 0.000010]
++++++++++++++++++++++++++++++++
++++++++++++++++++++++++++++++++
[Epoch 49/100] [Avg D loss: -22.904849] [Avg G loss: 537.391716] [Avg Rec loss: 3.002839]
[Epoch 49/100] [D Val loss: 9.055721] [G loss: 367.770625] [Rec loss: 2.204330] [LR C: 0.000001] [LR G: 0.000010]
++++++++++++++++++++++++++++++++
++++++++++++++++++++++++++++++++
[Epoch 50/100] [Avg D loss: -22.941646] [Avg G loss: 528.571567] [Avg Rec loss: 2.958679]
[Epoch 50/100] [D Val loss: 4.427591] [G loss: 373.451606] [Rec loss: 2.241755] [LR C: 0.000001] [LR G: 0.000010]
++++++++++++++++++++++++++++++++
++++++++++++++++++++++++++++++++
[Epoch 51/100] [Avg D loss: -22.106628] [Avg G loss: 526.834278] [Avg Rec loss: 2.952279]
[Epoch 51/100] [D Val loss: 8.490446] [G loss: 367.441921] [Rec loss: 2.211094] [LR C: 0.000001] [LR G: 0.000010]
++++++++++++++++++++++++++++++++
++++++++++++++++++++++++++++++++
[Epoch 52/100] [Avg D loss: -24.670007] [Avg G loss: 538.649623] [Avg Rec loss: 3.015776]
[Epoch 52/100] [D Val loss: 9.327209] [G loss: 365.911597] [Rec loss: 2.214664] [LR C: 0.000001] [LR G: 0.000010]
++++++++++++++++++++++++++++++++
++++++++++++++++++++++++++++++++
[Epoch 53/100] [Avg D loss: -21.146955] [Avg G loss: 512.003713] [Avg Rec loss: 2.881841]
[Epoch 53/100] [D Val loss: 7.107013] [G loss: 369.910864] [Rec loss: 2.248879] [LR C: 0.000001] [LR G: 0.000010]
++++++++++++++++++++++++++++++++
++++++++++++++++++++++++++++++++
[Epoch 54/100] [Avg D loss: -24.362845] [Avg G loss: 530.865326] [Avg Rec loss: 2.978290]
[Epoch 54/100] [D Val loss: 8.512428] [G loss: 362.794727] [Rec loss: 2.194604] [LR C: 0.000001] [LR G: 0.000010]
++++++++++++++++++++++++++++++++
++++++++++++++++++++++++++++++++
[Epoch 55/100] [Avg D loss: -24.336088] [Avg G loss: 522.949432] [Avg Rec loss: 2.939202]
[Epoch 55/100] [D Val loss: 4.164787] [G loss: 368.158406] [Rec loss: 2.224780] [LR C: 0.000001] [LR G: 0.000010]
++++++++++++++++++++++++++++++++
++++++++++++++++++++++++++++++++
[Epoch 56/100] [Avg D loss: -22.012592] [Avg G loss: 520.318216] [Avg Rec loss: 2.931332]
[Epoch 56/100] [D Val loss: 6.295901] [G loss: 365.849496] [Rec loss: 2.203728] [LR C: 0.000001] [LR G: 0.000010]
++++++++++++++++++++++++++++++++
++++++++++++++++++++++++++++++++
[Epoch 57/100] [Avg D loss: -24.311074] [Avg G loss: 534.253768] [Avg Rec loss: 3.002701]
[Epoch 57/100] [D Val loss: 14.604814] [G loss: 360.657084] [Rec loss: 2.212963] [LR C: 0.000001] [LR G: 0.000010]
++++++++++++++++++++++++++++++++
++++++++++++++++++++++++++++++++
[Epoch 58/100] [Avg D loss: -23.521696] [Avg G loss: 506.757404] [Avg Rec loss: 2.856606]
[Epoch 58/100] [D Val loss: 5.546518] [G loss: 368.015062] [Rec loss: 2.243984] [LR C: 0.000001] [LR G: 0.000010]
++++++++++++++++++++++++++++++++
++++++++++++++++++++++++++++++++
[Epoch 59/100] [Avg D loss: -25.324148] [Avg G loss: 523.622891] [Avg Rec loss: 2.950625]
[Epoch 59/100] [D Val loss: 6.371327] [G loss: 360.109345] [Rec loss: 2.190452] [LR C: 0.000001] [LR G: 0.000010]
++++++++++++++++++++++++++++++++
++++++++++++++++++++++++++++++++
[Epoch 60/100] [Avg D loss: -25.075977] [Avg G loss: 517.527402] [Avg Rec loss: 2.920925]
[Epoch 60/100] [D Val loss: 2.352482] [G loss: 365.897490] [Rec loss: 2.221066] [LR C: 0.000001] [LR G: 0.000010]
++++++++++++++++++++++++++++++++
++++++++++++++++++++++++++++++++
[Epoch 61/100] [Avg D loss: -24.049179] [Avg G loss: 515.838937] [Avg Rec loss: 2.913185]
[Epoch 61/100] [D Val loss: 4.277433] [G loss: 364.483199] [Rec loss: 2.196053] [LR C: 0.000001] [LR G: 0.000010]
++++++++++++++++++++++++++++++++
++++++++++++++++++++++++++++++++
[Epoch 62/100] [Avg D loss: -28.248126] [Avg G loss: 528.792561] [Avg Rec loss: 2.976986]
[Epoch 62/100] [D Val loss: 4.871982] [G loss: 360.816587] [Rec loss: 2.197566] [LR C: 0.000001] [LR G: 0.000010]
++++++++++++++++++++++++++++++++
++++++++++++++++++++++++++++++++
[Epoch 63/100] [Avg D loss: -26.254028] [Avg G loss: 502.248159] [Avg Rec loss: 2.838716]
[Epoch 63/100] [D Val loss: 4.653359] [G loss: 368.795702] [Rec loss: 2.254750] [LR C: 0.000001] [LR G: 0.000010]
++++++++++++++++++++++++++++++++
++++++++++++++++++++++++++++++++
[Epoch 64/100] [Avg D loss: -28.282201] [Avg G loss: 519.863592] [Avg Rec loss: 2.931439]
[Epoch 64/100] [D Val loss: 4.163792] [G loss: 359.980553] [Rec loss: 2.181963] [LR C: 0.000001] [LR G: 0.000010]
++++++++++++++++++++++++++++++++
++++++++++++++++++++++++++++++++
[Epoch 65/100] [Avg D loss: -26.013023] [Avg G loss: 514.217917] [Avg Rec loss: 2.906317]
[Epoch 65/100] [D Val loss: 3.828738] [G loss: 366.650818] [Rec loss: 2.224546] [LR C: 0.000001] [LR G: 0.000010]
++++++++++++++++++++++++++++++++
++++++++++++++++++++++++++++++++
[Epoch 66/100] [Avg D loss: -25.448323] [Avg G loss: 512.903487] [Avg Rec loss: 2.896431]
[Epoch 66/100] [D Val loss: 4.159325] [G loss: 366.044296] [Rec loss: 2.197231] [LR C: 0.000001] [LR G: 0.000010]
++++++++++++++++++++++++++++++++
++++++++++++++++++++++++++++++++
[Epoch 67/100] [Avg D loss: -31.174328] [Avg G loss: 526.597956] [Avg Rec loss: 2.961449]
[Epoch 67/100] [D Val loss: 5.199767] [G loss: 362.485482] [Rec loss: 2.198116] [LR C: 0.000001] [LR G: 0.000010]
++++++++++++++++++++++++++++++++
++++++++++++++++++++++++++++++++
[Epoch 68/100] [Avg D loss: -28.256034] [Avg G loss: 499.133120] [Avg Rec loss: 2.822103]
[Epoch 68/100] [D Val loss: 4.573894] [G loss: 370.293845] [Rec loss: 2.254910] [LR C: 0.000001] [LR G: 0.000010]
++++++++++++++++++++++++++++++++
++++++++++++++++++++++++++++++++
[Epoch 69/100] [Avg D loss: -30.044908] [Avg G loss: 516.184069] [Avg Rec loss: 2.914549]
[Epoch 69/100] [D Val loss: 4.153535] [G loss: 360.722623] [Rec loss: 2.189655] [LR C: 0.000001] [LR G: 0.000010]
++++++++++++++++++++++++++++++++
++++++++++++++++++++++++++++++++
[Epoch 70/100] [Avg D loss: -30.160269] [Avg G loss: 511.080705] [Avg Rec loss: 2.888638]
[Epoch 70/100] [D Val loss: 0.937834] [G loss: 366.065709] [Rec loss: 2.226791] [LR C: 0.000001] [LR G: 0.000010]
++++++++++++++++++++++++++++++++
++++++++++++++++++++++++++++++++
[Epoch 71/100] [Avg D loss: -28.137986] [Avg G loss: 509.386807] [Avg Rec loss: 2.881432]
[Epoch 71/100] [D Val loss: 2.430465] [G loss: 364.562094] [Rec loss: 2.199898] [LR C: 0.000001] [LR G: 0.000010]
++++++++++++++++++++++++++++++++
++++++++++++++++++++++++++++++++
[Epoch 72/100] [Avg D loss: -32.520055] [Avg G loss: 522.890035] [Avg Rec loss: 2.947801]
[Epoch 72/100] [D Val loss: 5.793915] [G loss: 361.295738] [Rec loss: 2.208043] [LR C: 0.000001] [LR G: 0.000010]
++++++++++++++++++++++++++++++++
++++++++++++++++++++++++++++++++
[Epoch 73/100] [Avg D loss: -27.654620] [Avg G loss: 496.042379] [Avg Rec loss: 2.814217]
[Epoch 73/100] [D Val loss: 8.382089] [G loss: 368.460088] [Rec loss: 2.265687] [LR C: 0.000001] [LR G: 0.000010]
++++++++++++++++++++++++++++++++
++++++++++++++++++++++++++++++++
[Epoch 74/100] [Avg D loss: -29.499963] [Avg G loss: 514.580754] [Avg Rec loss: 2.909883]
[Epoch 74/100] [D Val loss: 7.941548] [G loss: 360.725584] [Rec loss: 2.213350] [LR C: 0.000001] [LR G: 0.000010]
++++++++++++++++++++++++++++++++
++++++++++++++++++++++++++++++++
[Epoch 75/100] [Avg D loss: -30.255670] [Avg G loss: 509.626939] [Avg Rec loss: 2.884317]
[Epoch 75/100] [D Val loss: 3.301646] [G loss: 365.588081] [Rec loss: 2.238918] [LR C: 0.000001] [LR G: 0.000010]
++++++++++++++++++++++++++++++++
++++++++++++++++++++++++++++++++
[Epoch 76/100] [Avg D loss: -28.318732] [Avg G loss: 506.162284] [Avg Rec loss: 2.872842]
[Epoch 76/100] [D Val loss: 4.836726] [G loss: 363.685915] [Rec loss: 2.229052] [LR C: 0.000000] [LR G: 0.000001]
++++++++++++++++++++++++++++++++
++++++++++++++++++++++++++++++++
[Epoch 77/100] [Avg D loss: -31.428951] [Avg G loss: 518.164806] [Avg Rec loss: 2.930263]
[Epoch 77/100] [D Val loss: 5.445318] [G loss: 361.232924] [Rec loss: 2.217731] [LR C: 0.000000] [LR G: 0.000001]
++++++++++++++++++++++++++++++++
++++++++++++++++++++++++++++++++
[Epoch 78/100] [Avg D loss: -27.771486] [Avg G loss: 487.686120] [Avg Rec loss: 2.776808]
[Epoch 78/100] [D Val loss: 4.613427] [G loss: 363.848946] [Rec loss: 2.231963] [LR C: 0.000000] [LR G: 0.000001]
++++++++++++++++++++++++++++++++
++++++++++++++++++++++++++++++++
[Epoch 79/100] [Avg D loss: -27.275940] [Avg G loss: 502.498842] [Avg Rec loss: 2.859820]
[Epoch 79/100] [D Val loss: 4.661239] [G loss: 363.763524] [Rec loss: 2.219403] [LR C: 0.000000] [LR G: 0.000001]
++++++++++++++++++++++++++++++++
++++++++++++++++++++++++++++++++
[Epoch 80/100] [Avg D loss: -26.595203] [Avg G loss: 492.460472] [Avg Rec loss: 2.806625]
[Epoch 80/100] [D Val loss: 4.305284] [G loss: 366.608952] [Rec loss: 2.244596] [LR C: 0.000000] [LR G: 0.000001]
++++++++++++++++++++++++++++++++
++++++++++++++++++++++++++++++++
[Epoch 81/100] [Avg D loss: -24.299237] [Avg G loss: 503.592596] [Avg Rec loss: 2.867919]
[Epoch 81/100] [D Val loss: 6.277126] [G loss: 365.552296] [Rec loss: 2.241197] [LR C: 0.000000] [LR G: 0.000001]
++++++++++++++++++++++++++++++++
++++++++++++++++++++++++++++++++
[Epoch 82/100] [Avg D loss: -29.276929] [Avg G loss: 515.322028] [Avg Rec loss: 2.916778]
[Epoch 82/100] [D Val loss: 6.445872] [G loss: 363.694135] [Rec loss: 2.228769] [LR C: 0.000000] [LR G: 0.000001]
++++++++++++++++++++++++++++++++
++++++++++++++++++++++++++++++++
[Epoch 83/100] [Avg D loss: -25.687189] [Avg G loss: 485.063347] [Avg Rec loss: 2.765451]
[Epoch 83/100] [D Val loss: 6.230444] [G loss: 366.357126] [Rec loss: 2.246641] [LR C: 0.000000] [LR G: 0.000001]
++++++++++++++++++++++++++++++++
++++++++++++++++++++++++++++++++
[Epoch 84/100] [Avg D loss: -25.298205] [Avg G loss: 500.839567] [Avg Rec loss: 2.854031]
[Epoch 84/100] [D Val loss: 6.277919] [G loss: 363.923326] [Rec loss: 2.230119] [LR C: 0.000000] [LR G: 0.000001]
++++++++++++++++++++++++++++++++
++++++++++++++++++++++++++++++++
[Epoch 85/100] [Avg D loss: -25.115826] [Avg G loss: 493.351550] [Avg Rec loss: 2.812555]
[Epoch 85/100] [D Val loss: 5.712589] [G loss: 369.343563] [Rec loss: 2.254605] [LR C: 0.000000] [LR G: 0.000001]
++++++++++++++++++++++++++++++++
++++++++++++++++++++++++++++++++
[Epoch 86/100] [Avg D loss: -22.779685] [Avg G loss: 502.584596] [Avg Rec loss: 2.864411]
[Epoch 86/100] [D Val loss: 7.191371] [G loss: 367.383802] [Rec loss: 2.250454] [LR C: 0.000000] [LR G: 0.000001]
++++++++++++++++++++++++++++++++
++++++++++++++++++++++++++++++++
[Epoch 87/100] [Avg D loss: -26.486060] [Avg G loss: 516.306395] [Avg Rec loss: 2.929333]
[Epoch 87/100] [D Val loss: 6.380099] [G loss: 366.957290] [Rec loss: 2.237530] [LR C: 0.000000] [LR G: 0.000000]
++++++++++++++++++++++++++++++++
++++++++++++++++++++++++++++++++
[Epoch 88/100] [Avg D loss: -26.840104] [Avg G loss: 485.739537] [Avg Rec loss: 2.756261]
[Epoch 88/100] [D Val loss: 6.571182] [G loss: 366.221727] [Rec loss: 2.238830] [LR C: 0.000000] [LR G: 0.000000]
++++++++++++++++++++++++++++++++
++++++++++++++++++++++++++++++++
[Epoch 89/100] [Avg D loss: -25.958185] [Avg G loss: 501.492666] [Avg Rec loss: 2.849530]
[Epoch 89/100] [D Val loss: 6.287922] [G loss: 366.513858] [Rec loss: 2.238650] [LR C: 0.000000] [LR G: 0.000000]
++++++++++++++++++++++++++++++++
++++++++++++++++++++++++++++++++
[Epoch 90/100] [Avg D loss: -25.915548] [Avg G loss: 492.695608] [Avg Rec loss: 2.803165]
[Epoch 90/100] [D Val loss: 6.782704] [G loss: 367.818817] [Rec loss: 2.255953] [LR C: 0.000000] [LR G: 0.000000]
++++++++++++++++++++++++++++++++
++++++++++++++++++++++++++++++++
[Epoch 91/100] [Avg D loss: -24.728243] [Avg G loss: 498.252784] [Avg Rec loss: 2.832262]
[Epoch 91/100] [D Val loss: 6.074905] [G loss: 368.721659] [Rec loss: 2.251645] [LR C: 0.000000] [LR G: 0.000000]
++++++++++++++++++++++++++++++++
++++++++++++++++++++++++++++++++
[Epoch 92/100] [Avg D loss: -25.727643] [Avg G loss: 515.174290] [Avg Rec loss: 2.929088]
[Epoch 92/100] [D Val loss: 6.191433] [G loss: 365.663216] [Rec loss: 2.239230] [LR C: 0.000000] [LR G: 0.000000]
++++++++++++++++++++++++++++++++
++++++++++++++++++++++++++++++++
[Epoch 93/100] [Avg D loss: -25.926778] [Avg G loss: 484.680978] [Avg Rec loss: 2.754942]
[Epoch 93/100] [D Val loss: 6.194698] [G loss: 365.959925] [Rec loss: 2.240085] [LR C: 0.000000] [LR G: 0.000000]
++++++++++++++++++++++++++++++++
++++++++++++++++++++++++++++++++
[Epoch 94/100] [Avg D loss: -25.321472] [Avg G loss: 500.379246] [Avg Rec loss: 2.847540]
[Epoch 94/100] [D Val loss: 6.398004] [G loss: 365.955260] [Rec loss: 2.239931] [LR C: 0.000000] [LR G: 0.000000]
++++++++++++++++++++++++++++++++
++++++++++++++++++++++++++++++++
[Epoch 95/100] [Avg D loss: -25.163094] [Avg G loss: 492.328269] [Avg Rec loss: 2.803803]
[Epoch 95/100] [D Val loss: 6.916631] [G loss: 367.994279] [Rec loss: 2.257397] [LR C: 0.000000] [LR G: 0.000000]
++++++++++++++++++++++++++++++++
++++++++++++++++++++++++++++++++
[Epoch 96/100] [Avg D loss: -24.328691] [Avg G loss: 498.733252] [Avg Rec loss: 2.836281]
[Epoch 96/100] [D Val loss: 6.151671] [G loss: 368.170785] [Rec loss: 2.252514] [LR C: 0.000000] [LR G: 0.000000]
++++++++++++++++++++++++++++++++
++++++++++++++++++++++++++++++++
[Epoch 97/100] [Avg D loss: -25.303258] [Avg G loss: 514.560505] [Avg Rec loss: 2.927819]
[Epoch 97/100] [D Val loss: 5.834116] [G loss: 367.136370] [Rec loss: 2.239997] [LR C: 0.000000] [LR G: 0.000000]
++++++++++++++++++++++++++++++++
++++++++++++++++++++++++++++++++
[Epoch 98/100] [Avg D loss: -25.973511] [Avg G loss: 484.373103] [Avg Rec loss: 2.752953]
[Epoch 98/100] [D Val loss: 6.040600] [G loss: 365.482387] [Rec loss: 2.234318] [LR C: 0.000000] [LR G: 0.000000]
++++++++++++++++++++++++++++++++
++++++++++++++++++++++++++++++++
[Epoch 99/100] [Avg D loss: -25.925506] [Avg G loss: 499.864358] [Avg Rec loss: 2.841849]
[Epoch 99/100] [D Val loss: 6.114490] [G loss: 366.022638] [Rec loss: 2.236765] [LR C: 0.000000] [LR G: 0.000000]
++++++++++++++++++++++++++++++++
++++++++++++++++++++++++++++++++
[Epoch 100/100] [Avg D loss: -25.841379] [Avg G loss: 492.351755] [Avg Rec loss: 2.800689]
[Epoch 100/100] [D Val loss: 7.261201] [G loss: 367.751802] [Rec loss: 2.254751] [LR C: 0.000000] [LR G: 0.000000]
++++++++++++++++++++++++++++++++
wandb: Waiting for W&B process to finish... (success).
wandb: - 0.000 MB of 0.000 MB uploaded (0.000 MB deduped)
wandb: \ 0.000 MB of 0.000 MB uploaded (0.000 MB deduped)
wandb: | 0.000 MB of 0.000 MB uploaded (0.000 MB deduped)
wandb:                                                                                
wandb: You can sync this run to the cloud by running:
wandb: wandb sync /cpfs01/projects-HDD/cfff-4a8d9af84f66_HDD/public/ShiXiSheng/yzy/yzy_results/ex29_onestepwgan_cri5_183_025_weightmae_aheadtop_0.008/wandb/offline-run-20241116_120105-9dje4ys5wgan
wandb: Find logs at: ./yzy_results/ex29_onestepwgan_cri5_183_025_weightmae_aheadtop_0.008/wandb/offline-run-20241116_120105-9dje4ys5wgan/logs
/cpfs01/projects-HDD/cfff-4a8d9af84f66_HDD/yinzunyi/py3.9/lib/python3.9/site-packages/xarray/core/concat.py:527: FutureWarning: unique with argument that is not not a Series, Index, ExtensionArray, or np.ndarray is deprecated and will raise in a future version.
  common_dims = tuple(pd.unique([d for v in vars for d in v.dims]))
/cpfs01/projects-HDD/cfff-4a8d9af84f66_HDD/public/ShiXiSheng/yzy/precipitation_downscaling-bing_issue09_bias_correction/models/network_unet.py:217: UserWarning: nn.init.xavier_uniform is now deprecated in favor of nn.init.xavier_uniform_.
  torch.nn.init.xavier_uniform(self.output.weight)
wandb: Tracking run with wandb version 0.13.2
wandb: W&B syncing is set to `offline` in this directory.  
wandb: Run `wandb online` or set WANDB_MODE=online to enable cloud syncing.
/cpfs01/projects-HDD/cfff-4a8d9af84f66_HDD/public/ShiXiSheng/yzy/precipitation_downscaling-bing_issue09_bias_correction/train_scripts/wgan_train.py:33: UserWarning: To copy construct from a tensor, it is recommended to use sourceTensor.clone().detach() or sourceTensor.clone().detach().requires_grad_(True), rather than torch.tensor(sourceTensor).
  weights = torch.tensor(y_true,requires_grad=False) #
The patch size for prepitation is 16
K 值是多少让我看看： 0.008
self.prcp_indexes: [4, 5, 9]
Going to open the following files: /cpfs01/projects-HDD/cfff-4a8d9af84f66_HDD/public/ShiXiSheng/yzy/downscaling_precipitation/precip_dataset_new/train
Going to open the following files: [PosixPath('/cpfs01/projects-HDD/cfff-4a8d9af84f66_HDD/public/ShiXiSheng/yzy/downscaling_precipitation/precip_dataset_new/train/preproc_ifs_radklim_2016-01.nc'), PosixPath('/cpfs01/projects-HDD/cfff-4a8d9af84f66_HDD/public/ShiXiSheng/yzy/downscaling_precipitation/precip_dataset_new/train/preproc_ifs_radklim_2016-02.nc'), PosixPath('/cpfs01/projects-HDD/cfff-4a8d9af84f66_HDD/public/ShiXiSheng/yzy/downscaling_precipitation/precip_dataset_new/train/preproc_ifs_radklim_2016-03.nc'), PosixPath('/cpfs01/projects-HDD/cfff-4a8d9af84f66_HDD/public/ShiXiSheng/yzy/downscaling_precipitation/precip_dataset_new/train/preproc_ifs_radklim_2016-04.nc'), PosixPath('/cpfs01/projects-HDD/cfff-4a8d9af84f66_HDD/public/ShiXiSheng/yzy/downscaling_precipitation/precip_dataset_new/train/preproc_ifs_radklim_2016-05.nc'), PosixPath('/cpfs01/projects-HDD/cfff-4a8d9af84f66_HDD/public/ShiXiSheng/yzy/downscaling_precipitation/precip_dataset_new/train/preproc_ifs_radklim_2016-06.nc'), PosixPath('/cpfs01/projects-HDD/cfff-4a8d9af84f66_HDD/public/ShiXiSheng/yzy/downscaling_precipitation/precip_dataset_new/train/preproc_ifs_radklim_2016-07.nc'), PosixPath('/cpfs01/projects-HDD/cfff-4a8d9af84f66_HDD/public/ShiXiSheng/yzy/downscaling_precipitation/precip_dataset_new/train/preproc_ifs_radklim_2018-02.nc'), PosixPath('/cpfs01/projects-HDD/cfff-4a8d9af84f66_HDD/public/ShiXiSheng/yzy/downscaling_precipitation/precip_dataset_new/train/preproc_ifs_radklim_2018-03.nc'), PosixPath('/cpfs01/projects-HDD/cfff-4a8d9af84f66_HDD/public/ShiXiSheng/yzy/downscaling_precipitation/precip_dataset_new/train/preproc_ifs_radklim_2018-04.nc'), PosixPath('/cpfs01/projects-HDD/cfff-4a8d9af84f66_HDD/public/ShiXiSheng/yzy/downscaling_precipitation/precip_dataset_new/train/preproc_ifs_radklim_2018-05.nc'), PosixPath('/cpfs01/projects-HDD/cfff-4a8d9af84f66_HDD/public/ShiXiSheng/yzy/downscaling_precipitation/precip_dataset_new/train/preproc_ifs_radklim_2018-06.nc'), PosixPath('/cpfs01/projects-HDD/cfff-4a8d9af84f66_HDD/public/ShiXiSheng/yzy/downscaling_precipitation/precip_dataset_new/train/preproc_ifs_radklim_2018-07.nc'), PosixPath('/cpfs01/projects-HDD/cfff-4a8d9af84f66_HDD/public/ShiXiSheng/yzy/downscaling_precipitation/precip_dataset_new/train/preproc_ifs_radklim_2018-08.nc'), PosixPath('/cpfs01/projects-HDD/cfff-4a8d9af84f66_HDD/public/ShiXiSheng/yzy/downscaling_precipitation/precip_dataset_new/train/preproc_ifs_radklim_2018-09.nc'), PosixPath('/cpfs01/projects-HDD/cfff-4a8d9af84f66_HDD/public/ShiXiSheng/yzy/downscaling_precipitation/precip_dataset_new/train/preproc_ifs_radklim_2018-10.nc'), PosixPath('/cpfs01/projects-HDD/cfff-4a8d9af84f66_HDD/public/ShiXiSheng/yzy/downscaling_precipitation/precip_dataset_new/train/preproc_ifs_radklim_2018-11.nc'), PosixPath('/cpfs01/projects-HDD/cfff-4a8d9af84f66_HDD/public/ShiXiSheng/yzy/downscaling_precipitation/precip_dataset_new/train/preproc_ifs_radklim_2018-12.nc'), PosixPath('/cpfs01/projects-HDD/cfff-4a8d9af84f66_HDD/public/ShiXiSheng/yzy/downscaling_precipitation/precip_dataset_new/train/preproc_ifs_radklim_2019-01.nc'), PosixPath('/cpfs01/projects-HDD/cfff-4a8d9af84f66_HDD/public/ShiXiSheng/yzy/downscaling_precipitation/precip_dataset_new/train/preproc_ifs_radklim_2019-02.nc'), PosixPath('/cpfs01/projects-HDD/cfff-4a8d9af84f66_HDD/public/ShiXiSheng/yzy/downscaling_precipitation/precip_dataset_new/train/preproc_ifs_radklim_2019-03.nc'), PosixPath('/cpfs01/projects-HDD/cfff-4a8d9af84f66_HDD/public/ShiXiSheng/yzy/downscaling_precipitation/precip_dataset_new/train/preproc_ifs_radklim_2019-05.nc'), PosixPath('/cpfs01/projects-HDD/cfff-4a8d9af84f66_HDD/public/ShiXiSheng/yzy/downscaling_precipitation/precip_dataset_new/train/preproc_ifs_radklim_2019-06.nc'), PosixPath('/cpfs01/projects-HDD/cfff-4a8d9af84f66_HDD/public/ShiXiSheng/yzy/downscaling_precipitation/precip_dataset_new/train/preproc_ifs_radklim_2019-07.nc'), PosixPath('/cpfs01/projects-HDD/cfff-4a8d9af84f66_HDD/public/ShiXiSheng/yzy/downscaling_precipitation/precip_dataset_new/train/preproc_ifs_radklim_2019-08.nc'), PosixPath('/cpfs01/projects-HDD/cfff-4a8d9af84f66_HDD/public/ShiXiSheng/yzy/downscaling_precipitation/precip_dataset_new/train/preproc_ifs_radklim_2019-09.nc'), PosixPath('/cpfs01/projects-HDD/cfff-4a8d9af84f66_HDD/public/ShiXiSheng/yzy/downscaling_precipitation/precip_dataset_new/train/preproc_ifs_radklim_2019-10.nc'), PosixPath('/cpfs01/projects-HDD/cfff-4a8d9af84f66_HDD/public/ShiXiSheng/yzy/downscaling_precipitation/precip_dataset_new/train/preproc_ifs_radklim_2019-11.nc'), PosixPath('/cpfs01/projects-HDD/cfff-4a8d9af84f66_HDD/public/ShiXiSheng/yzy/downscaling_precipitation/precip_dataset_new/train/preproc_ifs_radklim_2019-12.nc')]
Going to open the following files: [PosixPath('/cpfs01/projects-HDD/cfff-4a8d9af84f66_HDD/public/ShiXiSheng/yzy/downscaling_precipitation/precip_dataset_new/train/preproc_ifs_radklim_2016-01.nc'), PosixPath('/cpfs01/projects-HDD/cfff-4a8d9af84f66_HDD/public/ShiXiSheng/yzy/downscaling_precipitation/precip_dataset_new/train/preproc_ifs_radklim_2016-02.nc'), PosixPath('/cpfs01/projects-HDD/cfff-4a8d9af84f66_HDD/public/ShiXiSheng/yzy/downscaling_precipitation/precip_dataset_new/train/preproc_ifs_radklim_2016-03.nc'), PosixPath('/cpfs01/projects-HDD/cfff-4a8d9af84f66_HDD/public/ShiXiSheng/yzy/downscaling_precipitation/precip_dataset_new/train/preproc_ifs_radklim_2016-04.nc'), PosixPath('/cpfs01/projects-HDD/cfff-4a8d9af84f66_HDD/public/ShiXiSheng/yzy/downscaling_precipitation/precip_dataset_new/train/preproc_ifs_radklim_2016-05.nc'), PosixPath('/cpfs01/projects-HDD/cfff-4a8d9af84f66_HDD/public/ShiXiSheng/yzy/downscaling_precipitation/precip_dataset_new/train/preproc_ifs_radklim_2016-06.nc'), PosixPath('/cpfs01/projects-HDD/cfff-4a8d9af84f66_HDD/public/ShiXiSheng/yzy/downscaling_precipitation/precip_dataset_new/train/preproc_ifs_radklim_2016-07.nc'), PosixPath('/cpfs01/projects-HDD/cfff-4a8d9af84f66_HDD/public/ShiXiSheng/yzy/downscaling_precipitation/precip_dataset_new/train/preproc_ifs_radklim_2018-02.nc'), PosixPath('/cpfs01/projects-HDD/cfff-4a8d9af84f66_HDD/public/ShiXiSheng/yzy/downscaling_precipitation/precip_dataset_new/train/preproc_ifs_radklim_2018-03.nc'), PosixPath('/cpfs01/projects-HDD/cfff-4a8d9af84f66_HDD/public/ShiXiSheng/yzy/downscaling_precipitation/precip_dataset_new/train/preproc_ifs_radklim_2018-04.nc'), PosixPath('/cpfs01/projects-HDD/cfff-4a8d9af84f66_HDD/public/ShiXiSheng/yzy/downscaling_precipitation/precip_dataset_new/train/preproc_ifs_radklim_2018-05.nc'), PosixPath('/cpfs01/projects-HDD/cfff-4a8d9af84f66_HDD/public/ShiXiSheng/yzy/downscaling_precipitation/precip_dataset_new/train/preproc_ifs_radklim_2018-06.nc'), PosixPath('/cpfs01/projects-HDD/cfff-4a8d9af84f66_HDD/public/ShiXiSheng/yzy/downscaling_precipitation/precip_dataset_new/train/preproc_ifs_radklim_2018-07.nc'), PosixPath('/cpfs01/projects-HDD/cfff-4a8d9af84f66_HDD/public/ShiXiSheng/yzy/downscaling_precipitation/precip_dataset_new/train/preproc_ifs_radklim_2018-08.nc'), PosixPath('/cpfs01/projects-HDD/cfff-4a8d9af84f66_HDD/public/ShiXiSheng/yzy/downscaling_precipitation/precip_dataset_new/train/preproc_ifs_radklim_2018-09.nc'), PosixPath('/cpfs01/projects-HDD/cfff-4a8d9af84f66_HDD/public/ShiXiSheng/yzy/downscaling_precipitation/precip_dataset_new/train/preproc_ifs_radklim_2018-10.nc'), PosixPath('/cpfs01/projects-HDD/cfff-4a8d9af84f66_HDD/public/ShiXiSheng/yzy/downscaling_precipitation/precip_dataset_new/train/preproc_ifs_radklim_2018-11.nc'), PosixPath('/cpfs01/projects-HDD/cfff-4a8d9af84f66_HDD/public/ShiXiSheng/yzy/downscaling_precipitation/precip_dataset_new/train/preproc_ifs_radklim_2018-12.nc'), PosixPath('/cpfs01/projects-HDD/cfff-4a8d9af84f66_HDD/public/ShiXiSheng/yzy/downscaling_precipitation/precip_dataset_new/train/preproc_ifs_radklim_2019-01.nc'), PosixPath('/cpfs01/projects-HDD/cfff-4a8d9af84f66_HDD/public/ShiXiSheng/yzy/downscaling_precipitation/precip_dataset_new/train/preproc_ifs_radklim_2019-02.nc'), PosixPath('/cpfs01/projects-HDD/cfff-4a8d9af84f66_HDD/public/ShiXiSheng/yzy/downscaling_precipitation/precip_dataset_new/train/preproc_ifs_radklim_2019-03.nc'), PosixPath('/cpfs01/projects-HDD/cfff-4a8d9af84f66_HDD/public/ShiXiSheng/yzy/downscaling_precipitation/precip_dataset_new/train/preproc_ifs_radklim_2019-05.nc'), PosixPath('/cpfs01/projects-HDD/cfff-4a8d9af84f66_HDD/public/ShiXiSheng/yzy/downscaling_precipitation/precip_dataset_new/train/preproc_ifs_radklim_2019-06.nc'), PosixPath('/cpfs01/projects-HDD/cfff-4a8d9af84f66_HDD/public/ShiXiSheng/yzy/downscaling_precipitation/precip_dataset_new/train/preproc_ifs_radklim_2019-07.nc'), PosixPath('/cpfs01/projects-HDD/cfff-4a8d9af84f66_HDD/public/ShiXiSheng/yzy/downscaling_precipitation/precip_dataset_new/train/preproc_ifs_radklim_2019-08.nc'), PosixPath('/cpfs01/projects-HDD/cfff-4a8d9af84f66_HDD/public/ShiXiSheng/yzy/downscaling_precipitation/precip_dataset_new/train/preproc_ifs_radklim_2019-09.nc'), PosixPath('/cpfs01/projects-HDD/cfff-4a8d9af84f66_HDD/public/ShiXiSheng/yzy/downscaling_precipitation/precip_dataset_new/train/preproc_ifs_radklim_2019-10.nc'), PosixPath('/cpfs01/projects-HDD/cfff-4a8d9af84f66_HDD/public/ShiXiSheng/yzy/downscaling_precipitation/precip_dataset_new/train/preproc_ifs_radklim_2019-11.nc'), PosixPath('/cpfs01/projects-HDD/cfff-4a8d9af84f66_HDD/public/ShiXiSheng/yzy/downscaling_precipitation/precip_dataset_new/train/preproc_ifs_radklim_2019-12.nc')]
Loading data from the file: [PosixPath('/cpfs01/projects-HDD/cfff-4a8d9af84f66_HDD/public/ShiXiSheng/yzy/downscaling_precipitation/precip_dataset_new/train/preproc_ifs_radklim_2016-01.nc'), PosixPath('/cpfs01/projects-HDD/cfff-4a8d9af84f66_HDD/public/ShiXiSheng/yzy/downscaling_precipitation/precip_dataset_new/train/preproc_ifs_radklim_2016-02.nc'), PosixPath('/cpfs01/projects-HDD/cfff-4a8d9af84f66_HDD/public/ShiXiSheng/yzy/downscaling_precipitation/precip_dataset_new/train/preproc_ifs_radklim_2016-03.nc'), PosixPath('/cpfs01/projects-HDD/cfff-4a8d9af84f66_HDD/public/ShiXiSheng/yzy/downscaling_precipitation/precip_dataset_new/train/preproc_ifs_radklim_2016-04.nc'), PosixPath('/cpfs01/projects-HDD/cfff-4a8d9af84f66_HDD/public/ShiXiSheng/yzy/downscaling_precipitation/precip_dataset_new/train/preproc_ifs_radklim_2016-05.nc'), PosixPath('/cpfs01/projects-HDD/cfff-4a8d9af84f66_HDD/public/ShiXiSheng/yzy/downscaling_precipitation/precip_dataset_new/train/preproc_ifs_radklim_2016-06.nc'), PosixPath('/cpfs01/projects-HDD/cfff-4a8d9af84f66_HDD/public/ShiXiSheng/yzy/downscaling_precipitation/precip_dataset_new/train/preproc_ifs_radklim_2016-07.nc'), PosixPath('/cpfs01/projects-HDD/cfff-4a8d9af84f66_HDD/public/ShiXiSheng/yzy/downscaling_precipitation/precip_dataset_new/train/preproc_ifs_radklim_2018-02.nc'), PosixPath('/cpfs01/projects-HDD/cfff-4a8d9af84f66_HDD/public/ShiXiSheng/yzy/downscaling_precipitation/precip_dataset_new/train/preproc_ifs_radklim_2018-03.nc'), PosixPath('/cpfs01/projects-HDD/cfff-4a8d9af84f66_HDD/public/ShiXiSheng/yzy/downscaling_precipitation/precip_dataset_new/train/preproc_ifs_radklim_2018-04.nc'), PosixPath('/cpfs01/projects-HDD/cfff-4a8d9af84f66_HDD/public/ShiXiSheng/yzy/downscaling_precipitation/precip_dataset_new/train/preproc_ifs_radklim_2018-05.nc'), PosixPath('/cpfs01/projects-HDD/cfff-4a8d9af84f66_HDD/public/ShiXiSheng/yzy/downscaling_precipitation/precip_dataset_new/train/preproc_ifs_radklim_2018-06.nc'), PosixPath('/cpfs01/projects-HDD/cfff-4a8d9af84f66_HDD/public/ShiXiSheng/yzy/downscaling_precipitation/precip_dataset_new/train/preproc_ifs_radklim_2018-07.nc'), PosixPath('/cpfs01/projects-HDD/cfff-4a8d9af84f66_HDD/public/ShiXiSheng/yzy/downscaling_precipitation/precip_dataset_new/train/preproc_ifs_radklim_2018-08.nc'), PosixPath('/cpfs01/projects-HDD/cfff-4a8d9af84f66_HDD/public/ShiXiSheng/yzy/downscaling_precipitation/precip_dataset_new/train/preproc_ifs_radklim_2018-09.nc'), PosixPath('/cpfs01/projects-HDD/cfff-4a8d9af84f66_HDD/public/ShiXiSheng/yzy/downscaling_precipitation/precip_dataset_new/train/preproc_ifs_radklim_2018-10.nc'), PosixPath('/cpfs01/projects-HDD/cfff-4a8d9af84f66_HDD/public/ShiXiSheng/yzy/downscaling_precipitation/precip_dataset_new/train/preproc_ifs_radklim_2018-11.nc'), PosixPath('/cpfs01/projects-HDD/cfff-4a8d9af84f66_HDD/public/ShiXiSheng/yzy/downscaling_precipitation/precip_dataset_new/train/preproc_ifs_radklim_2018-12.nc'), PosixPath('/cpfs01/projects-HDD/cfff-4a8d9af84f66_HDD/public/ShiXiSheng/yzy/downscaling_precipitation/precip_dataset_new/train/preproc_ifs_radklim_2019-01.nc'), PosixPath('/cpfs01/projects-HDD/cfff-4a8d9af84f66_HDD/public/ShiXiSheng/yzy/downscaling_precipitation/precip_dataset_new/train/preproc_ifs_radklim_2019-02.nc'), PosixPath('/cpfs01/projects-HDD/cfff-4a8d9af84f66_HDD/public/ShiXiSheng/yzy/downscaling_precipitation/precip_dataset_new/train/preproc_ifs_radklim_2019-03.nc'), PosixPath('/cpfs01/projects-HDD/cfff-4a8d9af84f66_HDD/public/ShiXiSheng/yzy/downscaling_precipitation/precip_dataset_new/train/preproc_ifs_radklim_2019-05.nc'), PosixPath('/cpfs01/projects-HDD/cfff-4a8d9af84f66_HDD/public/ShiXiSheng/yzy/downscaling_precipitation/precip_dataset_new/train/preproc_ifs_radklim_2019-06.nc'), PosixPath('/cpfs01/projects-HDD/cfff-4a8d9af84f66_HDD/public/ShiXiSheng/yzy/downscaling_precipitation/precip_dataset_new/train/preproc_ifs_radklim_2019-07.nc'), PosixPath('/cpfs01/projects-HDD/cfff-4a8d9af84f66_HDD/public/ShiXiSheng/yzy/downscaling_precipitation/precip_dataset_new/train/preproc_ifs_radklim_2019-08.nc'), PosixPath('/cpfs01/projects-HDD/cfff-4a8d9af84f66_HDD/public/ShiXiSheng/yzy/downscaling_precipitation/precip_dataset_new/train/preproc_ifs_radklim_2019-09.nc'), PosixPath('/cpfs01/projects-HDD/cfff-4a8d9af84f66_HDD/public/ShiXiSheng/yzy/downscaling_precipitation/precip_dataset_new/train/preproc_ifs_radklim_2019-10.nc'), PosixPath('/cpfs01/projects-HDD/cfff-4a8d9af84f66_HDD/public/ShiXiSheng/yzy/downscaling_precipitation/precip_dataset_new/train/preproc_ifs_radklim_2019-11.nc'), PosixPath('/cpfs01/projects-HDD/cfff-4a8d9af84f66_HDD/public/ShiXiSheng/yzy/downscaling_precipitation/precip_dataset_new/train/preproc_ifs_radklim_2019-12.nc')]
There is done
num_patches_images are 7 5
pre indexes are [4, 5, 9]
no nan idx 25397
There are No. 25397 patches out of 739865 without Nan Values 
Minimum value of tp in vars_in_patches(having log): 0.0
Maximum value of tp in vars_in_patches(having log): 8.18589973449707
Distribution of tp in different rainfall intervals:
-0.1 to 0.1: 25.75%
0.1 to 2: 71.33%
2 to 4: 2.50%
4 to 8: 0.37%
8 to 20: 0.04%
20 to 30: 0.00%
30 to inf: 0.00%
Distribution of tp in vars_out_orig_patches in different rainfall intervals:
-0.1 to 0.1: 60.60%
0.1 to 2: 34.94%
2 to 4: 3.47%
4 to 8: 0.89%
8 to 20: 0.11%
20 to 30: 0.00%
30 to inf: 0.00%
self.times_patches_list: tensor([[2016,    1,    2,    6],
        [2016,    1,    2,    7],
        [2016,    1,    2,    8],
        ...,
        [2019,   12,   30,    4],
        [2019,   12,   30,    4],
        [2019,   12,   30,    4]], device='cpu', dtype=torch.int32)
save stats
i tensor(-4.5178e-13, device='cpu')
save stats
i tensor(-2.1600e-16, device='cpu')
save stats
i tensor(82071.3359, device='cpu')
save stats
i tensor(1.6654, device='cpu')
save stats
i tensor(0., device='cpu')
save stats
i tensor(0., device='cpu')
save stats
i tensor(-1.8591e-09, device='cpu')
save stats
i tensor(-23.0063, device='cpu')
save stats
i tensor(-35.2889, device='cpu')
save stats
i tensor(0., device='cpu')
The statistic has been stored to the json file:  /cpfs01/projects-HDD/cfff-4a8d9af84f66_HDD/public/ShiXiSheng/yzy/downscaling_precipitation/precip_dataset_new/train/statistics.json
The total number of samples after filtering NaN and zeros values: 25397
Shuffling the index ....
idx_perm [11676 15961  6877 ...  7812 18002 16014]
K 值是多少让我看看： 0.008
self.prcp_indexes: [4, 5, 9]
Going to open the following files: /cpfs01/projects-HDD/cfff-4a8d9af84f66_HDD/public/ShiXiSheng/yzy/downscaling_precipitation/precip_dataset_new/val
Going to open the following files: [PosixPath('/cpfs01/projects-HDD/cfff-4a8d9af84f66_HDD/public/ShiXiSheng/yzy/downscaling_precipitation/precip_dataset_new/val/2017-01/preproc_ifs_radklim_2017-01.nc')]
Going to open the following files: [PosixPath('/cpfs01/projects-HDD/cfff-4a8d9af84f66_HDD/public/ShiXiSheng/yzy/downscaling_precipitation/precip_dataset_new/val/2017-01/preproc_ifs_radklim_2017-01.nc')]
Loading data from the file: [PosixPath('/cpfs01/projects-HDD/cfff-4a8d9af84f66_HDD/public/ShiXiSheng/yzy/downscaling_precipitation/precip_dataset_new/val/2017-01/preproc_ifs_radklim_2017-01.nc')]
There is done
num_patches_images are 7 5
pre indexes are [4, 5, 9]
no nan idx 1421
There are No. 1421 patches out of 26005 without Nan Values 
Minimum value of tp in vars_in_patches(having log): 0.0
Maximum value of tp in vars_in_patches(having log): 6.580108642578125
Distribution of tp in different rainfall intervals:
-0.1 to 0.1: 27.75%
0.1 to 2: 71.33%
2 to 4: 0.89%
4 to 8: 0.03%
8 to 20: 0.00%
20 to 30: 0.00%
30 to inf: 0.00%
Distribution of tp in vars_out_orig_patches in different rainfall intervals:
-0.1 to 0.1: 62.89%
0.1 to 2: 35.08%
2 to 4: 1.83%
4 to 8: 0.19%
8 to 20: 0.00%
20 to 30: 0.00%
30 to inf: 0.00%
self.times_patches_list: tensor([[2017,    1,    1,   17],
        [2017,    1,    1,   17],
        [2017,    1,    1,   18],
        ...,
        [2017,    2,    1,    0],
        [2017,    2,    1,    1],
        [2017,    2,    1,    2]], device='cpu', dtype=torch.int32)
Loading the stats file: /cpfs01/projects-HDD/cfff-4a8d9af84f66_HDD/public/ShiXiSheng/yzy/downscaling_precipitation/precip_dataset_new/train/statistics.json
The total number of samples after filtering NaN and zeros values: 1421
The model wgan is selected for training
i 0
i 1
i 2
i 3
i 4
i 5
i 6
i 0
i 0
i 0
Total trainalbe parameters of the generator: 3706049
Total trainalbe parameters of the critic: 1584641
 size of dataset 25397 batch size 24
 iterations 1058.2083333333333
++++++++++++++++++++++++++++++++
[Epoch 1/100] [Avg D loss: 6.798203] [Avg G loss: 1519.958597] [Avg Rec loss: 8.399136]
[Epoch 1/100] [D Val loss: 2.076936] [G loss: 872.049221] [Rec loss: 4.817825] [LR C: 0.000001] [LR G: 0.000010]
++++++++++++++++++++++++++++++++
++++++++++++++++++++++++++++++++
[Epoch 2/100] [Avg D loss: 0.614878] [Avg G loss: 1106.971242] [Avg Rec loss: 6.117631]
[Epoch 2/100] [D Val loss: 2.337907] [G loss: 714.562656] [Rec loss: 3.946324] [LR C: 0.000001] [LR G: 0.000010]
++++++++++++++++++++++++++++++++
++++++++++++++++++++++++++++++++
[Epoch 3/100] [Avg D loss: -0.141850] [Avg G loss: 871.050566] [Avg Rec loss: 4.813882]
[Epoch 3/100] [D Val loss: 1.055120] [G loss: 662.204093] [Rec loss: 3.659432] [LR C: 0.000001] [LR G: 0.000010]
++++++++++++++++++++++++++++++++
++++++++++++++++++++++++++++++++
[Epoch 4/100] [Avg D loss: -0.728496] [Avg G loss: 804.337649] [Avg Rec loss: 4.444958]
[Epoch 4/100] [D Val loss: 2.048394] [G loss: 640.010479] [Rec loss: 3.541953] [LR C: 0.000001] [LR G: 0.000010]
++++++++++++++++++++++++++++++++
++++++++++++++++++++++++++++++++
[Epoch 5/100] [Avg D loss: -1.394753] [Avg G loss: 736.692983] [Avg Rec loss: 4.071314]
[Epoch 5/100] [D Val loss: 2.953577] [G loss: 589.043928] [Rec loss: 3.264747] [LR C: 0.000001] [LR G: 0.000010]
++++++++++++++++++++++++++++++++
++++++++++++++++++++++++++++++++
[Epoch 6/100] [Avg D loss: -2.204556] [Avg G loss: 702.048494] [Avg Rec loss: 3.880152]
[Epoch 6/100] [D Val loss: 5.173612] [G loss: 647.332830] [Rec loss: 3.598523] [LR C: 0.000001] [LR G: 0.000010]
++++++++++++++++++++++++++++++++
++++++++++++++++++++++++++++++++
[Epoch 7/100] [Avg D loss: -3.055962] [Avg G loss: 700.067592] [Avg Rec loss: 3.869285]
[Epoch 7/100] [D Val loss: 6.753411] [G loss: 651.445957] [Rec loss: 3.628150] [LR C: 0.000001] [LR G: 0.000010]
++++++++++++++++++++++++++++++++
++++++++++++++++++++++++++++++++
[Epoch 8/100] [Avg D loss: -3.885630] [Avg G loss: 649.220034] [Avg Rec loss: 3.587881]
[Epoch 8/100] [D Val loss: 11.546201] [G loss: 653.434886] [Rec loss: 3.666628] [LR C: 0.000001] [LR G: 0.000010]
++++++++++++++++++++++++++++++++
++++++++++++++++++++++++++++++++
[Epoch 9/100] [Avg D loss: -4.814350] [Avg G loss: 661.211601] [Avg Rec loss: 3.653874]
[Epoch 9/100] [D Val loss: 7.839963] [G loss: 573.614617] [Rec loss: 3.203113] [LR C: 0.000001] [LR G: 0.000010]
++++++++++++++++++++++++++++++++
++++++++++++++++++++++++++++++++
[Epoch 10/100] [Avg D loss: -5.784391] [Avg G loss: 641.361029] [Avg Rec loss: 3.543680]
[Epoch 10/100] [D Val loss: 9.701063] [G loss: 565.928658] [Rec loss: 3.170803] [LR C: 0.000001] [LR G: 0.000010]
++++++++++++++++++++++++++++++++
++++++++++++++++++++++++++++++++
[Epoch 11/100] [Avg D loss: -6.901104] [Avg G loss: 632.607425] [Avg Rec loss: 3.493947]
[Epoch 11/100] [D Val loss: 14.028012] [G loss: 606.179424] [Rec loss: 3.417184] [LR C: 0.000001] [LR G: 0.000010]
++++++++++++++++++++++++++++++++
++++++++++++++++++++++++++++++++
[Epoch 12/100] [Avg D loss: -8.113940] [Avg G loss: 641.572756] [Avg Rec loss: 3.542190]
[Epoch 12/100] [D Val loss: 19.648135] [G loss: 629.531062] [Rec loss: 3.578219] [LR C: 0.000001] [LR G: 0.000010]
++++++++++++++++++++++++++++++++
++++++++++++++++++++++++++++++++
[Epoch 13/100] [Avg D loss: -9.311247] [Avg G loss: 602.316042] [Avg Rec loss: 3.323652]
[Epoch 13/100] [D Val loss: 25.239527] [G loss: 677.468041] [Rec loss: 3.872226] [LR C: 0.000001] [LR G: 0.000010]
++++++++++++++++++++++++++++++++
++++++++++++++++++++++++++++++++
[Epoch 14/100] [Avg D loss: -10.573354] [Avg G loss: 626.529117] [Avg Rec loss: 3.456782]
[Epoch 14/100] [D Val loss: 16.301808] [G loss: 562.829044] [Rec loss: 3.193451] [LR C: 0.000001] [LR G: 0.000010]
++++++++++++++++++++++++++++++++
++++++++++++++++++++++++++++++++
[Epoch 15/100] [Avg D loss: -11.962009] [Avg G loss: 613.046379] [Avg Rec loss: 3.380307]
[Epoch 15/100] [D Val loss: 33.481617] [G loss: 646.315957] [Rec loss: 3.749163] [LR C: 0.000001] [LR G: 0.000010]
++++++++++++++++++++++++++++++++
++++++++++++++++++++++++++++++++
[Epoch 16/100] [Avg D loss: -13.380660] [Avg G loss: 606.430796] [Avg Rec loss: 3.340854]
[Epoch 16/100] [D Val loss: 25.971796] [G loss: 589.983531] [Rec loss: 3.393536] [LR C: 0.000001] [LR G: 0.000010]
++++++++++++++++++++++++++++++++
++++++++++++++++++++++++++++++++
[Epoch 17/100] [Avg D loss: -14.843223] [Avg G loss: 615.634720] [Avg Rec loss: 3.389875]
[Epoch 17/100] [D Val loss: 18.953447] [G loss: 538.695660] [Rec loss: 3.066777] [LR C: 0.000001] [LR G: 0.000010]
++++++++++++++++++++++++++++++++
++++++++++++++++++++++++++++++++
[Epoch 18/100] [Avg D loss: -16.319935] [Avg G loss: 580.634035] [Avg Rec loss: 3.193393]
[Epoch 18/100] [D Val loss: 62.906050] [G loss: 778.749538] [Rec loss: 4.634794] [LR C: 0.000001] [LR G: 0.000010]
++++++++++++++++++++++++++++++++
++++++++++++++++++++++++++++++++
[Epoch 19/100] [Avg D loss: -17.924550] [Avg G loss: 601.424097] [Avg Rec loss: 3.305914]
[Epoch 19/100] [D Val loss: 35.524350] [G loss: 562.238364] [Rec loss: 3.292969] [LR C: 0.000001] [LR G: 0.000010]
++++++++++++++++++++++++++++++++
++++++++++++++++++++++++++++++++
[Epoch 20/100] [Avg D loss: -19.473803] [Avg G loss: 589.540231] [Avg Rec loss: 3.237790]
[Epoch 20/100] [D Val loss: 42.749239] [G loss: 581.858223] [Rec loss: 3.435187] [LR C: 0.000001] [LR G: 0.000010]
++++++++++++++++++++++++++++++++
++++++++++++++++++++++++++++++++
[Epoch 21/100] [Avg D loss: -21.102110] [Avg G loss: 585.555114] [Avg Rec loss: 3.211829]
[Epoch 21/100] [D Val loss: 55.912824] [G loss: 597.216103] [Rec loss: 3.591619] [LR C: 0.000001] [LR G: 0.000010]
++++++++++++++++++++++++++++++++
++++++++++++++++++++++++++++++++
[Epoch 22/100] [Avg D loss: -22.786130] [Avg G loss: 598.064820] [Avg Rec loss: 3.279296]
[Epoch 22/100] [D Val loss: 53.357760] [G loss: 573.826723] [Rec loss: 3.449224] [LR C: 0.000001] [LR G: 0.000010]
++++++++++++++++++++++++++++++++
++++++++++++++++++++++++++++++++
[Epoch 23/100] [Avg D loss: -24.357361] [Avg G loss: 567.430523] [Avg Rec loss: 3.105925]
[Epoch 23/100] [D Val loss: 58.054849] [G loss: 570.486064] [Rec loss: 3.451685] [LR C: 0.000001] [LR G: 0.000010]
++++++++++++++++++++++++++++++++
++++++++++++++++++++++++++++++++
[Epoch 24/100] [Avg D loss: -26.080451] [Avg G loss: 588.195558] [Avg Rec loss: 3.218498]
[Epoch 24/100] [D Val loss: 30.278441] [G loss: 474.975370] [Rec loss: 2.771625] [LR C: 0.000001] [LR G: 0.000010]
++++++++++++++++++++++++++++++++
++++++++++++++++++++++++++++++++
[Epoch 25/100] [Avg D loss: -27.780578] [Avg G loss: 577.629027] [Avg Rec loss: 3.157124]
[Epoch 25/100] [D Val loss: 48.956630] [G loss: 503.658922] [Rec loss: 3.031452] [LR C: 0.000001] [LR G: 0.000010]
++++++++++++++++++++++++++++++++
++++++++++++++++++++++++++++++++
[Epoch 26/100] [Avg D loss: -29.543611] [Avg G loss: 574.272806] [Avg Rec loss: 3.134471]
[Epoch 26/100] [D Val loss: 72.352715] [G loss: 550.347941] [Rec loss: 3.411718] [LR C: 0.000001] [LR G: 0.000010]
++++++++++++++++++++++++++++++++
++++++++++++++++++++++++++++++++
[Epoch 27/100] [Avg D loss: -31.441446] [Avg G loss: 586.875190] [Avg Rec loss: 3.201980]
[Epoch 27/100] [D Val loss: 68.617827] [G loss: 543.490998] [Rec loss: 3.349789] [LR C: 0.000001] [LR G: 0.000010]
++++++++++++++++++++++++++++++++
++++++++++++++++++++++++++++++++
[Epoch 28/100] [Avg D loss: -33.094842] [Avg G loss: 558.917373] [Avg Rec loss: 3.043209]
[Epoch 28/100] [D Val loss: 81.669324] [G loss: 517.838519] [Rec loss: 3.283539] [LR C: 0.000001] [LR G: 0.000010]
++++++++++++++++++++++++++++++++
++++++++++++++++++++++++++++++++
[Epoch 29/100] [Avg D loss: -34.827381] [Avg G loss: 581.438748] [Avg Rec loss: 3.165833]
[Epoch 29/100] [D Val loss: 61.086224] [G loss: 491.555009] [Rec loss: 3.018454] [LR C: 0.000001] [LR G: 0.000010]
++++++++++++++++++++++++++++++++
++++++++++++++++++++++++++++++++
[Epoch 30/100] [Avg D loss: -36.682492] [Avg G loss: 570.843848] [Avg Rec loss: 3.103785]
[Epoch 30/100] [D Val loss: 56.998654] [G loss: 472.548277] [Rec loss: 2.889773] [LR C: 0.000001] [LR G: 0.000010]
++++++++++++++++++++++++++++++++
++++++++++++++++++++++++++++++++
[Epoch 31/100] [Avg D loss: -38.360383] [Avg G loss: 568.167732] [Avg Rec loss: 3.084726]
[Epoch 31/100] [D Val loss: 90.623521] [G loss: 501.892296] [Rec loss: 3.236913] [LR C: 0.000001] [LR G: 0.000010]
++++++++++++++++++++++++++++++++
++++++++++++++++++++++++++++++++
[Epoch 32/100] [Avg D loss: -40.479288] [Avg G loss: 580.125323] [Avg Rec loss: 3.149393]
[Epoch 32/100] [D Val loss: 78.620983] [G loss: 482.779239] [Rec loss: 3.065444] [LR C: 0.000001] [LR G: 0.000010]
++++++++++++++++++++++++++++++++
++++++++++++++++++++++++++++++++
[Epoch 33/100] [Avg D loss: -41.457892] [Avg G loss: 553.094940] [Avg Rec loss: 2.997186]
[Epoch 33/100] [D Val loss: 82.849775] [G loss: 435.156450] [Rec loss: 2.832644] [LR C: 0.000001] [LR G: 0.000010]
++++++++++++++++++++++++++++++++
++++++++++++++++++++++++++++++++
[Epoch 34/100] [Avg D loss: -42.560576] [Avg G loss: 574.098045] [Avg Rec loss: 3.113203]
[Epoch 34/100] [D Val loss: 69.322039] [G loss: 410.872255] [Rec loss: 2.625345] [LR C: 0.000001] [LR G: 0.000010]
++++++++++++++++++++++++++++++++
++++++++++++++++++++++++++++++++
[Epoch 35/100] [Avg D loss: -9.957500] [Avg G loss: 547.155632] [Avg Rec loss: 3.113036]
[Epoch 35/100] [D Val loss: 25.242941] [G loss: 378.780975] [Rec loss: 2.336638] [LR C: 0.000001] [LR G: 0.000010]
++++++++++++++++++++++++++++++++
++++++++++++++++++++++++++++++++
[Epoch 36/100] [Avg D loss: -8.495977] [Avg G loss: 542.683653] [Avg Rec loss: 3.085831]
[Epoch 36/100] [D Val loss: 38.871692] [G loss: 376.162165] [Rec loss: 2.377188] [LR C: 0.000001] [LR G: 0.000010]
++++++++++++++++++++++++++++++++
++++++++++++++++++++++++++++++++
[Epoch 37/100] [Avg D loss: -12.142024] [Avg G loss: 556.330619] [Avg Rec loss: 3.145306]
[Epoch 37/100] [D Val loss: 29.517766] [G loss: 379.348303] [Rec loss: 2.349394] [LR C: 0.000001] [LR G: 0.000010]
++++++++++++++++++++++++++++++++
++++++++++++++++++++++++++++++++
[Epoch 38/100] [Avg D loss: -13.471239] [Avg G loss: 527.375562] [Avg Rec loss: 2.978330]
[Epoch 38/100] [D Val loss: 26.413679] [G loss: 377.861636] [Rec loss: 2.335178] [LR C: 0.000001] [LR G: 0.000010]
++++++++++++++++++++++++++++++++
++++++++++++++++++++++++++++++++
[Epoch 39/100] [Avg D loss: -16.502183] [Avg G loss: 548.187378] [Avg Rec loss: 3.081882]
[Epoch 39/100] [D Val loss: 24.580593] [G loss: 372.038053] [Rec loss: 2.285443] [LR C: 0.000001] [LR G: 0.000010]
++++++++++++++++++++++++++++++++
++++++++++++++++++++++++++++++++
[Epoch 40/100] [Avg D loss: -18.190951] [Avg G loss: 538.371462] [Avg Rec loss: 3.024154]
[Epoch 40/100] [D Val loss: 21.892287] [G loss: 371.074718] [Rec loss: 2.273712] [LR C: 0.000001] [LR G: 0.000010]
++++++++++++++++++++++++++++++++
++++++++++++++++++++++++++++++++
[Epoch 41/100] [Avg D loss: -19.284715] [Avg G loss: 538.293357] [Avg Rec loss: 3.020585]
[Epoch 41/100] [D Val loss: 36.645005] [G loss: 364.742035] [Rec loss: 2.306513] [LR C: 0.000001] [LR G: 0.000010]
++++++++++++++++++++++++++++++++
++++++++++++++++++++++++++++++++
[Epoch 42/100] [Avg D loss: -22.920820] [Avg G loss: 549.962493] [Avg Rec loss: 3.076346]
[Epoch 42/100] [D Val loss: 31.991605] [G loss: 367.831970] [Rec loss: 2.298782] [LR C: 0.000001] [LR G: 0.000010]
++++++++++++++++++++++++++++++++
++++++++++++++++++++++++++++++++
[Epoch 43/100] [Avg D loss: -21.635664] [Avg G loss: 522.010115] [Avg Rec loss: 2.929143]
[Epoch 43/100] [D Val loss: 30.091061] [G loss: 366.211556] [Rec loss: 2.289236] [LR C: 0.000001] [LR G: 0.000010]
++++++++++++++++++++++++++++++++
++++++++++++++++++++++++++++++++
[Epoch 44/100] [Avg D loss: -22.582479] [Avg G loss: 541.365376] [Avg Rec loss: 3.038072]
[Epoch 44/100] [D Val loss: 26.601820] [G loss: 363.313603] [Rec loss: 2.241347] [LR C: 0.000001] [LR G: 0.000010]
++++++++++++++++++++++++++++++++
++++++++++++++++++++++++++++++++
[Epoch 45/100] [Avg D loss: -22.248973] [Avg G loss: 531.046988] [Avg Rec loss: 2.985811]
[Epoch 45/100] [D Val loss: 19.975183] [G loss: 368.387989] [Rec loss: 2.262923] [LR C: 0.000001] [LR G: 0.000010]
++++++++++++++++++++++++++++++++
++++++++++++++++++++++++++++++++
[Epoch 46/100] [Avg D loss: -21.499290] [Avg G loss: 530.200151] [Avg Rec loss: 2.988039]
[Epoch 46/100] [D Val loss: 24.922329] [G loss: 365.146774] [Rec loss: 2.263756] [LR C: 0.000001] [LR G: 0.000010]
++++++++++++++++++++++++++++++++
++++++++++++++++++++++++++++++++
[Epoch 47/100] [Avg D loss: -24.697028] [Avg G loss: 540.539617] [Avg Rec loss: 3.039898]
[Epoch 47/100] [D Val loss: 21.843592] [G loss: 367.320202] [Rec loss: 2.278439] [LR C: 0.000001] [LR G: 0.000010]
++++++++++++++++++++++++++++++++
++++++++++++++++++++++++++++++++
[Epoch 48/100] [Avg D loss: -20.939673] [Avg G loss: 512.646799] [Avg Rec loss: 2.904674]
[Epoch 48/100] [D Val loss: 14.127595] [G loss: 368.645568] [Rec loss: 2.273642] [LR C: 0.000001] [LR G: 0.000010]
++++++++++++++++++++++++++++++++
++++++++++++++++++++++++++++++++
[Epoch 49/100] [Avg D loss: -22.662650] [Avg G loss: 530.920005] [Avg Rec loss: 3.004043]
[Epoch 49/100] [D Val loss: 10.503528] [G loss: 363.609785] [Rec loss: 2.217499] [LR C: 0.000001] [LR G: 0.000010]
++++++++++++++++++++++++++++++++
++++++++++++++++++++++++++++++++
[Epoch 50/100] [Avg D loss: -22.411263] [Avg G loss: 521.808832] [Avg Rec loss: 2.957999]
[Epoch 50/100] [D Val loss: 6.173290] [G loss: 364.807811] [Rec loss: 2.232146] [LR C: 0.000001] [LR G: 0.000010]
++++++++++++++++++++++++++++++++
++++++++++++++++++++++++++++++++
[Epoch 51/100] [Avg D loss: -20.411105] [Avg G loss: 521.614354] [Avg Rec loss: 2.961916]
[Epoch 51/100] [D Val loss: 13.362466] [G loss: 363.277066] [Rec loss: 2.236323] [LR C: 0.000001] [LR G: 0.000010]
++++++++++++++++++++++++++++++++
++++++++++++++++++++++++++++++++
[Epoch 52/100] [Avg D loss: -24.151089] [Avg G loss: 533.235355] [Avg Rec loss: 3.019965]
[Epoch 52/100] [D Val loss: 14.186795] [G loss: 363.271660] [Rec loss: 2.241466] [LR C: 0.000001] [LR G: 0.000010]
++++++++++++++++++++++++++++++++
++++++++++++++++++++++++++++++++
[Epoch 53/100] [Avg D loss: -21.912756] [Avg G loss: 507.022152] [Avg Rec loss: 2.885133]
[Epoch 53/100] [D Val loss: 11.773019] [G loss: 363.429355] [Rec loss: 2.259767] [LR C: 0.000001] [LR G: 0.000010]
++++++++++++++++++++++++++++++++
++++++++++++++++++++++++++++++++
[Epoch 54/100] [Avg D loss: -24.438379] [Avg G loss: 524.253476] [Avg Rec loss: 2.976213]
[Epoch 54/100] [D Val loss: 9.180367] [G loss: 359.129121] [Rec loss: 2.202906] [LR C: 0.000001] [LR G: 0.000010]
++++++++++++++++++++++++++++++++
++++++++++++++++++++++++++++++++
[Epoch 55/100] [Avg D loss: -23.247052] [Avg G loss: 515.739837] [Avg Rec loss: 2.936588]
[Epoch 55/100] [D Val loss: 5.802531] [G loss: 360.431209] [Rec loss: 2.221106] [LR C: 0.000001] [LR G: 0.000010]
++++++++++++++++++++++++++++++++
++++++++++++++++++++++++++++++++
[Epoch 56/100] [Avg D loss: -20.213572] [Avg G loss: 515.819234] [Avg Rec loss: 2.943801]
[Epoch 56/100] [D Val loss: 15.973181] [G loss: 359.599479] [Rec loss: 2.225511] [LR C: 0.000001] [LR G: 0.000010]
++++++++++++++++++++++++++++++++
++++++++++++++++++++++++++++++++
[Epoch 57/100] [Avg D loss: -25.843363] [Avg G loss: 528.247737] [Avg Rec loss: 2.997221]
[Epoch 57/100] [D Val loss: 14.104471] [G loss: 358.662687] [Rec loss: 2.230710] [LR C: 0.000001] [LR G: 0.000010]
++++++++++++++++++++++++++++++++
++++++++++++++++++++++++++++++++
[Epoch 58/100] [Avg D loss: -22.685831] [Avg G loss: 500.561541] [Avg Rec loss: 2.861284]
[Epoch 58/100] [D Val loss: 11.041150] [G loss: 361.862820] [Rec loss: 2.262552] [LR C: 0.000001] [LR G: 0.000010]
++++++++++++++++++++++++++++++++
++++++++++++++++++++++++++++++++
[Epoch 59/100] [Avg D loss: -24.548531] [Avg G loss: 518.431155] [Avg Rec loss: 2.956443]
[Epoch 59/100] [D Val loss: 8.472728] [G loss: 357.567044] [Rec loss: 2.201746] [LR C: 0.000001] [LR G: 0.000010]
++++++++++++++++++++++++++++++++
++++++++++++++++++++++++++++++++
[Epoch 60/100] [Avg D loss: -24.365230] [Avg G loss: 511.953509] [Avg Rec loss: 2.921934]
[Epoch 60/100] [D Val loss: 4.513313] [G loss: 360.737425] [Rec loss: 2.224569] [LR C: 0.000001] [LR G: 0.000010]
++++++++++++++++++++++++++++++++
++++++++++++++++++++++++++++++++
[Epoch 61/100] [Avg D loss: -24.820050] [Avg G loss: 510.807109] [Avg Rec loss: 2.912894]
[Epoch 61/100] [D Val loss: 5.984565] [G loss: 361.531328] [Rec loss: 2.203522] [LR C: 0.000001] [LR G: 0.000010]
++++++++++++++++++++++++++++++++
++++++++++++++++++++++++++++++++
[Epoch 62/100] [Avg D loss: -29.673608] [Avg G loss: 523.938729] [Avg Rec loss: 2.974983]
[Epoch 62/100] [D Val loss: 6.265462] [G loss: 359.327251] [Rec loss: 2.213804] [LR C: 0.000001] [LR G: 0.000010]
++++++++++++++++++++++++++++++++
++++++++++++++++++++++++++++++++
[Epoch 63/100] [Avg D loss: -25.297727] [Avg G loss: 497.694602] [Avg Rec loss: 2.844730]
[Epoch 63/100] [D Val loss: 8.988281] [G loss: 367.579977] [Rec loss: 2.277063] [LR C: 0.000001] [LR G: 0.000010]
++++++++++++++++++++++++++++++++
++++++++++++++++++++++++++++++++
[Epoch 64/100] [Avg D loss: -26.037590] [Avg G loss: 516.046432] [Avg Rec loss: 2.941440]
[Epoch 64/100] [D Val loss: 6.164173] [G loss: 360.394026] [Rec loss: 2.200612] [LR C: 0.000001] [LR G: 0.000010]
++++++++++++++++++++++++++++++++
++++++++++++++++++++++++++++++++
[Epoch 65/100] [Avg D loss: -28.001078] [Avg G loss: 509.163511] [Avg Rec loss: 2.900829]
[Epoch 65/100] [D Val loss: 3.012100] [G loss: 362.020452] [Rec loss: 2.225128] [LR C: 0.000001] [LR G: 0.000010]
++++++++++++++++++++++++++++++++
++++++++++++++++++++++++++++++++
[Epoch 66/100] [Avg D loss: -29.175779] [Avg G loss: 506.547458] [Avg Rec loss: 2.884222]
[Epoch 66/100] [D Val loss: 2.321927] [G loss: 359.526932] [Rec loss: 2.191253] [LR C: 0.000001] [LR G: 0.000010]
++++++++++++++++++++++++++++++++
++++++++++++++++++++++++++++++++
[Epoch 67/100] [Avg D loss: -32.926312] [Avg G loss: 519.898053] [Avg Rec loss: 2.955301]
[Epoch 67/100] [D Val loss: 5.850784] [G loss: 358.199054] [Rec loss: 2.215757] [LR C: 0.000001] [LR G: 0.000010]
++++++++++++++++++++++++++++++++
++++++++++++++++++++++++++++++++
[Epoch 68/100] [Avg D loss: -28.428973] [Avg G loss: 494.848148] [Avg Rec loss: 2.828643]
[Epoch 68/100] [D Val loss: 8.953165] [G loss: 367.124259] [Rec loss: 2.281360] [LR C: 0.000001] [LR G: 0.000010]
++++++++++++++++++++++++++++++++
++++++++++++++++++++++++++++++++
[Epoch 69/100] [Avg D loss: -30.503423] [Avg G loss: 512.539335] [Avg Rec loss: 2.920971]
[Epoch 69/100] [D Val loss: 4.973399] [G loss: 358.304822] [Rec loss: 2.202381] [LR C: 0.000001] [LR G: 0.000010]
++++++++++++++++++++++++++++++++
++++++++++++++++++++++++++++++++
[Epoch 70/100] [Avg D loss: -31.366428] [Avg G loss: 505.727202] [Avg Rec loss: 2.884850]
[Epoch 70/100] [D Val loss: 3.457680] [G loss: 358.590939] [Rec loss: 2.223726] [LR C: 0.000001] [LR G: 0.000010]
++++++++++++++++++++++++++++++++
++++++++++++++++++++++++++++++++
[Epoch 71/100] [Avg D loss: -31.654600] [Avg G loss: 503.007470] [Avg Rec loss: 2.866370]
[Epoch 71/100] [D Val loss: 1.171840] [G loss: 359.426437] [Rec loss: 2.194111] [LR C: 0.000001] [LR G: 0.000010]
++++++++++++++++++++++++++++++++
++++++++++++++++++++++++++++++++
[Epoch 72/100] [Avg D loss: -35.459234] [Avg G loss: 516.611344] [Avg Rec loss: 2.939256]
[Epoch 72/100] [D Val loss: 5.410009] [G loss: 358.310439] [Rec loss: 2.218602] [LR C: 0.000001] [LR G: 0.000010]
++++++++++++++++++++++++++++++++
++++++++++++++++++++++++++++++++
[Epoch 73/100] [Avg D loss: -28.532765] [Avg G loss: 493.051556] [Avg Rec loss: 2.826614]
[Epoch 73/100] [D Val loss: 7.543112] [G loss: 364.093674] [Rec loss: 2.258126] [LR C: 0.000001] [LR G: 0.000010]
++++++++++++++++++++++++++++++++
++++++++++++++++++++++++++++++++
[Epoch 74/100] [Avg D loss: -29.551642] [Avg G loss: 511.353028] [Avg Rec loss: 2.923709]
[Epoch 74/100] [D Val loss: 7.263373] [G loss: 358.239903] [Rec loss: 2.219908] [LR C: 0.000001] [LR G: 0.000010]
++++++++++++++++++++++++++++++++
++++++++++++++++++++++++++++++++
[Epoch 75/100] [Avg D loss: -31.680538] [Avg G loss: 503.078488] [Avg Rec loss: 2.878072]
[Epoch 75/100] [D Val loss: 4.465146] [G loss: 359.082992] [Rec loss: 2.235391] [LR C: 0.000001] [LR G: 0.000010]
++++++++++++++++++++++++++++++++
++++++++++++++++++++++++++++++++
[Epoch 76/100] [Avg D loss: -31.545053] [Avg G loss: 500.932028] [Avg Rec loss: 2.862722]
[Epoch 76/100] [D Val loss: 2.309542] [G loss: 359.669257] [Rec loss: 2.202833] [LR C: 0.000001] [LR G: 0.000010]
++++++++++++++++++++++++++++++++
++++++++++++++++++++++++++++++++
[Epoch 77/100] [Avg D loss: -35.115209] [Avg G loss: 515.182575] [Avg Rec loss: 2.939657]
[Epoch 77/100] [D Val loss: 6.554788] [G loss: 357.160582] [Rec loss: 2.229854] [LR C: 0.000001] [LR G: 0.000010]
++++++++++++++++++++++++++++++++
++++++++++++++++++++++++++++++++
[Epoch 78/100] [Avg D loss: -31.143653] [Avg G loss: 488.834440] [Avg Rec loss: 2.806638]
[Epoch 78/100] [D Val loss: 6.324260] [G loss: 354.903088] [Rec loss: 2.225747] [LR C: 0.000000] [LR G: 0.000001]
++++++++++++++++++++++++++++++++
++++++++++++++++++++++++++++++++
[Epoch 79/100] [Avg D loss: -29.613543] [Avg G loss: 506.298522] [Avg Rec loss: 2.907630]
[Epoch 79/100] [D Val loss: 4.911477] [G loss: 355.795730] [Rec loss: 2.210530] [LR C: 0.000000] [LR G: 0.000001]
++++++++++++++++++++++++++++++++
++++++++++++++++++++++++++++++++
[Epoch 80/100] [Avg D loss: -29.038628] [Avg G loss: 495.809757] [Avg Rec loss: 2.851975]
[Epoch 80/100] [D Val loss: 4.394258] [G loss: 357.990967] [Rec loss: 2.228259] [LR C: 0.000000] [LR G: 0.000001]
++++++++++++++++++++++++++++++++
++++++++++++++++++++++++++++++++
[Epoch 81/100] [Avg D loss: -24.999006] [Avg G loss: 493.460738] [Avg Rec loss: 2.846729]
[Epoch 81/100] [D Val loss: 6.624731] [G loss: 359.871936] [Rec loss: 2.247443] [LR C: 0.000000] [LR G: 0.000001]
++++++++++++++++++++++++++++++++
++++++++++++++++++++++++++++++++
[Epoch 82/100] [Avg D loss: -28.015881] [Avg G loss: 500.552650] [Avg Rec loss: 2.877251]
[Epoch 82/100] [D Val loss: 6.432938] [G loss: 359.871687] [Rec loss: 2.244340] [LR C: 0.000000] [LR G: 0.000001]
++++++++++++++++++++++++++++++++
++++++++++++++++++++++++++++++++
[Epoch 83/100] [Avg D loss: -24.627681] [Avg G loss: 484.412917] [Avg Rec loss: 2.798121]
[Epoch 83/100] [D Val loss: 9.269231] [G loss: 361.339000] [Rec loss: 2.267208] [LR C: 0.000000] [LR G: 0.000001]
++++++++++++++++++++++++++++++++
++++++++++++++++++++++++++++++++
[Epoch 84/100] [Avg D loss: -24.388780] [Avg G loss: 502.585582] [Avg Rec loss: 2.897234]
[Epoch 84/100] [D Val loss: 6.785171] [G loss: 360.730366] [Rec loss: 2.244004] [LR C: 0.000000] [LR G: 0.000001]
++++++++++++++++++++++++++++++++
++++++++++++++++++++++++++++++++
[Epoch 85/100] [Avg D loss: -24.668962] [Avg G loss: 494.929649] [Avg Rec loss: 2.852658]
[Epoch 85/100] [D Val loss: 6.087619] [G loss: 364.643009] [Rec loss: 2.259510] [LR C: 0.000000] [LR G: 0.000001]
++++++++++++++++++++++++++++++++
++++++++++++++++++++++++++++++++
[Epoch 86/100] [Avg D loss: -20.701680] [Avg G loss: 493.014597] [Avg Rec loss: 2.850555]
[Epoch 86/100] [D Val loss: 7.941589] [G loss: 365.130985] [Rec loss: 2.272126] [LR C: 0.000000] [LR G: 0.000001]
++++++++++++++++++++++++++++++++
++++++++++++++++++++++++++++++++
[Epoch 87/100] [Avg D loss: -25.518622] [Avg G loss: 503.046717] [Avg Rec loss: 2.889260]
[Epoch 87/100] [D Val loss: 7.457150] [G loss: 364.138527] [Rec loss: 2.259332] [LR C: 0.000000] [LR G: 0.000001]
++++++++++++++++++++++++++++++++
++++++++++++++++++++++++++++++++
[Epoch 88/100] [Avg D loss: -22.550304] [Avg G loss: 484.225613] [Avg Rec loss: 2.797377]
[Epoch 88/100] [D Val loss: 10.799126] [G loss: 364.014462] [Rec loss: 2.284569] [LR C: 0.000000] [LR G: 0.000001]
++++++++++++++++++++++++++++++++
++++++++++++++++++++++++++++++++
[Epoch 89/100] [Avg D loss: -20.846947] [Avg G loss: 503.486160] [Avg Rec loss: 2.912524]
[Epoch 89/100] [D Val loss: 8.909296] [G loss: 364.292695] [Rec loss: 2.270992] [LR C: 0.000000] [LR G: 0.000000]
++++++++++++++++++++++++++++++++
++++++++++++++++++++++++++++++++
[Epoch 90/100] [Avg D loss: -21.949755] [Avg G loss: 495.985452] [Avg Rec loss: 2.867862]
[Epoch 90/100] [D Val loss: 9.691749] [G loss: 364.983501] [Rec loss: 2.284833] [LR C: 0.000000] [LR G: 0.000000]
++++++++++++++++++++++++++++++++
++++++++++++++++++++++++++++++++
[Epoch 91/100] [Avg D loss: -21.048551] [Avg G loss: 492.702385] [Avg Rec loss: 2.844874]
[Epoch 91/100] [D Val loss: 8.357212] [G loss: 366.154106] [Rec loss: 2.277835] [LR C: 0.000000] [LR G: 0.000000]
++++++++++++++++++++++++++++++++
++++++++++++++++++++++++++++++++
[Epoch 92/100] [Avg D loss: -21.957086] [Avg G loss: 501.205389] [Avg Rec loss: 2.895550]
[Epoch 92/100] [D Val loss: 8.106911] [G loss: 362.984444] [Rec loss: 2.262130] [LR C: 0.000000] [LR G: 0.000000]
++++++++++++++++++++++++++++++++
++++++++++++++++++++++++++++++++
[Epoch 93/100] [Avg D loss: -22.076713] [Avg G loss: 481.168066] [Avg Rec loss: 2.777514]
[Epoch 93/100] [D Val loss: 9.367290] [G loss: 363.150470] [Rec loss: 2.267651] [LR C: 0.000000] [LR G: 0.000000]
++++++++++++++++++++++++++++++++
++++++++++++++++++++++++++++++++
[Epoch 94/100] [Avg D loss: -21.777776] [Avg G loss: 502.456643] [Avg Rec loss: 2.899904]
[Epoch 94/100] [D Val loss: 8.366403] [G loss: 363.496846] [Rec loss: 2.263345] [LR C: 0.000000] [LR G: 0.000000]
++++++++++++++++++++++++++++++++
++++++++++++++++++++++++++++++++
[Epoch 95/100] [Avg D loss: -22.017204] [Avg G loss: 495.465272] [Avg Rec loss: 2.860449]
[Epoch 95/100] [D Val loss: 9.497934] [G loss: 365.180360] [Rec loss: 2.280746] [LR C: 0.000000] [LR G: 0.000000]
++++++++++++++++++++++++++++++++
++++++++++++++++++++++++++++++++
[Epoch 96/100] [Avg D loss: -21.090159] [Avg G loss: 492.625170] [Avg Rec loss: 2.841498]
[Epoch 96/100] [D Val loss: 8.388217] [G loss: 365.646458] [Rec loss: 2.276195] [LR C: 0.000000] [LR G: 0.000000]
++++++++++++++++++++++++++++++++
++++++++++++++++++++++++++++++++
[Epoch 97/100] [Avg D loss: -21.733561] [Avg G loss: 501.546064] [Avg Rec loss: 2.896272]
[Epoch 97/100] [D Val loss: 7.389204] [G loss: 365.417006] [Rec loss: 2.262728] [LR C: 0.000000] [LR G: 0.000000]
++++++++++++++++++++++++++++++++
++++++++++++++++++++++++++++++++
[Epoch 98/100] [Avg D loss: -21.919230] [Avg G loss: 481.600093] [Avg Rec loss: 2.779200]
[Epoch 98/100] [D Val loss: 9.540886] [G loss: 363.450105] [Rec loss: 2.268793] [LR C: 0.000000] [LR G: 0.000000]
++++++++++++++++++++++++++++++++
++++++++++++++++++++++++++++++++
[Epoch 99/100] [Avg D loss: -21.538684] [Avg G loss: 502.199700] [Avg Rec loss: 2.898385]
[Epoch 99/100] [D Val loss: 8.384813] [G loss: 364.445607] [Rec loss: 2.264794] [LR C: 0.000000] [LR G: 0.000000]
++++++++++++++++++++++++++++++++
++++++++++++++++++++++++++++++++
[Epoch 100/100] [Avg D loss: -21.724323] [Avg G loss: 495.436166] [Avg Rec loss: 2.860773]
[Epoch 100/100] [D Val loss: 10.415650] [G loss: 365.406590] [Rec loss: 2.285463] [LR C: 0.000000] [LR G: 0.000000]
++++++++++++++++++++++++++++++++
wandb: Waiting for W&B process to finish... (success).
wandb: - 0.000 MB of 0.000 MB uploaded (0.000 MB deduped)
wandb: \ 0.000 MB of 0.000 MB uploaded (0.000 MB deduped)
wandb:                                                                                
wandb: You can sync this run to the cloud by running:
wandb: wandb sync /cpfs01/projects-HDD/cfff-4a8d9af84f66_HDD/public/ShiXiSheng/yzy/yzy_results/ex30_onestepwgan_cri5_181_025_weightmae_aheadtop_0.008/wandb/offline-run-20241116_173716-ncc4cgv9wgan
wandb: Find logs at: ./yzy_results/ex30_onestepwgan_cri5_181_025_weightmae_aheadtop_0.008/wandb/offline-run-20241116_173716-ncc4cgv9wgan/logs
/cpfs01/projects-HDD/cfff-4a8d9af84f66_HDD/yinzunyi/py3.9/lib/python3.9/site-packages/xarray/core/concat.py:527: FutureWarning: unique with argument that is not not a Series, Index, ExtensionArray, or np.ndarray is deprecated and will raise in a future version.
  common_dims = tuple(pd.unique([d for v in vars for d in v.dims]))
/cpfs01/projects-HDD/cfff-4a8d9af84f66_HDD/public/ShiXiSheng/yzy/precipitation_downscaling-bing_issue09_bias_correction/models/network_unet.py:217: UserWarning: nn.init.xavier_uniform is now deprecated in favor of nn.init.xavier_uniform_.
  torch.nn.init.xavier_uniform(self.output.weight)
wandb: Tracking run with wandb version 0.13.2
wandb: W&B syncing is set to `offline` in this directory.  
wandb: Run `wandb online` or set WANDB_MODE=online to enable cloud syncing.
/cpfs01/projects-HDD/cfff-4a8d9af84f66_HDD/public/ShiXiSheng/yzy/precipitation_downscaling-bing_issue09_bias_correction/train_scripts/wgan_train.py:33: UserWarning: To copy construct from a tensor, it is recommended to use sourceTensor.clone().detach() or sourceTensor.clone().detach().requires_grad_(True), rather than torch.tensor(sourceTensor).
  weights = torch.tensor(y_true,requires_grad=False) #
The patch size for prepitation is 16
K 值是多少让我看看： 0.008
self.prcp_indexes: [4, 5, 9]
Going to open the following files: /cpfs01/projects-HDD/cfff-4a8d9af84f66_HDD/public/ShiXiSheng/yzy/downscaling_precipitation/precip_dataset_new/train
Going to open the following files: [PosixPath('/cpfs01/projects-HDD/cfff-4a8d9af84f66_HDD/public/ShiXiSheng/yzy/downscaling_precipitation/precip_dataset_new/train/preproc_ifs_radklim_2016-01.nc'), PosixPath('/cpfs01/projects-HDD/cfff-4a8d9af84f66_HDD/public/ShiXiSheng/yzy/downscaling_precipitation/precip_dataset_new/train/preproc_ifs_radklim_2016-02.nc'), PosixPath('/cpfs01/projects-HDD/cfff-4a8d9af84f66_HDD/public/ShiXiSheng/yzy/downscaling_precipitation/precip_dataset_new/train/preproc_ifs_radklim_2016-03.nc'), PosixPath('/cpfs01/projects-HDD/cfff-4a8d9af84f66_HDD/public/ShiXiSheng/yzy/downscaling_precipitation/precip_dataset_new/train/preproc_ifs_radklim_2016-04.nc'), PosixPath('/cpfs01/projects-HDD/cfff-4a8d9af84f66_HDD/public/ShiXiSheng/yzy/downscaling_precipitation/precip_dataset_new/train/preproc_ifs_radklim_2016-05.nc'), PosixPath('/cpfs01/projects-HDD/cfff-4a8d9af84f66_HDD/public/ShiXiSheng/yzy/downscaling_precipitation/precip_dataset_new/train/preproc_ifs_radklim_2016-06.nc'), PosixPath('/cpfs01/projects-HDD/cfff-4a8d9af84f66_HDD/public/ShiXiSheng/yzy/downscaling_precipitation/precip_dataset_new/train/preproc_ifs_radklim_2016-07.nc'), PosixPath('/cpfs01/projects-HDD/cfff-4a8d9af84f66_HDD/public/ShiXiSheng/yzy/downscaling_precipitation/precip_dataset_new/train/preproc_ifs_radklim_2018-02.nc'), PosixPath('/cpfs01/projects-HDD/cfff-4a8d9af84f66_HDD/public/ShiXiSheng/yzy/downscaling_precipitation/precip_dataset_new/train/preproc_ifs_radklim_2018-03.nc'), PosixPath('/cpfs01/projects-HDD/cfff-4a8d9af84f66_HDD/public/ShiXiSheng/yzy/downscaling_precipitation/precip_dataset_new/train/preproc_ifs_radklim_2018-04.nc'), PosixPath('/cpfs01/projects-HDD/cfff-4a8d9af84f66_HDD/public/ShiXiSheng/yzy/downscaling_precipitation/precip_dataset_new/train/preproc_ifs_radklim_2018-05.nc'), PosixPath('/cpfs01/projects-HDD/cfff-4a8d9af84f66_HDD/public/ShiXiSheng/yzy/downscaling_precipitation/precip_dataset_new/train/preproc_ifs_radklim_2018-06.nc'), PosixPath('/cpfs01/projects-HDD/cfff-4a8d9af84f66_HDD/public/ShiXiSheng/yzy/downscaling_precipitation/precip_dataset_new/train/preproc_ifs_radklim_2018-07.nc'), PosixPath('/cpfs01/projects-HDD/cfff-4a8d9af84f66_HDD/public/ShiXiSheng/yzy/downscaling_precipitation/precip_dataset_new/train/preproc_ifs_radklim_2018-08.nc'), PosixPath('/cpfs01/projects-HDD/cfff-4a8d9af84f66_HDD/public/ShiXiSheng/yzy/downscaling_precipitation/precip_dataset_new/train/preproc_ifs_radklim_2018-09.nc'), PosixPath('/cpfs01/projects-HDD/cfff-4a8d9af84f66_HDD/public/ShiXiSheng/yzy/downscaling_precipitation/precip_dataset_new/train/preproc_ifs_radklim_2018-10.nc'), PosixPath('/cpfs01/projects-HDD/cfff-4a8d9af84f66_HDD/public/ShiXiSheng/yzy/downscaling_precipitation/precip_dataset_new/train/preproc_ifs_radklim_2018-11.nc'), PosixPath('/cpfs01/projects-HDD/cfff-4a8d9af84f66_HDD/public/ShiXiSheng/yzy/downscaling_precipitation/precip_dataset_new/train/preproc_ifs_radklim_2018-12.nc'), PosixPath('/cpfs01/projects-HDD/cfff-4a8d9af84f66_HDD/public/ShiXiSheng/yzy/downscaling_precipitation/precip_dataset_new/train/preproc_ifs_radklim_2019-01.nc'), PosixPath('/cpfs01/projects-HDD/cfff-4a8d9af84f66_HDD/public/ShiXiSheng/yzy/downscaling_precipitation/precip_dataset_new/train/preproc_ifs_radklim_2019-02.nc'), PosixPath('/cpfs01/projects-HDD/cfff-4a8d9af84f66_HDD/public/ShiXiSheng/yzy/downscaling_precipitation/precip_dataset_new/train/preproc_ifs_radklim_2019-03.nc'), PosixPath('/cpfs01/projects-HDD/cfff-4a8d9af84f66_HDD/public/ShiXiSheng/yzy/downscaling_precipitation/precip_dataset_new/train/preproc_ifs_radklim_2019-05.nc'), PosixPath('/cpfs01/projects-HDD/cfff-4a8d9af84f66_HDD/public/ShiXiSheng/yzy/downscaling_precipitation/precip_dataset_new/train/preproc_ifs_radklim_2019-06.nc'), PosixPath('/cpfs01/projects-HDD/cfff-4a8d9af84f66_HDD/public/ShiXiSheng/yzy/downscaling_precipitation/precip_dataset_new/train/preproc_ifs_radklim_2019-07.nc'), PosixPath('/cpfs01/projects-HDD/cfff-4a8d9af84f66_HDD/public/ShiXiSheng/yzy/downscaling_precipitation/precip_dataset_new/train/preproc_ifs_radklim_2019-08.nc'), PosixPath('/cpfs01/projects-HDD/cfff-4a8d9af84f66_HDD/public/ShiXiSheng/yzy/downscaling_precipitation/precip_dataset_new/train/preproc_ifs_radklim_2019-09.nc'), PosixPath('/cpfs01/projects-HDD/cfff-4a8d9af84f66_HDD/public/ShiXiSheng/yzy/downscaling_precipitation/precip_dataset_new/train/preproc_ifs_radklim_2019-10.nc'), PosixPath('/cpfs01/projects-HDD/cfff-4a8d9af84f66_HDD/public/ShiXiSheng/yzy/downscaling_precipitation/precip_dataset_new/train/preproc_ifs_radklim_2019-11.nc'), PosixPath('/cpfs01/projects-HDD/cfff-4a8d9af84f66_HDD/public/ShiXiSheng/yzy/downscaling_precipitation/precip_dataset_new/train/preproc_ifs_radklim_2019-12.nc')]
Going to open the following files: [PosixPath('/cpfs01/projects-HDD/cfff-4a8d9af84f66_HDD/public/ShiXiSheng/yzy/downscaling_precipitation/precip_dataset_new/train/preproc_ifs_radklim_2016-01.nc'), PosixPath('/cpfs01/projects-HDD/cfff-4a8d9af84f66_HDD/public/ShiXiSheng/yzy/downscaling_precipitation/precip_dataset_new/train/preproc_ifs_radklim_2016-02.nc'), PosixPath('/cpfs01/projects-HDD/cfff-4a8d9af84f66_HDD/public/ShiXiSheng/yzy/downscaling_precipitation/precip_dataset_new/train/preproc_ifs_radklim_2016-03.nc'), PosixPath('/cpfs01/projects-HDD/cfff-4a8d9af84f66_HDD/public/ShiXiSheng/yzy/downscaling_precipitation/precip_dataset_new/train/preproc_ifs_radklim_2016-04.nc'), PosixPath('/cpfs01/projects-HDD/cfff-4a8d9af84f66_HDD/public/ShiXiSheng/yzy/downscaling_precipitation/precip_dataset_new/train/preproc_ifs_radklim_2016-05.nc'), PosixPath('/cpfs01/projects-HDD/cfff-4a8d9af84f66_HDD/public/ShiXiSheng/yzy/downscaling_precipitation/precip_dataset_new/train/preproc_ifs_radklim_2016-06.nc'), PosixPath('/cpfs01/projects-HDD/cfff-4a8d9af84f66_HDD/public/ShiXiSheng/yzy/downscaling_precipitation/precip_dataset_new/train/preproc_ifs_radklim_2016-07.nc'), PosixPath('/cpfs01/projects-HDD/cfff-4a8d9af84f66_HDD/public/ShiXiSheng/yzy/downscaling_precipitation/precip_dataset_new/train/preproc_ifs_radklim_2018-02.nc'), PosixPath('/cpfs01/projects-HDD/cfff-4a8d9af84f66_HDD/public/ShiXiSheng/yzy/downscaling_precipitation/precip_dataset_new/train/preproc_ifs_radklim_2018-03.nc'), PosixPath('/cpfs01/projects-HDD/cfff-4a8d9af84f66_HDD/public/ShiXiSheng/yzy/downscaling_precipitation/precip_dataset_new/train/preproc_ifs_radklim_2018-04.nc'), PosixPath('/cpfs01/projects-HDD/cfff-4a8d9af84f66_HDD/public/ShiXiSheng/yzy/downscaling_precipitation/precip_dataset_new/train/preproc_ifs_radklim_2018-05.nc'), PosixPath('/cpfs01/projects-HDD/cfff-4a8d9af84f66_HDD/public/ShiXiSheng/yzy/downscaling_precipitation/precip_dataset_new/train/preproc_ifs_radklim_2018-06.nc'), PosixPath('/cpfs01/projects-HDD/cfff-4a8d9af84f66_HDD/public/ShiXiSheng/yzy/downscaling_precipitation/precip_dataset_new/train/preproc_ifs_radklim_2018-07.nc'), PosixPath('/cpfs01/projects-HDD/cfff-4a8d9af84f66_HDD/public/ShiXiSheng/yzy/downscaling_precipitation/precip_dataset_new/train/preproc_ifs_radklim_2018-08.nc'), PosixPath('/cpfs01/projects-HDD/cfff-4a8d9af84f66_HDD/public/ShiXiSheng/yzy/downscaling_precipitation/precip_dataset_new/train/preproc_ifs_radklim_2018-09.nc'), PosixPath('/cpfs01/projects-HDD/cfff-4a8d9af84f66_HDD/public/ShiXiSheng/yzy/downscaling_precipitation/precip_dataset_new/train/preproc_ifs_radklim_2018-10.nc'), PosixPath('/cpfs01/projects-HDD/cfff-4a8d9af84f66_HDD/public/ShiXiSheng/yzy/downscaling_precipitation/precip_dataset_new/train/preproc_ifs_radklim_2018-11.nc'), PosixPath('/cpfs01/projects-HDD/cfff-4a8d9af84f66_HDD/public/ShiXiSheng/yzy/downscaling_precipitation/precip_dataset_new/train/preproc_ifs_radklim_2018-12.nc'), PosixPath('/cpfs01/projects-HDD/cfff-4a8d9af84f66_HDD/public/ShiXiSheng/yzy/downscaling_precipitation/precip_dataset_new/train/preproc_ifs_radklim_2019-01.nc'), PosixPath('/cpfs01/projects-HDD/cfff-4a8d9af84f66_HDD/public/ShiXiSheng/yzy/downscaling_precipitation/precip_dataset_new/train/preproc_ifs_radklim_2019-02.nc'), PosixPath('/cpfs01/projects-HDD/cfff-4a8d9af84f66_HDD/public/ShiXiSheng/yzy/downscaling_precipitation/precip_dataset_new/train/preproc_ifs_radklim_2019-03.nc'), PosixPath('/cpfs01/projects-HDD/cfff-4a8d9af84f66_HDD/public/ShiXiSheng/yzy/downscaling_precipitation/precip_dataset_new/train/preproc_ifs_radklim_2019-05.nc'), PosixPath('/cpfs01/projects-HDD/cfff-4a8d9af84f66_HDD/public/ShiXiSheng/yzy/downscaling_precipitation/precip_dataset_new/train/preproc_ifs_radklim_2019-06.nc'), PosixPath('/cpfs01/projects-HDD/cfff-4a8d9af84f66_HDD/public/ShiXiSheng/yzy/downscaling_precipitation/precip_dataset_new/train/preproc_ifs_radklim_2019-07.nc'), PosixPath('/cpfs01/projects-HDD/cfff-4a8d9af84f66_HDD/public/ShiXiSheng/yzy/downscaling_precipitation/precip_dataset_new/train/preproc_ifs_radklim_2019-08.nc'), PosixPath('/cpfs01/projects-HDD/cfff-4a8d9af84f66_HDD/public/ShiXiSheng/yzy/downscaling_precipitation/precip_dataset_new/train/preproc_ifs_radklim_2019-09.nc'), PosixPath('/cpfs01/projects-HDD/cfff-4a8d9af84f66_HDD/public/ShiXiSheng/yzy/downscaling_precipitation/precip_dataset_new/train/preproc_ifs_radklim_2019-10.nc'), PosixPath('/cpfs01/projects-HDD/cfff-4a8d9af84f66_HDD/public/ShiXiSheng/yzy/downscaling_precipitation/precip_dataset_new/train/preproc_ifs_radklim_2019-11.nc'), PosixPath('/cpfs01/projects-HDD/cfff-4a8d9af84f66_HDD/public/ShiXiSheng/yzy/downscaling_precipitation/precip_dataset_new/train/preproc_ifs_radklim_2019-12.nc')]
Loading data from the file: [PosixPath('/cpfs01/projects-HDD/cfff-4a8d9af84f66_HDD/public/ShiXiSheng/yzy/downscaling_precipitation/precip_dataset_new/train/preproc_ifs_radklim_2016-01.nc'), PosixPath('/cpfs01/projects-HDD/cfff-4a8d9af84f66_HDD/public/ShiXiSheng/yzy/downscaling_precipitation/precip_dataset_new/train/preproc_ifs_radklim_2016-02.nc'), PosixPath('/cpfs01/projects-HDD/cfff-4a8d9af84f66_HDD/public/ShiXiSheng/yzy/downscaling_precipitation/precip_dataset_new/train/preproc_ifs_radklim_2016-03.nc'), PosixPath('/cpfs01/projects-HDD/cfff-4a8d9af84f66_HDD/public/ShiXiSheng/yzy/downscaling_precipitation/precip_dataset_new/train/preproc_ifs_radklim_2016-04.nc'), PosixPath('/cpfs01/projects-HDD/cfff-4a8d9af84f66_HDD/public/ShiXiSheng/yzy/downscaling_precipitation/precip_dataset_new/train/preproc_ifs_radklim_2016-05.nc'), PosixPath('/cpfs01/projects-HDD/cfff-4a8d9af84f66_HDD/public/ShiXiSheng/yzy/downscaling_precipitation/precip_dataset_new/train/preproc_ifs_radklim_2016-06.nc'), PosixPath('/cpfs01/projects-HDD/cfff-4a8d9af84f66_HDD/public/ShiXiSheng/yzy/downscaling_precipitation/precip_dataset_new/train/preproc_ifs_radklim_2016-07.nc'), PosixPath('/cpfs01/projects-HDD/cfff-4a8d9af84f66_HDD/public/ShiXiSheng/yzy/downscaling_precipitation/precip_dataset_new/train/preproc_ifs_radklim_2018-02.nc'), PosixPath('/cpfs01/projects-HDD/cfff-4a8d9af84f66_HDD/public/ShiXiSheng/yzy/downscaling_precipitation/precip_dataset_new/train/preproc_ifs_radklim_2018-03.nc'), PosixPath('/cpfs01/projects-HDD/cfff-4a8d9af84f66_HDD/public/ShiXiSheng/yzy/downscaling_precipitation/precip_dataset_new/train/preproc_ifs_radklim_2018-04.nc'), PosixPath('/cpfs01/projects-HDD/cfff-4a8d9af84f66_HDD/public/ShiXiSheng/yzy/downscaling_precipitation/precip_dataset_new/train/preproc_ifs_radklim_2018-05.nc'), PosixPath('/cpfs01/projects-HDD/cfff-4a8d9af84f66_HDD/public/ShiXiSheng/yzy/downscaling_precipitation/precip_dataset_new/train/preproc_ifs_radklim_2018-06.nc'), PosixPath('/cpfs01/projects-HDD/cfff-4a8d9af84f66_HDD/public/ShiXiSheng/yzy/downscaling_precipitation/precip_dataset_new/train/preproc_ifs_radklim_2018-07.nc'), PosixPath('/cpfs01/projects-HDD/cfff-4a8d9af84f66_HDD/public/ShiXiSheng/yzy/downscaling_precipitation/precip_dataset_new/train/preproc_ifs_radklim_2018-08.nc'), PosixPath('/cpfs01/projects-HDD/cfff-4a8d9af84f66_HDD/public/ShiXiSheng/yzy/downscaling_precipitation/precip_dataset_new/train/preproc_ifs_radklim_2018-09.nc'), PosixPath('/cpfs01/projects-HDD/cfff-4a8d9af84f66_HDD/public/ShiXiSheng/yzy/downscaling_precipitation/precip_dataset_new/train/preproc_ifs_radklim_2018-10.nc'), PosixPath('/cpfs01/projects-HDD/cfff-4a8d9af84f66_HDD/public/ShiXiSheng/yzy/downscaling_precipitation/precip_dataset_new/train/preproc_ifs_radklim_2018-11.nc'), PosixPath('/cpfs01/projects-HDD/cfff-4a8d9af84f66_HDD/public/ShiXiSheng/yzy/downscaling_precipitation/precip_dataset_new/train/preproc_ifs_radklim_2018-12.nc'), PosixPath('/cpfs01/projects-HDD/cfff-4a8d9af84f66_HDD/public/ShiXiSheng/yzy/downscaling_precipitation/precip_dataset_new/train/preproc_ifs_radklim_2019-01.nc'), PosixPath('/cpfs01/projects-HDD/cfff-4a8d9af84f66_HDD/public/ShiXiSheng/yzy/downscaling_precipitation/precip_dataset_new/train/preproc_ifs_radklim_2019-02.nc'), PosixPath('/cpfs01/projects-HDD/cfff-4a8d9af84f66_HDD/public/ShiXiSheng/yzy/downscaling_precipitation/precip_dataset_new/train/preproc_ifs_radklim_2019-03.nc'), PosixPath('/cpfs01/projects-HDD/cfff-4a8d9af84f66_HDD/public/ShiXiSheng/yzy/downscaling_precipitation/precip_dataset_new/train/preproc_ifs_radklim_2019-05.nc'), PosixPath('/cpfs01/projects-HDD/cfff-4a8d9af84f66_HDD/public/ShiXiSheng/yzy/downscaling_precipitation/precip_dataset_new/train/preproc_ifs_radklim_2019-06.nc'), PosixPath('/cpfs01/projects-HDD/cfff-4a8d9af84f66_HDD/public/ShiXiSheng/yzy/downscaling_precipitation/precip_dataset_new/train/preproc_ifs_radklim_2019-07.nc'), PosixPath('/cpfs01/projects-HDD/cfff-4a8d9af84f66_HDD/public/ShiXiSheng/yzy/downscaling_precipitation/precip_dataset_new/train/preproc_ifs_radklim_2019-08.nc'), PosixPath('/cpfs01/projects-HDD/cfff-4a8d9af84f66_HDD/public/ShiXiSheng/yzy/downscaling_precipitation/precip_dataset_new/train/preproc_ifs_radklim_2019-09.nc'), PosixPath('/cpfs01/projects-HDD/cfff-4a8d9af84f66_HDD/public/ShiXiSheng/yzy/downscaling_precipitation/precip_dataset_new/train/preproc_ifs_radklim_2019-10.nc'), PosixPath('/cpfs01/projects-HDD/cfff-4a8d9af84f66_HDD/public/ShiXiSheng/yzy/downscaling_precipitation/precip_dataset_new/train/preproc_ifs_radklim_2019-11.nc'), PosixPath('/cpfs01/projects-HDD/cfff-4a8d9af84f66_HDD/public/ShiXiSheng/yzy/downscaling_precipitation/precip_dataset_new/train/preproc_ifs_radklim_2019-12.nc')]
There is done
num_patches_images are 7 5
pre indexes are [4, 5, 9]
no nan idx 25397
There are No. 25397 patches out of 739865 without Nan Values 
Minimum value of tp in vars_in_patches(having log): 0.0
Maximum value of tp in vars_in_patches(having log): 8.18589973449707
Distribution of tp in different rainfall intervals:
-0.1 to 0.1: 25.75%
0.1 to 2: 71.33%
2 to 4: 2.50%
4 to 8: 0.37%
8 to 20: 0.04%
20 to 30: 0.00%
30 to inf: 0.00%
Distribution of tp in vars_out_orig_patches in different rainfall intervals:
-0.1 to 0.1: 60.60%
0.1 to 2: 34.94%
2 to 4: 3.47%
4 to 8: 0.89%
8 to 20: 0.11%
20 to 30: 0.00%
30 to inf: 0.00%
self.times_patches_list: tensor([[2016,    1,    2,    6],
        [2016,    1,    2,    7],
        [2016,    1,    2,    8],
        ...,
        [2019,   12,   30,    4],
        [2019,   12,   30,    4],
        [2019,   12,   30,    4]], device='cpu', dtype=torch.int32)
save stats
i tensor(-4.5178e-13, device='cpu')
save stats
i tensor(-2.1600e-16, device='cpu')
save stats
i tensor(82071.3359, device='cpu')
save stats
i tensor(1.6654, device='cpu')
save stats
i tensor(0., device='cpu')
save stats
i tensor(0., device='cpu')
save stats
i tensor(-1.8591e-09, device='cpu')
save stats
i tensor(-23.0063, device='cpu')
save stats
i tensor(-35.2889, device='cpu')
save stats
i tensor(0., device='cpu')
The statistic has been stored to the json file:  /cpfs01/projects-HDD/cfff-4a8d9af84f66_HDD/public/ShiXiSheng/yzy/downscaling_precipitation/precip_dataset_new/train/statistics.json
The total number of samples after filtering NaN and zeros values: 25397
Shuffling the index ....
idx_perm [11676 15961  6877 ...  7812 18002 16014]
K 值是多少让我看看： 0.008
self.prcp_indexes: [4, 5, 9]
Going to open the following files: /cpfs01/projects-HDD/cfff-4a8d9af84f66_HDD/public/ShiXiSheng/yzy/downscaling_precipitation/precip_dataset_new/val
Going to open the following files: [PosixPath('/cpfs01/projects-HDD/cfff-4a8d9af84f66_HDD/public/ShiXiSheng/yzy/downscaling_precipitation/precip_dataset_new/val/2017-01/preproc_ifs_radklim_2017-01.nc')]
Going to open the following files: [PosixPath('/cpfs01/projects-HDD/cfff-4a8d9af84f66_HDD/public/ShiXiSheng/yzy/downscaling_precipitation/precip_dataset_new/val/2017-01/preproc_ifs_radklim_2017-01.nc')]
Loading data from the file: [PosixPath('/cpfs01/projects-HDD/cfff-4a8d9af84f66_HDD/public/ShiXiSheng/yzy/downscaling_precipitation/precip_dataset_new/val/2017-01/preproc_ifs_radklim_2017-01.nc')]
There is done
num_patches_images are 7 5
pre indexes are [4, 5, 9]
no nan idx 1421
There are No. 1421 patches out of 26005 without Nan Values 
Minimum value of tp in vars_in_patches(having log): 0.0
Maximum value of tp in vars_in_patches(having log): 6.580108642578125
Distribution of tp in different rainfall intervals:
-0.1 to 0.1: 27.75%
0.1 to 2: 71.33%
2 to 4: 0.89%
4 to 8: 0.03%
8 to 20: 0.00%
20 to 30: 0.00%
30 to inf: 0.00%
Distribution of tp in vars_out_orig_patches in different rainfall intervals:
-0.1 to 0.1: 62.89%
0.1 to 2: 35.08%
2 to 4: 1.83%
4 to 8: 0.19%
8 to 20: 0.00%
20 to 30: 0.00%
30 to inf: 0.00%
self.times_patches_list: tensor([[2017,    1,    1,   17],
        [2017,    1,    1,   17],
        [2017,    1,    1,   18],
        ...,
        [2017,    2,    1,    0],
        [2017,    2,    1,    1],
        [2017,    2,    1,    2]], device='cpu', dtype=torch.int32)
Loading the stats file: /cpfs01/projects-HDD/cfff-4a8d9af84f66_HDD/public/ShiXiSheng/yzy/downscaling_precipitation/precip_dataset_new/train/statistics.json
The total number of samples after filtering NaN and zeros values: 1421
The model wgan is selected for training
i 0
i 1
i 2
i 3
i 4
i 5
i 6
i 0
i 0
i 0
Total trainalbe parameters of the generator: 3706049
Total trainalbe parameters of the critic: 1584641
 size of dataset 25397 batch size 24
 iterations 1058.2083333333333
++++++++++++++++++++++++++++++++
[Epoch 1/130] [Avg D loss: 6.798337] [Avg G loss: 1519.848942] [Avg Rec loss: 8.398530]
[Epoch 1/130] [D Val loss: 2.075712] [G loss: 871.661807] [Rec loss: 4.815686] [LR C: 0.000001] [LR G: 0.000010]
++++++++++++++++++++++++++++++++
++++++++++++++++++++++++++++++++
[Epoch 2/130] [Avg D loss: 0.614843] [Avg G loss: 1106.750517] [Avg Rec loss: 6.116413]
[Epoch 2/130] [D Val loss: 2.337591] [G loss: 714.351842] [Rec loss: 3.945173] [LR C: 0.000001] [LR G: 0.000010]
++++++++++++++++++++++++++++++++
++++++++++++++++++++++++++++++++
[Epoch 3/130] [Avg D loss: -0.142055] [Avg G loss: 870.866421] [Avg Rec loss: 4.812865]
[Epoch 3/130] [D Val loss: 1.058292] [G loss: 662.291878] [Rec loss: 3.659938] [LR C: 0.000001] [LR G: 0.000010]
++++++++++++++++++++++++++++++++
++++++++++++++++++++++++++++++++
[Epoch 4/130] [Avg D loss: -0.728528] [Avg G loss: 804.343061] [Avg Rec loss: 4.444990]
[Epoch 4/130] [D Val loss: 2.049562] [G loss: 639.338091] [Rec loss: 3.538233] [LR C: 0.000001] [LR G: 0.000010]
++++++++++++++++++++++++++++++++
++++++++++++++++++++++++++++++++
[Epoch 5/130] [Avg D loss: -1.394651] [Avg G loss: 736.656841] [Avg Rec loss: 4.071117]
[Epoch 5/130] [D Val loss: 2.894813] [G loss: 585.120981] [Rec loss: 3.242748] [LR C: 0.000001] [LR G: 0.000010]
++++++++++++++++++++++++++++++++
++++++++++++++++++++++++++++++++
[Epoch 6/130] [Avg D loss: -2.203082] [Avg G loss: 701.854914] [Avg Rec loss: 3.879088]
[Epoch 6/130] [D Val loss: 5.127321] [G loss: 646.152453] [Rec loss: 3.591748] [LR C: 0.000001] [LR G: 0.000010]
++++++++++++++++++++++++++++++++
++++++++++++++++++++++++++++++++
[Epoch 7/130] [Avg D loss: -3.054702] [Avg G loss: 699.704418] [Avg Rec loss: 3.867304]
[Epoch 7/130] [D Val loss: 6.288136] [G loss: 626.742106] [Rec loss: 3.488980] [LR C: 0.000001] [LR G: 0.000010]
++++++++++++++++++++++++++++++++
++++++++++++++++++++++++++++++++
[Epoch 8/130] [Avg D loss: -3.899714] [Avg G loss: 645.934409] [Avg Rec loss: 3.569760]
[Epoch 8/130] [D Val loss: 16.773468] [G loss: 770.855426] [Rec loss: 4.344488] [LR C: 0.000001] [LR G: 0.000010]
++++++++++++++++++++++++++++++++
++++++++++++++++++++++++++++++++
[Epoch 9/130] [Avg D loss: -4.822802] [Avg G loss: 661.472331] [Avg Rec loss: 3.655352]
[Epoch 9/130] [D Val loss: 7.428925] [G loss: 561.647410] [Rec loss: 3.134675] [LR C: 0.000001] [LR G: 0.000010]
++++++++++++++++++++++++++++++++
++++++++++++++++++++++++++++++++
[Epoch 10/130] [Avg D loss: -5.814214] [Avg G loss: 641.196617] [Avg Rec loss: 3.542735]
[Epoch 10/130] [D Val loss: 13.538241] [G loss: 627.690381] [Rec loss: 3.532915] [LR C: 0.000001] [LR G: 0.000010]
++++++++++++++++++++++++++++++++
++++++++++++++++++++++++++++++++
[Epoch 11/130] [Avg D loss: -6.923674] [Avg G loss: 630.822424] [Avg Rec loss: 3.484004]
[Epoch 11/130] [D Val loss: 14.128391] [G loss: 598.524692] [Rec loss: 3.375519] [LR C: 0.000001] [LR G: 0.000010]
++++++++++++++++++++++++++++++++
++++++++++++++++++++++++++++++++
[Epoch 12/130] [Avg D loss: -8.129037] [Avg G loss: 641.304126] [Avg Rec loss: 3.540594]
[Epoch 12/130] [D Val loss: 26.925410] [G loss: 752.085777] [Rec loss: 4.295018] [LR C: 0.000001] [LR G: 0.000010]
++++++++++++++++++++++++++++++++
++++++++++++++++++++++++++++++++
[Epoch 13/130] [Avg D loss: -9.334801] [Avg G loss: 603.437588] [Avg Rec loss: 3.329839]
[Epoch 13/130] [D Val loss: 20.989201] [G loss: 647.494710] [Rec loss: 3.682442] [LR C: 0.000001] [LR G: 0.000010]
++++++++++++++++++++++++++++++++
++++++++++++++++++++++++++++++++
[Epoch 14/130] [Avg D loss: -10.623554] [Avg G loss: 622.378759] [Avg Rec loss: 3.433548]
[Epoch 14/130] [D Val loss: 14.550001] [G loss: 533.684226] [Rec loss: 3.021633] [LR C: 0.000001] [LR G: 0.000010]
++++++++++++++++++++++++++++++++
++++++++++++++++++++++++++++++++
[Epoch 15/130] [Avg D loss: -11.977141] [Avg G loss: 612.890528] [Avg Rec loss: 3.379500]
[Epoch 15/130] [D Val loss: 18.025631] [G loss: 539.485001] [Rec loss: 3.072966] [LR C: 0.000001] [LR G: 0.000010]
++++++++++++++++++++++++++++++++
++++++++++++++++++++++++++++++++
[Epoch 16/130] [Avg D loss: -13.444222] [Avg G loss: 604.857413] [Avg Rec loss: 3.332209]
[Epoch 16/130] [D Val loss: 23.515233] [G loss: 569.730446] [Rec loss: 3.268879] [LR C: 0.000001] [LR G: 0.000010]
++++++++++++++++++++++++++++++++
++++++++++++++++++++++++++++++++
[Epoch 17/130] [Avg D loss: -14.909685] [Avg G loss: 614.792544] [Avg Rec loss: 3.384489]
[Epoch 17/130] [D Val loss: 20.605115] [G loss: 551.362900] [Rec loss: 3.144666] [LR C: 0.000001] [LR G: 0.000010]
++++++++++++++++++++++++++++++++
++++++++++++++++++++++++++++++++
[Epoch 18/130] [Avg D loss: -16.377402] [Avg G loss: 580.233930] [Avg Rec loss: 3.190644]
[Epoch 18/130] [D Val loss: 40.380878] [G loss: 624.722723] [Rec loss: 3.663055] [LR C: 0.000001] [LR G: 0.000010]
++++++++++++++++++++++++++++++++
++++++++++++++++++++++++++++++++
[Epoch 19/130] [Avg D loss: -17.897551] [Avg G loss: 602.130043] [Avg Rec loss: 3.310158]
[Epoch 19/130] [D Val loss: 21.141835] [G loss: 520.618316] [Rec loss: 2.980050] [LR C: 0.000001] [LR G: 0.000010]
++++++++++++++++++++++++++++++++
++++++++++++++++++++++++++++++++
[Epoch 20/130] [Avg D loss: -19.573872] [Avg G loss: 593.200175] [Avg Rec loss: 3.257819]
[Epoch 20/130] [D Val loss: 28.943291] [G loss: 531.303073] [Rec loss: 3.078531] [LR C: 0.000001] [LR G: 0.000010]
++++++++++++++++++++++++++++++++
++++++++++++++++++++++++++++++++
[Epoch 21/130] [Avg D loss: -21.184499] [Avg G loss: 586.221896] [Avg Rec loss: 3.215569]
[Epoch 21/130] [D Val loss: 44.151546] [G loss: 549.717577] [Rec loss: 3.265288] [LR C: 0.000001] [LR G: 0.000010]
++++++++++++++++++++++++++++++++
++++++++++++++++++++++++++++++++
[Epoch 22/130] [Avg D loss: -22.880058] [Avg G loss: 598.037240] [Avg Rec loss: 3.278039]
[Epoch 22/130] [D Val loss: 40.664675] [G loss: 532.649932] [Rec loss: 3.150148] [LR C: 0.000001] [LR G: 0.000010]
++++++++++++++++++++++++++++++++
++++++++++++++++++++++++++++++++
[Epoch 23/130] [Avg D loss: -24.475939] [Avg G loss: 567.021242] [Avg Rec loss: 3.102840]
[Epoch 23/130] [D Val loss: 57.264205] [G loss: 586.183155] [Rec loss: 3.532915] [LR C: 0.000001] [LR G: 0.000010]
++++++++++++++++++++++++++++++++
++++++++++++++++++++++++++++++++
[Epoch 24/130] [Avg D loss: -26.218414] [Avg G loss: 586.475373] [Avg Rec loss: 3.208347]
[Epoch 24/130] [D Val loss: 56.994414] [G loss: 543.683022] [Rec loss: 3.299235] [LR C: 0.000001] [LR G: 0.000010]
++++++++++++++++++++++++++++++++
++++++++++++++++++++++++++++++++
[Epoch 25/130] [Avg D loss: -28.007278] [Avg G loss: 578.348168] [Avg Rec loss: 3.160358]
[Epoch 25/130] [D Val loss: 46.646826] [G loss: 506.911442] [Rec loss: 3.033549] [LR C: 0.000001] [LR G: 0.000010]
++++++++++++++++++++++++++++++++
++++++++++++++++++++++++++++++++
[Epoch 26/130] [Avg D loss: -29.682684] [Avg G loss: 575.934825] [Avg Rec loss: 3.143493]
[Epoch 26/130] [D Val loss: 43.140318] [G loss: 499.717233] [Rec loss: 2.968056] [LR C: 0.000001] [LR G: 0.000010]
++++++++++++++++++++++++++++++++
++++++++++++++++++++++++++++++++
[Epoch 27/130] [Avg D loss: -31.518047] [Avg G loss: 587.441872] [Avg Rec loss: 3.203993]
[Epoch 27/130] [D Val loss: 65.810752] [G loss: 525.224438] [Rec loss: 3.235361] [LR C: 0.000001] [LR G: 0.000010]
++++++++++++++++++++++++++++++++
++++++++++++++++++++++++++++++++
[Epoch 28/130] [Avg D loss: -33.100384] [Avg G loss: 559.103859] [Avg Rec loss: 3.043822]
[Epoch 28/130] [D Val loss: 97.375395] [G loss: 542.793627] [Rec loss: 3.510480] [LR C: 0.000001] [LR G: 0.000010]
++++++++++++++++++++++++++++++++
++++++++++++++++++++++++++++++++
[Epoch 29/130] [Avg D loss: -34.996119] [Avg G loss: 577.996254] [Avg Rec loss: 3.145909]
[Epoch 29/130] [D Val loss: 74.674855] [G loss: 516.836876] [Rec loss: 3.230943] [LR C: 0.000001] [LR G: 0.000010]
++++++++++++++++++++++++++++++++
++++++++++++++++++++++++++++++++
[Epoch 30/130] [Avg D loss: -36.792712] [Avg G loss: 569.738426] [Avg Rec loss: 3.097201]
[Epoch 30/130] [D Val loss: 65.841100] [G loss: 472.628247] [Rec loss: 2.943022] [LR C: 0.000001] [LR G: 0.000010]
++++++++++++++++++++++++++++++++
++++++++++++++++++++++++++++++++
[Epoch 31/130] [Avg D loss: -38.437211] [Avg G loss: 567.703795] [Avg Rec loss: 3.081733]
[Epoch 31/130] [D Val loss: 74.080235] [G loss: 477.465834] [Rec loss: 3.008433] [LR C: 0.000001] [LR G: 0.000010]
++++++++++++++++++++++++++++++++
++++++++++++++++++++++++++++++++
[Epoch 32/130] [Avg D loss: -40.499066] [Avg G loss: 580.146796] [Avg Rec loss: 3.148185]
[Epoch 32/130] [D Val loss: 86.415612] [G loss: 478.263150] [Rec loss: 3.082424] [LR C: 0.000001] [LR G: 0.000010]
++++++++++++++++++++++++++++++++
++++++++++++++++++++++++++++++++
[Epoch 33/130] [Avg D loss: -41.100945] [Avg G loss: 553.315875] [Avg Rec loss: 2.999057]
[Epoch 33/130] [D Val loss: 91.958292] [G loss: 431.840318] [Rec loss: 2.865270] [LR C: 0.000001] [LR G: 0.000010]
++++++++++++++++++++++++++++++++
++++++++++++++++++++++++++++++++
[Epoch 34/130] [Avg D loss: -26.990639] [Avg G loss: 565.399273] [Avg Rec loss: 3.133474]
[Epoch 34/130] [D Val loss: 23.119099] [G loss: 383.456518] [Rec loss: 2.358653] [LR C: 0.000001] [LR G: 0.000010]
++++++++++++++++++++++++++++++++
++++++++++++++++++++++++++++++++
[Epoch 35/130] [Avg D loss: -6.674896] [Avg G loss: 544.172726] [Avg Rec loss: 3.106490]
[Epoch 35/130] [D Val loss: 22.421565] [G loss: 376.539500] [Rec loss: 2.305325] [LR C: 0.000001] [LR G: 0.000010]
++++++++++++++++++++++++++++++++
++++++++++++++++++++++++++++++++
[Epoch 36/130] [Avg D loss: -9.541088] [Avg G loss: 541.622524] [Avg Rec loss: 3.074403]
[Epoch 36/130] [D Val loss: 29.295627] [G loss: 376.104137] [Rec loss: 2.331253] [LR C: 0.000001] [LR G: 0.000010]
++++++++++++++++++++++++++++++++
++++++++++++++++++++++++++++++++
[Epoch 37/130] [Avg D loss: -13.269055] [Avg G loss: 555.819455] [Avg Rec loss: 3.139991]
[Epoch 37/130] [D Val loss: 27.354071] [G loss: 379.210548] [Rec loss: 2.343687] [LR C: 0.000001] [LR G: 0.000010]
++++++++++++++++++++++++++++++++
++++++++++++++++++++++++++++++++
[Epoch 38/130] [Avg D loss: -14.198809] [Avg G loss: 525.651456] [Avg Rec loss: 2.972331]
[Epoch 38/130] [D Val loss: 25.244313] [G loss: 379.772886] [Rec loss: 2.348231] [LR C: 0.000001] [LR G: 0.000010]
++++++++++++++++++++++++++++++++
++++++++++++++++++++++++++++++++
[Epoch 39/130] [Avg D loss: -16.997962] [Avg G loss: 544.764229] [Avg Rec loss: 3.071123]
[Epoch 39/130] [D Val loss: 21.540255] [G loss: 372.918682] [Rec loss: 2.281091] [LR C: 0.000001] [LR G: 0.000010]
++++++++++++++++++++++++++++++++
++++++++++++++++++++++++++++++++
[Epoch 40/130] [Avg D loss: -18.436993] [Avg G loss: 535.598061] [Avg Rec loss: 3.020548]
[Epoch 40/130] [D Val loss: 16.270723] [G loss: 371.105199] [Rec loss: 2.249764] [LR C: 0.000001] [LR G: 0.000010]
++++++++++++++++++++++++++++++++
++++++++++++++++++++++++++++++++
[Epoch 41/130] [Avg D loss: -19.237835] [Avg G loss: 533.347529] [Avg Rec loss: 3.008311]
[Epoch 41/130] [D Val loss: 26.774201] [G loss: 368.710602] [Rec loss: 2.287977] [LR C: 0.000001] [LR G: 0.000010]
++++++++++++++++++++++++++++++++
++++++++++++++++++++++++++++++++
[Epoch 42/130] [Avg D loss: -22.301126] [Avg G loss: 545.392094] [Avg Rec loss: 3.068522]
[Epoch 42/130] [D Val loss: 22.050795] [G loss: 372.100991] [Rec loss: 2.283599] [LR C: 0.000001] [LR G: 0.000010]
++++++++++++++++++++++++++++++++
++++++++++++++++++++++++++++++++
[Epoch 43/130] [Avg D loss: -21.102259] [Avg G loss: 518.109236] [Avg Rec loss: 2.925070]
[Epoch 43/130] [D Val loss: 22.782425] [G loss: 371.501083] [Rec loss: 2.301575] [LR C: 0.000001] [LR G: 0.000010]
++++++++++++++++++++++++++++++++
++++++++++++++++++++++++++++++++
[Epoch 44/130] [Avg D loss: -22.610502] [Avg G loss: 538.045788] [Avg Rec loss: 3.030419]
[Epoch 44/130] [D Val loss: 22.222382] [G loss: 364.099079] [Rec loss: 2.237869] [LR C: 0.000001] [LR G: 0.000010]
++++++++++++++++++++++++++++++++
++++++++++++++++++++++++++++++++
[Epoch 45/130] [Avg D loss: -22.289521] [Avg G loss: 529.713055] [Avg Rec loss: 2.984947]
[Epoch 45/130] [D Val loss: 14.830430] [G loss: 366.092174] [Rec loss: 2.234853] [LR C: 0.000001] [LR G: 0.000010]
++++++++++++++++++++++++++++++++
++++++++++++++++++++++++++++++++
[Epoch 46/130] [Avg D loss: -20.740942] [Avg G loss: 528.904455] [Avg Rec loss: 2.984855]
[Epoch 46/130] [D Val loss: 21.650313] [G loss: 363.020275] [Rec loss: 2.243242] [LR C: 0.000001] [LR G: 0.000010]
++++++++++++++++++++++++++++++++
++++++++++++++++++++++++++++++++
[Epoch 47/130] [Avg D loss: -23.794910] [Avg G loss: 540.811092] [Avg Rec loss: 3.043350]
[Epoch 47/130] [D Val loss: 18.173226] [G loss: 367.459746] [Rec loss: 2.265502] [LR C: 0.000001] [LR G: 0.000010]
++++++++++++++++++++++++++++++++
++++++++++++++++++++++++++++++++
[Epoch 48/130] [Avg D loss: -19.799431] [Avg G loss: 512.955707] [Avg Rec loss: 2.908928]
[Epoch 48/130] [D Val loss: 11.359157] [G loss: 370.304752] [Rec loss: 2.276943] [LR C: 0.000001] [LR G: 0.000010]
++++++++++++++++++++++++++++++++
++++++++++++++++++++++++++++++++
[Epoch 49/130] [Avg D loss: -21.352310] [Avg G loss: 531.891770] [Avg Rec loss: 3.010104]
[Epoch 49/130] [D Val loss: 11.625250] [G loss: 363.315082] [Rec loss: 2.224043] [LR C: 0.000001] [LR G: 0.000010]
++++++++++++++++++++++++++++++++
++++++++++++++++++++++++++++++++
[Epoch 50/130] [Avg D loss: -20.955475] [Avg G loss: 522.887821] [Avg Rec loss: 2.964911]
[Epoch 50/130] [D Val loss: 5.355802] [G loss: 364.748330] [Rec loss: 2.229479] [LR C: 0.000001] [LR G: 0.000010]
++++++++++++++++++++++++++++++++
++++++++++++++++++++++++++++++++
[Epoch 51/130] [Avg D loss: -19.595643] [Avg G loss: 521.898961] [Avg Rec loss: 2.962784]
[Epoch 51/130] [D Val loss: 12.567924] [G loss: 362.842062] [Rec loss: 2.229346] [LR C: 0.000001] [LR G: 0.000010]
++++++++++++++++++++++++++++++++
++++++++++++++++++++++++++++++++
[Epoch 52/130] [Avg D loss: -23.721680] [Avg G loss: 533.668135] [Avg Rec loss: 3.021123]
[Epoch 52/130] [D Val loss: 11.443458] [G loss: 365.454403] [Rec loss: 2.241601] [LR C: 0.000001] [LR G: 0.000010]
++++++++++++++++++++++++++++++++
++++++++++++++++++++++++++++++++
[Epoch 53/130] [Avg D loss: -20.793332] [Avg G loss: 507.681194] [Avg Rec loss: 2.891078]
[Epoch 53/130] [D Val loss: 7.839752] [G loss: 366.904439] [Rec loss: 2.269907] [LR C: 0.000001] [LR G: 0.000010]
++++++++++++++++++++++++++++++++
++++++++++++++++++++++++++++++++
[Epoch 54/130] [Avg D loss: -21.202901] [Avg G loss: 525.066874] [Avg Rec loss: 2.987020]
[Epoch 54/130] [D Val loss: 7.904929] [G loss: 361.325267] [Rec loss: 2.214719] [LR C: 0.000001] [LR G: 0.000010]
++++++++++++++++++++++++++++++++
++++++++++++++++++++++++++++++++
[Epoch 55/130] [Avg D loss: -19.713330] [Avg G loss: 517.794985] [Avg Rec loss: 2.951721]
[Epoch 55/130] [D Val loss: 7.071136] [G loss: 361.330122] [Rec loss: 2.219716] [LR C: 0.000001] [LR G: 0.000010]
++++++++++++++++++++++++++++++++
++++++++++++++++++++++++++++++++
[Epoch 56/130] [Avg D loss: -21.312755] [Avg G loss: 516.050319] [Avg Rec loss: 2.937566]
[Epoch 56/130] [D Val loss: 12.514501] [G loss: 361.157228] [Rec loss: 2.218828] [LR C: 0.000001] [LR G: 0.000010]
++++++++++++++++++++++++++++++++
++++++++++++++++++++++++++++++++
[Epoch 57/130] [Avg D loss: -26.016144] [Avg G loss: 526.530988] [Avg Rec loss: 2.989061]
[Epoch 57/130] [D Val loss: 6.240692] [G loss: 362.673037] [Rec loss: 2.226652] [LR C: 0.000001] [LR G: 0.000010]
++++++++++++++++++++++++++++++++
++++++++++++++++++++++++++++++++
[Epoch 58/130] [Avg D loss: -23.262998] [Avg G loss: 501.183952] [Avg Rec loss: 2.861903]
[Epoch 58/130] [D Val loss: 5.814587] [G loss: 366.563633] [Rec loss: 2.264981] [LR C: 0.000001] [LR G: 0.000010]
++++++++++++++++++++++++++++++++
++++++++++++++++++++++++++++++++
[Epoch 59/130] [Avg D loss: -24.648839] [Avg G loss: 518.990423] [Avg Rec loss: 2.957375]
[Epoch 59/130] [D Val loss: 4.860681] [G loss: 359.184214] [Rec loss: 2.196813] [LR C: 0.000001] [LR G: 0.000010]
++++++++++++++++++++++++++++++++
++++++++++++++++++++++++++++++++
[Epoch 60/130] [Avg D loss: -24.993962] [Avg G loss: 512.424204] [Avg Rec loss: 2.921133]
[Epoch 60/130] [D Val loss: 0.799181] [G loss: 361.791638] [Rec loss: 2.208575] [LR C: 0.000001] [LR G: 0.000010]
++++++++++++++++++++++++++++++++
++++++++++++++++++++++++++++++++
[Epoch 61/130] [Avg D loss: -23.863650] [Avg G loss: 510.418276] [Avg Rec loss: 2.911757]
[Epoch 61/130] [D Val loss: 5.852024] [G loss: 362.751005] [Rec loss: 2.209056] [LR C: 0.000001] [LR G: 0.000010]
++++++++++++++++++++++++++++++++
++++++++++++++++++++++++++++++++
[Epoch 62/130] [Avg D loss: -27.990459] [Avg G loss: 522.377315] [Avg Rec loss: 2.970892]
[Epoch 62/130] [D Val loss: 5.042285] [G loss: 362.352498] [Rec loss: 2.228293] [LR C: 0.000001] [LR G: 0.000010]
++++++++++++++++++++++++++++++++
++++++++++++++++++++++++++++++++
[Epoch 63/130] [Avg D loss: -24.928395] [Avg G loss: 497.484548] [Avg Rec loss: 2.844467]
[Epoch 63/130] [D Val loss: 6.279445] [G loss: 368.636298] [Rec loss: 2.279937] [LR C: 0.000001] [LR G: 0.000010]
++++++++++++++++++++++++++++++++
++++++++++++++++++++++++++++++++
[Epoch 64/130] [Avg D loss: -25.187478] [Avg G loss: 515.555513] [Avg Rec loss: 2.942514]
[Epoch 64/130] [D Val loss: 5.722022] [G loss: 359.540174] [Rec loss: 2.200629] [LR C: 0.000001] [LR G: 0.000010]
++++++++++++++++++++++++++++++++
++++++++++++++++++++++++++++++++
[Epoch 65/130] [Avg D loss: -26.784077] [Avg G loss: 509.529106] [Avg Rec loss: 2.904644]
[Epoch 65/130] [D Val loss: 1.516411] [G loss: 361.312239] [Rec loss: 2.204865] [LR C: 0.000001] [LR G: 0.000010]
++++++++++++++++++++++++++++++++
++++++++++++++++++++++++++++++++
[Epoch 66/130] [Avg D loss: -26.950153] [Avg G loss: 506.530449] [Avg Rec loss: 2.888065]
[Epoch 66/130] [D Val loss: 5.294366] [G loss: 361.269991] [Rec loss: 2.202999] [LR C: 0.000001] [LR G: 0.000010]
++++++++++++++++++++++++++++++++
++++++++++++++++++++++++++++++++
[Epoch 67/130] [Avg D loss: -30.654575] [Avg G loss: 518.453203] [Avg Rec loss: 2.951604]
[Epoch 67/130] [D Val loss: 6.009345] [G loss: 360.920400] [Rec loss: 2.223570] [LR C: 0.000001] [LR G: 0.000010]
++++++++++++++++++++++++++++++++
++++++++++++++++++++++++++++++++
[Epoch 68/130] [Avg D loss: -27.390008] [Avg G loss: 494.560741] [Avg Rec loss: 2.830370]
[Epoch 68/130] [D Val loss: 7.142842] [G loss: 367.634741] [Rec loss: 2.276858] [LR C: 0.000001] [LR G: 0.000010]
++++++++++++++++++++++++++++++++
++++++++++++++++++++++++++++++++
[Epoch 69/130] [Avg D loss: -28.319511] [Avg G loss: 512.213008] [Avg Rec loss: 2.924009]
[Epoch 69/130] [D Val loss: 5.626542] [G loss: 359.090229] [Rec loss: 2.206010] [LR C: 0.000001] [LR G: 0.000010]
++++++++++++++++++++++++++++++++
++++++++++++++++++++++++++++++++
[Epoch 70/130] [Avg D loss: -29.353440] [Avg G loss: 506.681236] [Avg Rec loss: 2.891281]
[Epoch 70/130] [D Val loss: 2.308125] [G loss: 358.610773] [Rec loss: 2.202379] [LR C: 0.000001] [LR G: 0.000010]
++++++++++++++++++++++++++++++++
++++++++++++++++++++++++++++++++
[Epoch 71/130] [Avg D loss: -28.185295] [Avg G loss: 503.267160] [Avg Rec loss: 2.878516]
[Epoch 71/130] [D Val loss: 5.187666] [G loss: 358.144381] [Rec loss: 2.218420] [LR C: 0.000000] [LR G: 0.000001]
++++++++++++++++++++++++++++++++
++++++++++++++++++++++++++++++++
[Epoch 72/130] [Avg D loss: -30.331990] [Avg G loss: 513.817917] [Avg Rec loss: 2.932492]
[Epoch 72/130] [D Val loss: 5.811952] [G loss: 358.278821] [Rec loss: 2.213025] [LR C: 0.000000] [LR G: 0.000001]
++++++++++++++++++++++++++++++++
++++++++++++++++++++++++++++++++
[Epoch 73/130] [Avg D loss: -27.520872] [Avg G loss: 487.701213] [Avg Rec loss: 2.799004]
[Epoch 73/130] [D Val loss: 4.905755] [G loss: 358.753640] [Rec loss: 2.214133] [LR C: 0.000000] [LR G: 0.000001]
++++++++++++++++++++++++++++++++
++++++++++++++++++++++++++++++++
[Epoch 74/130] [Avg D loss: -27.153215] [Avg G loss: 499.916591] [Avg Rec loss: 2.868398]
[Epoch 74/130] [D Val loss: 4.596119] [G loss: 357.999280] [Rec loss: 2.206610] [LR C: 0.000000] [LR G: 0.000001]
++++++++++++++++++++++++++++++++
++++++++++++++++++++++++++++++++
[Epoch 75/130] [Avg D loss: -26.935216] [Avg G loss: 489.548302] [Avg Rec loss: 2.811157]
[Epoch 75/130] [D Val loss: 3.379428] [G loss: 360.406134] [Rec loss: 2.212024] [LR C: 0.000000] [LR G: 0.000001]
++++++++++++++++++++++++++++++++
++++++++++++++++++++++++++++++++
[Epoch 76/130] [Avg D loss: -26.031656] [Avg G loss: 499.489532] [Avg Rec loss: 2.860905]
[Epoch 76/130] [D Val loss: 6.531467] [G loss: 359.918437] [Rec loss: 2.225075] [LR C: 0.000000] [LR G: 0.000001]
++++++++++++++++++++++++++++++++
++++++++++++++++++++++++++++++++
[Epoch 77/130] [Avg D loss: -29.389491] [Avg G loss: 510.345856] [Avg Rec loss: 2.913516]
[Epoch 77/130] [D Val loss: 6.511079] [G loss: 357.925755] [Rec loss: 2.216150] [LR C: 0.000000] [LR G: 0.000001]
++++++++++++++++++++++++++++++++
++++++++++++++++++++++++++++++++
[Epoch 78/130] [Avg D loss: -26.957707] [Avg G loss: 484.801623] [Avg Rec loss: 2.783773]
[Epoch 78/130] [D Val loss: 5.510741] [G loss: 358.649605] [Rec loss: 2.218817] [LR C: 0.000000] [LR G: 0.000001]
++++++++++++++++++++++++++++++++
++++++++++++++++++++++++++++++++
[Epoch 79/130] [Avg D loss: -26.757953] [Avg G loss: 497.957746] [Avg Rec loss: 2.857735]
[Epoch 79/130] [D Val loss: 5.107061] [G loss: 359.128729] [Rec loss: 2.208634] [LR C: 0.000000] [LR G: 0.000001]
++++++++++++++++++++++++++++++++
++++++++++++++++++++++++++++++++
[Epoch 80/130] [Avg D loss: -26.633846] [Avg G loss: 489.308862] [Avg Rec loss: 2.809935]
[Epoch 80/130] [D Val loss: 4.119288] [G loss: 359.936815] [Rec loss: 2.215582] [LR C: 0.000000] [LR G: 0.000001]
++++++++++++++++++++++++++++++++
++++++++++++++++++++++++++++++++
[Epoch 81/130] [Avg D loss: -25.721695] [Avg G loss: 497.575235] [Avg Rec loss: 2.851713]
[Epoch 81/130] [D Val loss: 7.207799] [G loss: 359.224924] [Rec loss: 2.227865] [LR C: 0.000000] [LR G: 0.000001]
++++++++++++++++++++++++++++++++
++++++++++++++++++++++++++++++++
[Epoch 82/130] [Avg D loss: -27.689005] [Avg G loss: 510.249411] [Avg Rec loss: 2.920744]
[Epoch 82/130] [D Val loss: 6.437803] [G loss: 359.273598] [Rec loss: 2.216375] [LR C: 0.000000] [LR G: 0.000000]
++++++++++++++++++++++++++++++++
++++++++++++++++++++++++++++++++
[Epoch 83/130] [Avg D loss: -27.997057] [Avg G loss: 484.313835] [Avg Rec loss: 2.772334]
[Epoch 83/130] [D Val loss: 6.115965] [G loss: 359.107187] [Rec loss: 2.215012] [LR C: 0.000000] [LR G: 0.000000]
++++++++++++++++++++++++++++++++
++++++++++++++++++++++++++++++++
[Epoch 84/130] [Avg D loss: -27.687047] [Avg G loss: 496.666839] [Avg Rec loss: 2.845427]
[Epoch 84/130] [D Val loss: 6.460804] [G loss: 358.061169] [Rec loss: 2.213935] [LR C: 0.000000] [LR G: 0.000000]
++++++++++++++++++++++++++++++++
++++++++++++++++++++++++++++++++
[Epoch 85/130] [Avg D loss: -27.528027] [Avg G loss: 488.038859] [Avg Rec loss: 2.798357]
[Epoch 85/130] [D Val loss: 5.925498] [G loss: 361.640669] [Rec loss: 2.223140] [LR C: 0.000000] [LR G: 0.000000]
++++++++++++++++++++++++++++++++
++++++++++++++++++++++++++++++++
[Epoch 86/130] [Avg D loss: -26.648195] [Avg G loss: 493.188107] [Avg Rec loss: 2.824773]
[Epoch 86/130] [D Val loss: 5.520127] [G loss: 360.126422] [Rec loss: 2.223392] [LR C: 0.000000] [LR G: 0.000000]
++++++++++++++++++++++++++++++++
++++++++++++++++++++++++++++++++
[Epoch 87/130] [Avg D loss: -27.342701] [Avg G loss: 509.472312] [Avg Rec loss: 2.918639]
[Epoch 87/130] [D Val loss: 5.810985] [G loss: 359.676068] [Rec loss: 2.215109] [LR C: 0.000000] [LR G: 0.000000]
++++++++++++++++++++++++++++++++
++++++++++++++++++++++++++++++++
[Epoch 88/130] [Avg D loss: -27.583054] [Avg G loss: 483.503352] [Avg Rec loss: 2.771493]
[Epoch 88/130] [D Val loss: 5.975379] [G loss: 358.531196] [Rec loss: 2.214837] [LR C: 0.000000] [LR G: 0.000000]
++++++++++++++++++++++++++++++++
++++++++++++++++++++++++++++++++
[Epoch 89/130] [Avg D loss: -27.188338] [Avg G loss: 496.112154] [Avg Rec loss: 2.844987]
[Epoch 89/130] [D Val loss: 5.762247] [G loss: 359.339382] [Rec loss: 2.214132] [LR C: 0.000000] [LR G: 0.000000]
++++++++++++++++++++++++++++++++
++++++++++++++++++++++++++++++++
[Epoch 90/130] [Avg D loss: -27.177083] [Avg G loss: 487.620124] [Avg Rec loss: 2.799094]
[Epoch 90/130] [D Val loss: 5.869067] [G loss: 359.798466] [Rec loss: 2.223641] [LR C: 0.000000] [LR G: 0.000000]
++++++++++++++++++++++++++++++++
++++++++++++++++++++++++++++++++
[Epoch 91/130] [Avg D loss: -26.309745] [Avg G loss: 493.234063] [Avg Rec loss: 2.827142]
[Epoch 91/130] [D Val loss: 5.359290] [G loss: 360.843682] [Rec loss: 2.223809] [LR C: 0.000000] [LR G: 0.000000]
++++++++++++++++++++++++++++++++
++++++++++++++++++++++++++++++++
[Epoch 92/130] [Avg D loss: -27.139214] [Avg G loss: 509.010683] [Avg Rec loss: 2.918107]
[Epoch 92/130] [D Val loss: 6.010102] [G loss: 358.356953] [Rec loss: 2.215386] [LR C: 0.000000] [LR G: 0.000000]
++++++++++++++++++++++++++++++++
++++++++++++++++++++++++++++++++
[Epoch 93/130] [Avg D loss: -27.419444] [Avg G loss: 483.470117] [Avg Rec loss: 2.771184]
[Epoch 93/130] [D Val loss: 5.813150] [G loss: 358.308540] [Rec loss: 2.212192] [LR C: 0.000000] [LR G: 0.000000]
++++++++++++++++++++++++++++++++
++++++++++++++++++++++++++++++++
[Epoch 94/130] [Avg D loss: -27.478638] [Avg G loss: 495.782331] [Avg Rec loss: 2.841953]
[Epoch 94/130] [D Val loss: 6.070547] [G loss: 358.732989] [Rec loss: 2.212500] [LR C: 0.000000] [LR G: 0.000000]
++++++++++++++++++++++++++++++++
++++++++++++++++++++++++++++++++
[Epoch 95/130] [Avg D loss: -27.341195] [Avg G loss: 487.814899] [Avg Rec loss: 2.797397]
[Epoch 95/130] [D Val loss: 6.445917] [G loss: 359.574685] [Rec loss: 2.223094] [LR C: 0.000000] [LR G: 0.000000]
++++++++++++++++++++++++++++++++
++++++++++++++++++++++++++++++++
[Epoch 96/130] [Avg D loss: -27.337089] [Avg G loss: 493.391773] [Avg Rec loss: 2.821740]
[Epoch 96/130] [D Val loss: 5.986516] [G loss: 360.144083] [Rec loss: 2.222276] [LR C: 0.000000] [LR G: 0.000000]
++++++++++++++++++++++++++++++++
++++++++++++++++++++++++++++++++
[Epoch 97/130] [Avg D loss: -27.346546] [Avg G loss: 508.104818] [Avg Rec loss: 2.911862]
[Epoch 97/130] [D Val loss: 5.532242] [G loss: 359.995109] [Rec loss: 2.215691] [LR C: 0.000000] [LR G: 0.000000]
++++++++++++++++++++++++++++++++
++++++++++++++++++++++++++++++++
[Epoch 98/130] [Avg D loss: -27.375172] [Avg G loss: 483.445130] [Avg Rec loss: 2.771562]
[Epoch 98/130] [D Val loss: 5.954290] [G loss: 358.100696] [Rec loss: 2.212392] [LR C: 0.000000] [LR G: 0.000000]
++++++++++++++++++++++++++++++++
++++++++++++++++++++++++++++++++
[Epoch 99/130] [Avg D loss: -27.410258] [Avg G loss: 495.728052] [Avg Rec loss: 2.842274]
[Epoch 99/130] [D Val loss: 6.064725] [G loss: 358.468780] [Rec loss: 2.212701] [LR C: 0.000000] [LR G: 0.000000]
++++++++++++++++++++++++++++++++
++++++++++++++++++++++++++++++++
[Epoch 100/130] [Avg D loss: -27.329567] [Avg G loss: 487.827264] [Avg Rec loss: 2.797750]
[Epoch 100/130] [D Val loss: 6.592180] [G loss: 359.705044] [Rec loss: 2.223327] [LR C: 0.000000] [LR G: 0.000000]
++++++++++++++++++++++++++++++++
++++++++++++++++++++++++++++++++
[Epoch 101/130] [Avg D loss: -27.373310] [Avg G loss: 493.212268] [Avg Rec loss: 2.822164]
[Epoch 101/130] [D Val loss: 5.931547] [G loss: 360.153054] [Rec loss: 2.222544] [LR C: 0.000000] [LR G: 0.000000]
++++++++++++++++++++++++++++++++
++++++++++++++++++++++++++++++++
[Epoch 102/130] [Avg D loss: -27.362365] [Avg G loss: 508.139554] [Avg Rec loss: 2.912431]
[Epoch 102/130] [D Val loss: 5.686686] [G loss: 360.003102] [Rec loss: 2.215843] [LR C: 0.000000] [LR G: 0.000000]
++++++++++++++++++++++++++++++++
++++++++++++++++++++++++++++++++
[Epoch 103/130] [Avg D loss: -27.395428] [Avg G loss: 483.397051] [Avg Rec loss: 2.771784]
[Epoch 103/130] [D Val loss: 5.752813] [G loss: 358.100546] [Rec loss: 2.212517] [LR C: 0.000000] [LR G: 0.000000]
++++++++++++++++++++++++++++++++
++++++++++++++++++++++++++++++++
[Epoch 104/130] [Avg D loss: -27.318366] [Avg G loss: 495.791246] [Avg Rec loss: 2.842456]
[Epoch 104/130] [D Val loss: 5.920546] [G loss: 358.799746] [Rec loss: 2.212834] [LR C: 0.000000] [LR G: 0.000000]
++++++++++++++++++++++++++++++++
++++++++++++++++++++++++++++++++
[Epoch 105/130] [Avg D loss: -27.330059] [Avg G loss: 487.718519] [Avg Rec loss: 2.798004]
[Epoch 105/130] [D Val loss: 6.251856] [G loss: 360.292726] [Rec loss: 2.223479] [LR C: 0.000000] [LR G: 0.000000]
++++++++++++++++++++++++++++++++
++++++++++++++++++++++++++++++++
[Epoch 106/130] [Avg D loss: -27.259397] [Avg G loss: 493.292087] [Avg Rec loss: 2.822500]
[Epoch 106/130] [D Val loss: 5.881158] [G loss: 360.303004] [Rec loss: 2.222678] [LR C: 0.000000] [LR G: 0.000000]
++++++++++++++++++++++++++++++++
++++++++++++++++++++++++++++++++
[Epoch 107/130] [Avg D loss: -27.317110] [Avg G loss: 508.207396] [Avg Rec loss: 2.912870]
[Epoch 107/130] [D Val loss: 6.054424] [G loss: 359.646439] [Rec loss: 2.215975] [LR C: 0.000000] [LR G: 0.000000]
++++++++++++++++++++++++++++++++
++++++++++++++++++++++++++++++++
[Epoch 108/130] [Avg D loss: -27.441267] [Avg G loss: 483.278163] [Avg Rec loss: 2.771929]
[Epoch 108/130] [D Val loss: 5.989339] [G loss: 358.267193] [Rec loss: 2.212628] [LR C: 0.000000] [LR G: 0.000000]
++++++++++++++++++++++++++++++++
++++++++++++++++++++++++++++++++
[Epoch 109/130] [Avg D loss: -27.273857] [Avg G loss: 495.646240] [Avg Rec loss: 2.842599]
[Epoch 109/130] [D Val loss: 5.982369] [G loss: 358.516597] [Rec loss: 2.212932] [LR C: 0.000000] [LR G: 0.000000]
++++++++++++++++++++++++++++++++
++++++++++++++++++++++++++++++++
[Epoch 110/130] [Avg D loss: -27.369354] [Avg G loss: 487.687233] [Avg Rec loss: 2.798185]
[Epoch 110/130] [D Val loss: 6.485234] [G loss: 359.407562] [Rec loss: 2.223603] [LR C: 0.000000] [LR G: 0.000000]
++++++++++++++++++++++++++++++++
++++++++++++++++++++++++++++++++
[Epoch 111/130] [Avg D loss: -27.276684] [Avg G loss: 493.295920] [Avg Rec loss: 2.822757]
[Epoch 111/130] [D Val loss: 6.171816] [G loss: 359.475537] [Rec loss: 2.222794] [LR C: 0.000000] [LR G: 0.000000]
++++++++++++++++++++++++++++++++
++++++++++++++++++++++++++++++++
[Epoch 112/130] [Avg D loss: -27.274954] [Avg G loss: 508.224194] [Avg Rec loss: 2.913179]
[Epoch 112/130] [D Val loss: 5.813347] [G loss: 359.817661] [Rec loss: 2.216083] [LR C: 0.000000] [LR G: 0.000000]
++++++++++++++++++++++++++++++++
++++++++++++++++++++++++++++++++
[Epoch 113/130] [Avg D loss: -27.329009] [Avg G loss: 483.335068] [Avg Rec loss: 2.772012]
[Epoch 113/130] [D Val loss: 5.778015] [G loss: 358.798605] [Rec loss: 2.212719] [LR C: 0.000000] [LR G: 0.000000]
++++++++++++++++++++++++++++++++
++++++++++++++++++++++++++++++++
[Epoch 114/130] [Avg D loss: -27.386113] [Avg G loss: 495.780974] [Avg Rec loss: 2.842656]
[Epoch 114/130] [D Val loss: 6.080239] [G loss: 359.160345] [Rec loss: 2.213039] [LR C: 0.000000] [LR G: 0.000000]
++++++++++++++++++++++++++++++++
++++++++++++++++++++++++++++++++
[Epoch 115/130] [Avg D loss: -27.315452] [Avg G loss: 487.803938] [Avg Rec loss: 2.798304]
[Epoch 115/130] [D Val loss: 6.304664] [G loss: 360.321625] [Rec loss: 2.223715] [LR C: 0.000000] [LR G: 0.000000]
++++++++++++++++++++++++++++++++
++++++++++++++++++++++++++++++++
[Epoch 116/130] [Avg D loss: -27.331660] [Avg G loss: 493.353382] [Avg Rec loss: 2.822948]
[Epoch 116/130] [D Val loss: 6.128716] [G loss: 359.866982] [Rec loss: 2.222889] [LR C: 0.000000] [LR G: 0.000000]
++++++++++++++++++++++++++++++++
++++++++++++++++++++++++++++++++
[Epoch 117/130] [Avg D loss: -27.347132] [Avg G loss: 508.266668] [Avg Rec loss: 2.913383]
[Epoch 117/130] [D Val loss: 5.996185] [G loss: 358.638278] [Rec loss: 2.216136] [LR C: 0.000000] [LR G: 0.000000]
++++++++++++++++++++++++++++++++
++++++++++++++++++++++++++++++++
[Epoch 118/130] [Avg D loss: -27.465328] [Avg G loss: 483.416798] [Avg Rec loss: 2.772010]
[Epoch 118/130] [D Val loss: 5.645053] [G loss: 358.413576] [Rec loss: 2.212738] [LR C: 0.000000] [LR G: 0.000000]
++++++++++++++++++++++++++++++++
++++++++++++++++++++++++++++++++
[Epoch 119/130] [Avg D loss: -27.367870] [Avg G loss: 495.696917] [Avg Rec loss: 2.842629]
[Epoch 119/130] [D Val loss: 6.147628] [G loss: 358.182548] [Rec loss: 2.213060] [LR C: 0.000000] [LR G: 0.000000]
++++++++++++++++++++++++++++++++
++++++++++++++++++++++++++++++++
[Epoch 120/130] [Avg D loss: -27.312493] [Avg G loss: 487.829871] [Avg Rec loss: 2.798382]
[Epoch 120/130] [D Val loss: 6.524717] [G loss: 360.471277] [Rec loss: 2.223739] [LR C: 0.000000] [LR G: 0.000000]
++++++++++++++++++++++++++++++++
++++++++++++++++++++++++++++++++
[Epoch 121/130] [Avg D loss: -27.326576] [Avg G loss: 493.413530] [Avg Rec loss: 2.823116]
[Epoch 121/130] [D Val loss: 6.071289] [G loss: 360.572540] [Rec loss: 2.222963] [LR C: 0.000000] [LR G: 0.000000]
++++++++++++++++++++++++++++++++
++++++++++++++++++++++++++++++++
[Epoch 122/130] [Avg D loss: -27.364322] [Avg G loss: 508.300850] [Avg Rec loss: 2.913522]
[Epoch 122/130] [D Val loss: 6.073494] [G loss: 358.856914] [Rec loss: 2.216170] [LR C: 0.000000] [LR G: 0.000000]
++++++++++++++++++++++++++++++++
++++++++++++++++++++++++++++++++
[Epoch 123/130] [Avg D loss: -27.462950] [Avg G loss: 483.381411] [Avg Rec loss: 2.771974]
[Epoch 123/130] [D Val loss: 5.801942] [G loss: 359.650069] [Rec loss: 2.212747] [LR C: 0.000000] [LR G: 0.000000]
++++++++++++++++++++++++++++++++
++++++++++++++++++++++++++++++++
[Epoch 124/130] [Avg D loss: -27.350920] [Avg G loss: 495.806936] [Avg Rec loss: 2.842560]
[Epoch 124/130] [D Val loss: 6.164931] [G loss: 358.336395] [Rec loss: 2.213059] [LR C: 0.000000] [LR G: 0.000000]
++++++++++++++++++++++++++++++++
++++++++++++++++++++++++++++++++
[Epoch 125/130] [Avg D loss: -27.426205] [Avg G loss: 487.788283] [Avg Rec loss: 2.798413]
[Epoch 125/130] [D Val loss: 6.464014] [G loss: 360.462355] [Rec loss: 2.223766] [LR C: 0.000000] [LR G: 0.000000]
++++++++++++++++++++++++++++++++
++++++++++++++++++++++++++++++++
[Epoch 126/130] [Avg D loss: -27.385985] [Avg G loss: 493.351812] [Avg Rec loss: 2.823242]
[Epoch 126/130] [D Val loss: 6.226873] [G loss: 360.443359] [Rec loss: 2.222966] [LR C: 0.000000] [LR G: 0.000000]
++++++++++++++++++++++++++++++++
++++++++++++++++++++++++++++++++
[Epoch 127/130] [Avg D loss: -27.364332] [Avg G loss: 508.319037] [Avg Rec loss: 2.913595]
[Epoch 127/130] [D Val loss: 5.991003] [G loss: 359.082954] [Rec loss: 2.216199] [LR C: 0.000000] [LR G: 0.000000]
++++++++++++++++++++++++++++++++
++++++++++++++++++++++++++++++++
[Epoch 128/130] [Avg D loss: -27.491525] [Avg G loss: 483.327895] [Avg Rec loss: 2.771885]
[Epoch 128/130] [D Val loss: 6.152758] [G loss: 357.990443] [Rec loss: 2.212748] [LR C: 0.000000] [LR G: 0.000000]
++++++++++++++++++++++++++++++++
++++++++++++++++++++++++++++++++
[Epoch 129/130] [Avg D loss: -27.433723] [Avg G loss: 495.678650] [Avg Rec loss: 2.842497]
[Epoch 129/130] [D Val loss: 5.896250] [G loss: 359.496713] [Rec loss: 2.213075] [LR C: 0.000000] [LR G: 0.000000]
++++++++++++++++++++++++++++++++
++++++++++++++++++++++++++++++++
[Epoch 130/130] [Avg D loss: -27.464932] [Avg G loss: 487.840275] [Avg Rec loss: 2.798441]
[Epoch 130/130] [D Val loss: 6.231096] [G loss: 360.340704] [Rec loss: 2.223777] [LR C: 0.000000] [LR G: 0.000000]
++++++++++++++++++++++++++++++++
wandb: Waiting for W&B process to finish... (success).
wandb: - 0.000 MB of 0.000 MB uploaded (0.000 MB deduped)
wandb: \ 0.000 MB of 0.000 MB uploaded (0.000 MB deduped)
wandb:                                                                                
wandb: You can sync this run to the cloud by running:
wandb: wandb sync /cpfs01/projects-HDD/cfff-4a8d9af84f66_HDD/public/ShiXiSheng/yzy/yzy_results/ex31_onestepwgan_cri5_181_025_weightmae_aheadtop_0.008_130epoch/wandb/offline-run-20241117_060250-etcfqehkwgan
wandb: Find logs at: ./yzy_results/ex31_onestepwgan_cri5_181_025_weightmae_aheadtop_0.008_130epoch/wandb/offline-run-20241117_060250-etcfqehkwgan/logs
